Name,Number,Category,Keywords,Description
Juno,3,Major Asteroid,Marriage commitment legal bonds spousal qualities,Represents marriage partnerships and what you need in relationships to commit. Shows spousal qualities and legal ties. Associated with loyalty and the marriage partner.
Eros,433,Asteroid,Erotic love sexual desire passion transformation,Rules sex and sexual desire. Shows what turns you on and your approach to sexual relationships. Can indicate sexual objectification and creative passion.
Psyche,16,Asteroid,Soul love telepathy intuition unconscious,Represents the soul and psychic connection. Soulmate indicator especially with Eros. Shows telepathy intuition and soul seeking completion.
Amor,1221,Asteroid,Compassion empathy loving kindness,Represents potential for intimacy and whether love is conditional or not. Shows the path to self-love with help from another.
Aphrodite,1388,Asteroid,Love beauty fertility sexual connection,Goddess of love and fertility. Shows how connected you are with spouse and how you are in love. Can also indicate beauty and artistic inspiration.
Valentine,447,Asteroid,Pure love sacrifice unconditional,Represents sacrificial pure love. The kind where you'd take a bullet for someone. Shows how you act when first having a crush.
Cupido,763,Asteroid,Infatuation attraction flirtation,Asteroid of crushes and instant attraction. Shows pursuit of romance and initial courting period. Can be highly sexual and vain.
Sappho,80,Asteroid,Poetry artistic expression sexuality authenticity,Named after the poet of Lesbos. Represents same-sex attraction flirtation artistic sensitivity and being true to your sexual self.
Union,1585,Asteroid,Marriage connection unity,Represents desire to marry and create connection. Shows wanting to unite with another.
Karma,3811,Asteroid,Karmic connections past life patterns,Shows karmic relationships and past life connections. Indicates natural understanding between people.
Adonis,2101,Asteroid,Physical attraction beauty magnetism,Represents sexual attraction passion and aesthetic beauty. Strong interaction with relationship planets shows extreme attractiveness.
Ganymed,1036,Asteroid,Friendship freedom independence,Represents friendship and freedom in love. Shows preserving individual space while building relationships on friendship foundation.
Hera,103,Asteroid,Marriage jealousy commitment spouse,Greek version of Juno. Shows marriage dynamics and can be reactive and jealous especially in crisis.
Kama,1387,Asteroid,Lust sexuality taboo desires,Shows how you value sex sexual nature and taboo topics. Can indicate kinks and desires during sex.
Lust,4386,Asteroid,Sexual awakening intense desire,Similar to Eros but stronger want. Represents great sexual awakening and uncontrollable need for sex.
Priapus,h22,Sensitive Point,Phallic energy physical attraction merging,Represents overwhelming need to merge sexually. Shows where someone wants to merge with you. Paired naturally with Black Moon Lilith.
Lilith (Asteroid),1181,Asteroid,Equality rage demonized feminine sexuality,Issues of equality in relationships and suppressed rage. Represents reclaiming the dark goddess and embodied sexuality.
Black Moon Lilith,h13/h21,Sensitive Point,Magic tantric sex psychic kundalini,Represents creative force tantric sex psychic ability kundalini and animal magnetism. Associated with shamanism and transmutation.
Dark Moon Lilith,h58,Sensitive Point,Shadow sadomasochism emotional pain,Anti-mother energy. Connected to sadomasochism emotional pain and the shadow. Can indicate vengeance and madness.
Vesta,4,Major Asteroid,Sacred sex devotion ritual tantric,The virgin goddess. Represents devotion to serving ritualistic practice sacred flame and tantric sex. Shows spiritual transformation through sex.
Ceres,1,Dwarf Planet,Unconditional love nurturing mothering,Represents unconditional mother love and what you need to feel nurtured. Shows selfless love and caring nature.
Pallas,2,Major Asteroid,Wisdom strategy creative intelligence communication,Goddess of wisdom and strategic thinking. Shows pattern recognition creative problem-solving and communication skills. Linked to writing teaching and diplomacy.
Chiron,2060,Centaur,Wounded healer transformation teaching,The wounded healer. Represents where you have constant burden that becomes wisdom. Shows capacity to help others through your wounds.
Nessus,7066,Centaur,Abuse betrayal karma patterns,Represents karmic patterns around abuse and betrayal. Shows where healing from victimization is needed.
Pholus,5145,Centaur,Small cause big effect turning points,Represents small cause big effect. Shows life-changing relationship turning points and catalytic events.
Dejanira,157,Asteroid,Victimization betrayal codependency,Paired with Nessus. Shows patterns of victimization and where one may stay in harmful situations.
Anteros,1943,Asteroid,Reciprocated love returned affection,Shows where love should and will be reciprocated. Represents mutual affection and balanced exchange.
Destinn,6583,Asteroid,Fate destiny soul agreements,Represents destiny and fated connections. Shows soul agreements and predestined meetings.
Vertex,N/A,Sensitive Point,Fated encounters destiny points,Represents fated encounters and karmic meetings. Not a body but a calculated point of destiny.
North Node,N/A,Sensitive Point,Life purpose soul growth destiny,Represents soul growth direction and life purpose. Shows what you're moving toward karmically.
South Node,N/A,Sensitive Point,Past life karma comfort zone,Represents past life skills and karmic patterns. Shows what you're releasing in this lifetime.
Kaali,4227,Asteroid,Kundalini dark goddess tantric shakti,Universal Mother kundalini energy. Represents primal kundalini activation transmutation and tantric enchantress energy.
Shiva,1170,Asteroid,Sacred masculine tantric transformation,Represents sacred masculine essence. Connected to tantra transformation and the phallic god.
Shakti,4230,Asteroid,Sacred feminine kundalini goddess power,Goddess kundalini shakti. Represents primal feminine power serpent wisdom and transformative healing.
Isis,42,Asteroid,Magic healing devotion resurrection,Egyptian goddess of magic and healing. Represents devotion transformative love and resurrection themes.
Osiris,1923,Asteroid,Death rebirth transformation cycles,Paired with Isis. Represents death rebirth transformation and eternal cycles.
Pandora,55,Asteroid,Curiosity forbidden knowledge revelation,Represents curiosity that leads to revelation. Can show where opening forbidden doors brings consequences.
Persephone,399,Asteroid,Transformation underworld seasons,Represents descent into underworld and seasonal transformation. Shows themes of abduction initiation and return.
Medea,212,Asteroid,Betrayal revenge passion transformation,Represents intense passion that can turn to revenge. Shows extremes in love and relationship betrayals.
Circe,34,Asteroid,Enchantment transformation seduction magic,Sorceress who transforms. Represents enchantment seduction magical transformation and animal nature.
Medusa,149,Asteroid,Victimization rage transformation beauty,Represents being victimized then transforming rage. Shows beauty that threatens and protective anger.
Narcissus,37117,Asteroid,Self-love vanity reflection,Represents self-love that can become narcissism. Shows need for admiration and self-reflection themes.
Echo,60,Asteroid,Longing unrequited love mirroring,Represents unrequited love and longing. Shows tendency to mirror others and lose own voice.
Orpheus,3361,Asteroid,Devotion loss artistic expression grief,Represents devotion through loss. Connected to music poetry and the journey to underworld for love.
Eurydike,75,Asteroid,Lost love fate surrender,Paired with Orpheus. Represents lost love and surrendering to fate.
Alma,390,Asteroid,Upbeat love heart expansion cosmic connection,Represents upbeat outlook on love and desire to expand heart. Shows cosmic connections when touching partner's planets.
Briede,19029,Asteroid,Wife feminine partnership female spouse,Represents future wife for those attracted to women. Shows wife's personality and traits.
Groom,5129,Asteroid,Husband masculine partnership male spouse,Represents future spouse for those attracted to men. Shows husband's personality and traits especially in persona chart.
King,2305,Asteroid,Masculine authority sovereignty leadership,Represents masculine power and authority. Paired with Queen asteroid for power dynamics.
Queen,5457,Asteroid,Feminine authority sovereignty leadership,Represents feminine power and royalty. Paired with King for relationship power themes.
Eve,164,Asteroid,Feminine principle creation innocence,Represents feminine creative principle. Paired with Adam for primal masculine-feminine dynamics.
Adam,6461,Asteroid,Masculine principle creation innocence,Represents masculine creative principle. Paired with Eve for original partnership dynamics.
Tristan,1966,Asteroid,Tragic love devotion sacrifice,Represents devoted love that involves sacrifice. Paired with Isolda for fated tragic romance.
Isolda,211,Asteroid,Passionate love devotion forbidden,Paired with Tristan. Represents passionate forbidden love and devotion beyond rules.
Casanova,7328,Asteroid,Seduction charm player magnetism,Represents charming seductive energy. Can indicate player behavior and sexual magnetism.
Messalina,545,Asteroid,Sexual excess promiscuity libertine,Represents extreme sexuality and promiscuity. Named after Roman empress known for sexual excess.
Yarilo,4584,Asteroid,Virility fertility sexual vitality spring,Slavic god of spring and fertility. Represents masculine sexual vitality and life force.
Bacchus,2063,Asteroid,Pleasure indulgence sensuality ecstasy,God of wine and ecstasy. Represents sensual pleasure indulgence and altered states.
Hathor,2340,Asteroid,Love joy music dance sexuality,Egyptian goddess of love and joy. Represents music dance feminine sexuality and pleasure.
Astarte,672,Asteroid,Sexual love war goddess sensuality,Phoenician love goddess. Represents sexual love sensuality and warrior goddess energy.
Ishtar,672,Asteroid,Love war fertility sacred prostitution,Babylonian goddess. Represents love war fertility and sacred prostitution themes.
Inanna,4581,Asteroid,Descent transformation sacred sexuality queen,Sumerian goddess of love and war. Represents descent initiation transformation and sacred sexuality.
Fox,16884,Asteroid,Cunning seduction trickster playfulness,Represents cunning seductive energy and trickster nature. Shows playful manipulative qualities.
Kitty,9563,Asteroid,Sensuality playfulness feline magnetism,Represents feline sensual playful energy. Associated with seductive qualities.
Nymphe,875,Asteroid,Youthful sexuality nymphomania nature spirits,Represents nymphlike sexual energy and youthful sensuality. Can indicate excessive sexuality.
Lameia,248,Asteroid,Seduction vampiric devouring sexuality,Represents devouring sexual energy. Can indicate vampiric or consuming sexual nature.
Sirene,1009,Asteroid,Seduction voice enchantment fatal attraction,Represents seductive voice and enchanting energy. Shows ability to lure and mesmerize.
Galatea,74,Asteroid,Beauty ideal love artistic creation,Represents ideal beauty and artistic creation. Shows perfect form and aesthetic love.
Kallisto,204,Asteroid,Beauty attraction transformation,Represents beauty and attraction that leads to transformation. Connected to Zeus's conquests.
Esther,622,Asteroid,Beauty courage hidden strength feminine power,Represents beauty courage and hidden feminine power. Biblical queen who saved her people.
Herodias,546,Asteroid,Seduction revenge manipulation power,Represents seductive manipulation and revenge. Connected to dance of seven veils.
Salome,562,Asteroid,Seduction dance taboo sexuality,Represents dance seduction and taboo sexuality. Biblical figure known for deadly dance.
Erato,62,Asteroid,Erotic poetry lyric muse sensual art,Muse of love poetry. Represents erotic artistic expression and sensual creativity.
Terpsichore,81,Asteroid,Dance movement rhythm artistic expression,Muse of dance. Represents movement dance rhythm and physical artistic expression.
Apollo,1862,Asteroid,Beauty art music prophecy healing,God of beauty art and music. Represents aesthetic perfection artistic skill and prophetic ability.
Euterpe,27,Asteroid,Music poetry harmony flute,Muse of music and poetry. Represents musical harmony and poetic expression.
Polyhymnia,33,Asteroid,Sacred music hymns meditation,Muse of sacred music. Represents devotional art meditation and sacred expression.
Thalia,23,Asteroid,Comedy joy celebration humor,Muse of comedy. Represents joy humor celebration and lighthearted expression.
Urania,30,Asteroid,Astronomy cosmos universal love,Muse of astronomy. Represents cosmic love universal connection and celestial wisdom.
Melpomene,18,Asteroid,Tragedy catharsis deep emotion,Muse of tragedy. Represents deep emotional expression catharsis and dramatic art.
Calliope,22,Asteroid,Epic poetry eloquence voice,Chief muse of epic poetry. Represents eloquence powerful voice and heroic expression.
Clio,84,Asteroid,History memory recording expression,Muse of history. Represents memory recording events and historical perspective.
Arachne,407,Asteroid,Weaving craftsmanship competition pride,Represents weaving and craftsmanship. Shows competitive artistic nature and pride in skill.
Philomela,196,Asteroid,Silenced voice artistic expression trauma,Represents voice silenced then transformed to art. Shows healing through creative expression after trauma.
Ariadne,43,Asteroid,Guiding thread wisdom betrayal divine union,Represents guiding wisdom through darkness. Shows betrayal followed by divine union.
Thereus,32532,Centaur,Healing guidance shamanic wisdom,Centaur representing healing guidance. Connected to shamanic practices and wise counsel.
Hygiea,10,Asteroid,Health healing wellness medicine,Goddess of health. Represents health practices healing and integration into medical astrology.
Aesculapia,1027,Asteroid,Healing medicine shaman mystic wellness,God of medicine. Represents healing wholeness and alternative medicine practices.
Sophia,251,Asteroid,Wisdom divine knowledge spiritual truth,Represents divine wisdom spiritual knowledge and sacred truth. Gnostic goddess of wisdom.
Asteria,658,Asteroid,Magic oracles stars prophecy dreams,Represents magic oracles starlight and vivid dreams. Connected to prophecy and astrology.
Sibyl,168,Asteroid,Prophecy oracle foresight divine messages,Represents prophetess with gift of foresight. Shows oracles divine messages and foretelling.
Hekate,100,Asteroid,Triple goddess witchcraft crossroads magic,Triple goddess of magic witchcraft and crossroads. Represents keys opening doors and mediumship.
Diana,78,Asteroid,Moon goddess independence wild nature,Represents lunar energy wild nature and feminine independence. Connected to hunting and wilderness.
Selene,580,Asteroid,Moon cycles feminine mysticism night,Moon goddess. Represents lunar cycles feminine mysteries and night magic.
Luna,N/A,Celestial Body,Emotions intuition cycles subconscious,The Moon itself. Represents emotions intuition cycles and subconscious patterns.
Hermes,69230,Asteroid,Communication messenger magic trickster,Messenger god. Represents communication magic crossroads and mercurial nature.
Mercury,N/A,Planet,Communication intellect thought expression,Ruling planet of communication. Represents thinking learning speaking and mental processes.
Ascendant,N/A,Sensitive Point,Identity self-expression mask persona,Rising sign. Represents how you present yourself and your approach to life.
Descendant,N/A,Sensitive Point,Partnerships others relationships projection,Opposite ascendant. Represents relationships partnerships and what you seek in others.
Midheaven,N/A,Sensitive Point,Career public image destiny calling,MC. Represents career public reputation and life calling.
IC,N/A,Sensitive Point,Home roots family foundation,Imum Coeli. Represents home roots family and inner foundation.
Part of Fortune,N/A,Arabic Part,Luck joy manifestation gifts,Calculated point. Represents where joy luck and natural gifts manifest.
Part of Spirit,N/A,Arabic Part,Purpose calling soul mission,Calculated point. Represents spiritual purpose and soul calling.
Sedna,90377,TNO/Dwarf Planet,Victimization betrayal exile patience,Scattered disk object. Represents feeling betrayed or deceived by false promises. Shows patience and long-suffering.
Eris,136199,Dwarf Planet,Discord exclusion chaos revelation,Dwarf planet. Represents feeling left out or excluded. Shows need to create own circle and reveal discord.
Makemake,136472,Dwarf Planet,Creation manifestation resources ecology,Dwarf planet. Represents creator energy and ability to manifest reality through mind. Connected to environmental themes.
Haumea,136108,Dwarf Planet,Creation fertility childbirth transformation,Dwarf planet. Represents creation childbirth and transformative energy. Shows ability to create and fix things.
Gonggong,225088,TNO,Compassion sensitivity destruction transformation,TNO/Potential dwarf planet. Represents compassionate sensitive energy but also destructive transformation when necessary.
Quaoar,50000,TNO,Creation dance playfulness manifestation,TNO/Potential dwarf planet. Represents dancing creation and playful manifestation. Connected to performance arts.
Orcus,90482,TNO,Oaths promises underworld consequences,TNO/Potential dwarf planet. Represents keeping oaths and promises. Connected to consequences and underworld themes.
Varuna,20000,TNO,Creation cosmic order truth,TNO. Represents cosmic order creation and truth. Shows ability to manifest through universal law.
Ixion,28978,TNO,Lawlessness hubris consequences,TNO. Represents consequences of lawlessness and hubris. Shows where pride leads to downfall.
Chaos,19521,TNO,Primordial void potential beginnings,TNO. Represents primordial chaos and infinite potential. Shows formless creative void.
Cupido,N/A,Uranian Planet,Marriage family art society groups,Uranian hypothetical planet. Represents marriage family partnerships and artistic societies. Shows togetherness.
Hades,N/A,Uranian Planet,Occult depth antiquity secrets past lives,Uranian hypothetical planet. Represents occult depth antiquity and what's deeply buried. Shows past life connections.
Zeus,N/A,Uranian Planet,Creative fire leadership controlled energy,Uranian hypothetical planet. Represents controlled directed energy creative fire and leadership.
Kronos,N/A,Uranian Planet,Authority mastery expertise tradition,Uranian hypothetical planet. Represents authority expertise mastery and traditional structures.
Apollon,N/A,Uranian Planet,Science expansion success multiplication,Uranian hypothetical planet. Represents expansion scientific knowledge success and commerce.
Admetos,N/A,Uranian Planet,Blockage depth standstill persistence,Uranian hypothetical planet. Represents blockages standstills depth and need for persistence.
Vulcanus,N/A,Uranian Planet,Tremendous force power transformation,Uranian hypothetical planet. Represents tremendous force powerful transformation and volcanic energy.
Poseidon,N/A,Uranian Planet,Spirituality idealism transcendence,Uranian hypothetical planet. Represents spirituality enlightenment idealism and transcendent experiences.
Amanda,725,Asteroid,Sacred prostitution miracles transformation,Represents sacred prostitution and inner direction change after recognizing miracles in everyday life.
Magdalena,318,Asteroid,Divine feminine Christ consciousness devotion,Represents connection to divine feminine Christ consciousness and commitment to spiritual collective cause.
Soma,2815,Asteroid,Union opposites rebirth kundalini yin-yang,Represents union of opposing forces resulting in rebirth. Connected to kundalini and yin-yang balance.
Ambrosia,193,Asteroid,Immortality healing masculine-feminine balance,Represents immortality healing force and masculine-feminine integration. Shows ageless regenerative power.
Vibhuti,25290,Asteroid,Glory divine power sacred ash manifestation,Represents glory and power of god. Shows sacred manifestations and valuable spiritual achievements.
Reiki,5239,Asteroid,Healing energy presence transformation,Represents healing through presence and energy. Shows ability to heal wounds through being.
Spirit,37452,Asteroid,Inspiration elevation belief empowerment,Represents how someone raises you up and makes you believe in yourself more. Shows spiritual elevation.
Lyubimets,10761,Asteroid,Darling beloved cherished endearment,Russian for darling. Shows who is cherished and dear to you. Look up in synastry.
Svyaztie,37556,Asteroid,Connection tie bond relationship,Russian for connection. Represents ties and bonds between people in relationships.
Hebe,6,Asteroid,Youth eternal service renewal,Goddess of youth. Represents youthful energy serving others and renewal.
Harmonia,40,Asteroid,Harmony balance peace unity,Represents harmony peace and balanced unity. Shows where things flow smoothly.
Concordia,58,Asteroid,Agreement peace harmony cooperation,Represents peaceful agreement cooperation and harmonious relationships.
Pax,679,Asteroid,Peace tranquility calm resolution,Roman goddess of peace. Represents tranquil peaceful energy and conflict resolution.
Fortuna,19,Asteroid,Fortune luck destiny fate,Represents fortune luck and beneficial fate. Shows where good fortune manifests.
Tyche,258,Asteroid,Chance randomness luck fortune,Greek version of fortune. Represents chance luck and random good fortune.
Nemesis,128,Asteroid,Divine retribution karma justice balance,Represents divine retribution and karmic justice. Shows where balance must be restored.
Ate,111,Asteroid,Ruin folly recklessness consequences,Represents ruin through folly and recklessness. Shows consequences of poor judgment.
Hybris,430,Asteroid,Pride arrogance downfall,Represents excessive pride and arrogance leading to downfall. Shows where humility is needed.
Icarus,1566,Asteroid,Ambition risk downfall overreach,Represents ambitious overreach and risky behavior leading to downfall. Shows where caution is needed.
Daedalus,1864,Asteroid,Craftsmanship invention ingenuity escape,Represents masterful craftsmanship invention and ingenious solutions. Shows creative engineering.
Pandion,4894,Asteroid,Family loyalty transformation betrayal,Represents family bonds loyalty and transformations through betrayal.
Asbolus,8405,Centaur,Prophecy divination intuition far-seeing,Centaur. Represents prophetic ability divination and intuitive foresight.
Chariklo,10199,Centaur,Healing compassion support nurturer,Largest centaur. Represents healing support compassion and nurturing presence.
Elatus,31824,Centaur,Penetrating insight revelation,Centaur. Represents penetrating insight that reveals hidden truths.
Hylonome,10370,Centaur,Grief devotion suicide loss,Centaur. Represents profound grief devotion unto death and loss.
Okyrhoe,52872,Centaur,Prophecy transformation fate,Centaur. Represents prophetic ability and transformation through speaking truth.
Amycus,55576,Centaur,Aggression combat challenge conflict,Centaur. Represents aggressive challenging energy and combat.
Crantor,83982,Centaur,Grief mourning loss healing,Centaur. Represents processing grief mourning and healing from loss.
Echeclus,60558,Centaur,Transformation duality bridging worlds,Centaur. Represents bridging worlds transformation and dual nature.
Bienor,54598,Centaur,Balance warrior healer duality,Centaur. Represents balance between warrior and healer energies.
Pelion,49036,Centaur,Teaching wisdom grounding,Centaur. Represents teaching wisdom and grounding energy.
Cyllarus,52975,Centaur,Love devotion partnership,Centaur. Represents devoted love and partnership unto death.
Transpluto,N/A,Hypothetical,Perfectionism letting go transformation,Hypothetical trans-Neptunian planet. Represents perfectionism and need to release control.
White Moon Selena,h56,Sensitive Point,Light karma grace guardian angel blessings,Represents accumulated good karma light divine grace and guardian angel protection. Shows where you receive spiritual blessings and act as conduit of light. Opposite of Black Moon Lilith.
DNA,55555,Asteroid,Soul contract genetic bond deep transformation,Represents soul contracts and deep transformative bonds in relationships. Strong indicator of fated connections when conjunct angles or personal planets in synastry.
Boda,1487,Asteroid,Wedding ceremony marriage celebration,Spanish for wedding. Represents the wedding ceremony itself and marriage celebration. Important in synastry for marriage timing and commitment.
Prey,6157,Asteroid,Victimization vulnerability predation,Represents where you may be vulnerable to predation or victimization. Shows predator-prey dynamics in relationships.
Bilk,4425,Asteroid,Financial manipulation using others,Represents using others for financial gain. Common in charts of con artists. In synastry shows potential for financial manipulation.
Lie,26955,Asteroid,Deception dishonesty falsehood,Represents deception and dishonesty. Shows where lies and false narratives may occur in relationships.
Deprez,9795,Asteroid,Depression melancholy darkness shadow,Represents depression and melancholic states. Shadow work indicator for processing darkness.
Sado,118230,Asteroid,Sadism pain dominance control,Represents sadistic tendencies and deriving pleasure from others' pain. Important to check in synastry for power dynamics.
Telephus,5264,Asteroid,Healing wounds ancestral trauma,Represents healing wounds especially ancestral and generational trauma. Connected to finding cure for suffering.
Cadmus,7092,Asteroid,Foundation legacy transformation serpent,Represents founding legacy and serpent wisdom. Connected to transformation through dragon/serpent energy.
Theseus,4786,Asteroid,Hero journey conquest rescue,Represents hero's journey conquest and rescue themes. Paired with Ariadne for relationship dynamics.
Molpadia,90,Asteroid,Tragedy accident unintended consequences,Amazon who accidentally killed Antiope. Represents unintended tragic consequences in relationships.
Antiope,90,Asteroid,Marriage outsider warrior feminine,Amazon who married. Represents marrying outside your tribe and warrior feminine in committed relationships.
Zeus,5731,Asteroid,Authority power marriage fidelity issues,King of gods. Represents authority power and often infidelity issues. Paired with Hera asteroid.
Jupiter,N/A,Planet,Expansion luck abundance marriage blessing,Great benefic. Represents expansion luck abundance and marriage blessings. Traditional marriage significator.
Akhenaten,326290,Asteroid,Revolution transformation religious change,Egyptian pharaoh who revolutionized religion. Represents radical transformation and devotion to singular vision.
Echnaton,4415,Asteroid,Devotion singular focus transformation,Alternative name for Akhenaten. Represents devoted focus and transformative change.
Ask,4894,Asteroid,First man creation partnership,Norse first man created from ash tree. Paired with Embla for primordial partnership.
Embla,4895,Asteroid,First woman creation partnership,Norse first woman created from elm tree. Paired with Ask for primordial partnership.
Helena,101,Asteroid,Beauty desire war catalyst,Helen of Troy. Represents beauty that launches ships and relationships that cause upheaval.
Paris,3317,Asteroid,Choice judgment romantic pursuit,Paris of Troy. Represents fateful choices in love and judgment of beauty. Paired with Helena.
Menelaus,1647,Asteroid,Betrayal cuckolding loss loyalty,Betrayed husband of Helen. Represents betrayal in marriage and loyalty despite loss.
Rhea,577,Asteroid,Great mother nurturing cycles,Mother of gods. Represents great mother energy and nurturing through cycles.
Gaea,1184,Asteroid,Earth mother primal creation grounding,Mother Earth. Represents primal earth mother creative power and grounding force.
Salacia,120347,Asteroid,Ocean depths hidden waters emotion,Neptune's wife. Represents hidden emotional depths and oceanic consciousness.
Nephlele,431,Asteroid,Cloud illusion substitute deception,Cloud nymph made to look like Hera. Represents illusion substitution and being deceived by appearances.
Jason,6063,Asteroid,Quest hero betrayal abandonment,Hero who betrayed Medea. Represents questing hero energy and betrayal of sacred bonds.
Sado,118230,Asteroid,Sadism pain control dominance,Represents sadistic pleasure and control through pain. Important shadow work indicator.
Lucifer,1930,Asteroid,Light bearer pride fall rebellion,Light bearer. Represents pride rebellion and the fall from grace. Also morning star Venus energy.
Aura,1488,Asteroid,Energy field presence atmosphere,Represents auric field personal atmosphere and energetic presence.
Ptah,5011,Asteroid,Beautiful face creation craftsmanship,Egyptian creator god. Represents beautiful face creative power and master craftsmanship.
Nadherna,5089,Asteroid,Beauty grace elegance,Czech for beautiful. Represents refined beauty and elegant grace.
Dainty,9758,Asteroid,Delicacy refinement petite beauty,Represents delicate refined beauty and precious quality.
Sweet,11727,Asteroid,Sweetness kindness gentle nature,Represents sweet disposition kindness and gentle loving nature.
Glo,3267,Asteroid,Radiance shine magnetism fame,Represents glow radiance and magnetic shine. Shows where you naturally attract attention.
Aglaja,47,Asteroid,Splendor brilliance radiant beauty,One of three Graces. Represents splendor brilliant beauty and radiant charm.
Bella,695,Asteroid,Beauty attractiveness loveliness,Italian for beautiful. Represents classic beauty and attractive qualities.
Charis,627,Asteroid,Grace charm charisma,Represents grace charm and natural charisma. One of the Graces.
Sassi,7500,Asteroid,Stone earth grounding stability,Represents grounded earthy stable energy and foundation.
Geisha,1047,Asteroid,Art entertainment refinement service,Represents refined entertainment artistic service and cultivated beauty.
Candy,3015,Asteroid,Sweetness indulgence pleasure temptation,Represents sweet indulgence pleasurable temptation and desire for treats.
Indulgentia,90703,Asteroid,Overindulgence excess permissiveness,Represents overindulgence excess and where you may lack boundaries with pleasure.
Deceptionisland,110298,Asteroid,Illusion deception misleading appearances,Represents deceptive appearances illusion and being misled. Neptune-like effects.
Lyubimets,10761,Asteroid,Darling beloved cherished sweetheart,Russian for darling. Shows who is beloved and cherished. Important in synastry.
Svyaztie,37556,Asteroid,Connection tie bond relationship link,Russian for connection. Represents ties bonds and connections between people.
Abundantia,151,Asteroid,Abundance prosperity overflow,Roman goddess of abundance. Represents overflow prosperity and generous supply.
Fides,37,Asteroid,Faith trust loyalty commitment,Roman goddess of faith. Represents trust loyalty and keeping commitments.
Veritas,490,Asteroid,Truth honesty authenticity,Roman goddess of truth. Represents truth honesty and authentic expression.
Nyx,3908,Asteroid,Night darkness primordial shadow,Greek goddess of night. Represents primordial darkness shadow realm and night mysteries.
Tartarus,17796,Asteroid,Underworld punishment suffering abyss,Greek underworld prison. Represents deep suffering punishment and abyssal depths.
Tantalus,2102,Asteroid,Temptation torment unfulfilled desire,Represents eternal temptation torment and desires forever out of reach.
Sisyphus,1866,Asteroid,Repetition futility endless struggle,Represents repetitive futile struggles and lessons learned through endless effort.
Prometheus,1809,Asteroid,Rebellion foresight suffering sacrifice,Represents rebellious foresight suffering for giving gifts and sacrificial vision.
Epimetheus,1810,Asteroid,Hindsight regret poor judgment,Represents hindsight regret and learning from poor judgment. Paired with Pandora.
Moira,638,Asteroid,Fate destiny inevitable patterns,Represents fate destiny and inevitable life patterns.
Lachesis,120,Asteroid,Measuring fate life span duration,One of three Fates. Measures length of life thread. Represents duration and measurement.
Clotho,97,Asteroid,Spinning fate beginning birth,One of three Fates. Spins life thread. Represents beginnings birth and initiation.
Atropos,273,Asteroid,Cutting fate death endings,One of three Fates. Cuts life thread. Represents endings death and finality.
Verdandi,33881,Asteroid,Present becoming unfolding now,Norse fate goddess of present. Represents what is becoming and unfolding now.
Skuld,1130,Asteroid,Future debt obligation destiny,Norse fate goddess of future. Represents future obligations debts and what shall be.
Urðr,167,Asteroid,Past origin source fate,Norse fate goddess of past. Represents past origins and source of fate.
Lucifer,1930,Asteroid,Pride rebellion fall from grace light,Light bearer fallen angel. Represents pride beautiful rebellion and fall from grace.
Proserpina,26,Asteroid,Abduction underworld seasons transformation,Roman Persephone. Represents abduction seasonal transformation and underworld initiation.
Pluto,N/A,Planet,Transformation death rebirth power shadow,Lord of underworld. Represents death rebirth transformation power dynamics and shadow work.
Saturn,N/A,Planet,Karma restriction time maturity commitment,Great malefic. Represents karma restrictions time commitment and mature relationship development.
Part of Marriage,N/A,Arabic Part,Marriage partner union commitment,Calculated point for marriage partner and committed unions.
Part of Passion,N/A,Arabic Part,Desire passion erotic connection,Calculated point for passionate desire and erotic connections.
Part of Love,N/A,Arabic Part,Love affection romantic fulfillment,Calculated point for love relationships and romantic fulfillment.
Imum Coeli,N/A,Angle,Home roots foundation family,IC bottom of chart. Represents home foundation roots and family dynamics.
Anti-Vertex,N/A,Sensitive Point,Free will choice self-initiation destiny,Opposite of Vertex. Represents where you exercise choice and conscious intention. Shows self-initiated action and personal agency in shaping destiny.
East Point,N/A,Sensitive Point,Auxiliary ascendant self-expression identity,Intersection of ecliptic with equator at eastern horizon. Acts as auxiliary ascendant showing alternative self-expression.
West Point,N/A,Sensitive Point,Auxiliary descendant relationships projection,Opposite of East Point. Acts as auxiliary descendant showing alternative relationship patterns and projections.
Zenith,N/A,Sensitive Point,Highest point aspiration elevation,Directly overhead point. Represents highest aspirations and elevation of consciousness.
Nadir,N/A,Sensitive Point,Lowest point foundation depths,Directly below. Represents deepest foundations and unconscious depths.
Equatorial Ascendant,N/A,Sensitive Point,Identity expression alternative rising,Alternative to Ascendant based on equator. Shows additional layer of identity and self-expression.
Aries Point,N/A,Sensitive Point,Public recognition fame world stage,0 degrees Aries. Represents public recognition fame and stepping onto world stage.
Albion,15760,TNO,First discovery new beginnings pioneering,First TNO discovered after Pluto in 1992. Represents new discoveries pioneering and being first into unknown territory.
Salacia,120347,TNO,Hidden depths ocean consciousness partnership,Neptune's partner. Represents hidden emotional depths oceanic consciousness and deep partnership bonds.
Logos,58534,TNO,Divine word creation manifestation reason,Represents divine word creative logos and manifestation through reason and speech.
Zoe,214,Asteroid,Life vitality living essence,Represents life force vitality and the living essence of being.
Typhon,42355,Centaur,Chaos destruction primal force,Represents chaotic destructive primal forces and volcanic eruptions of energy.
Huya,38628,TNO,Shamanistic rain spiritual transformation,Represents shamanic practices rain magic and spiritual transformation.
Rhadamanthus,38083,TNO,Justice judgment afterlife ethics,Represents divine justice judgment of souls and ethical standards.
Deucalion,53311,TNO,Survival renewal after catastrophe,Represents survival after catastrophe renewal and rebuilding after destruction.
Lempo,47171,TNO,Evil mischief trickery deception,Represents evil mischief trickery and deceptive behaviors.
Dziewanna,471143,TNO,Wild nature virgin goddess independence,Slavic goddess. Represents wild untamed nature virgin independence and feminine power.
Varda,174567,TNO,Exaltation sublime love devotion,Represents exalted sublime love deep devotion and ethereal beauty.
Mnemosyne,57,Asteroid,Memory remembrance mother of muses,Goddess of memory. Represents remembrance collective memory and mother of creative inspiration.
Melete,56,Asteroid,Thought meditation practice contemplation,One of Boeotian Muses. Represents deep thought meditation contemplation and practice of skills.
Musa,600,Asteroid,Muse inspiration creative gifts,Represents being a muse to others and receiving inspiration. Shows natural grace beauty and artistic talents.
Poesia,946,Asteroid,Poetry poetic expression verse,Spanish for poetry. Represents poetic expression verse writing and lyrical gifts.
Cantor,16246,Asteroid,Singing voice vocal expression,Represents singing abilities vocal talent and musical voice.
Singer,10698,Asteroid,Vocal talent singing style performance,Represents singing talent vocal style and performance abilities.
Piani,10573,Asteroid,Piano musical instrument mastery,Represents piano playing musical instrument talent and keyboard mastery.
Cook,3061,Asteroid,Culinary arts cooking nourishment,Represents cooking abilities culinary arts and nourishment through food.
Pintar,33103,Asteroid,Painting visual arts color,Spanish for painting. Represents painting abilities visual arts and working with color.
Biblialexa,51895,Asteroid,Reading writing books literature,Represents love of reading writing books and literary pursuits.
Photographica,443,Asteroid,Photography visual capture imaging,Represents photography visual arts image capture and photographic talent.
Orpheus,3361,Asteroid,Music poetry devotion underworld journey,Legendary musician. Represents musical genius poetic gifts devotion and journey to underworld for love.
Anahita,270,Asteroid,Creative healing therapeutic arts,Persian goddess. Represents creative and therapeutic talents healing through art.
Makhaon,3063,Asteroid,Healing medicine surgery health,Represents healing abilities medical talent surgical skill and health practices.
Arrokoth,486958,TNO,Astrology astronomy cosmic connection,Represents talent for astrology astronomy and connection to cosmos. Interest in sky and celestial bodies.
Godiva,3018,Asteroid,Naked truth vulnerability courage display,Represents naked truth vulnerability courageous self-display and breaking taboos.
Charis,627,Asteroid,Grace charm charisma beauty,One of the Graces. Represents grace charm natural charisma and graceful beauty.
Aglaja,47,Asteroid,Splendor brilliance radiant beauty adornment,One of three Graces. Represents splendor brilliant beauty radiant charm and adornment.
Euphrosyne,31,Asteroid,Joy mirth cheerfulness delight,One of three Graces. Represents joy mirth cheerfulness and delightful nature.
Aegle,96,Asteroid,Radiance light health vitality,Represents radiance light healthy glow and vital energy.
Kleio,84,Asteroid,History fame celebration recording,Alternative spelling of Clio. Muse of history fame and recording events for posterity.
Kalliope,22,Asteroid,Epic poetry eloquence chief muse,Alternative spelling of Calliope. Chief muse of epic poetry eloquence and heroic expression.
Polymnia,33,Asteroid,Sacred hymns eloquence pantomime,Alternative spelling of Polyhymnia. Represents sacred music hymns eloquence and pantomime.
Melusina,373,Asteroid,Water spirit transformation dual nature,Represents water spirit transformation dual nature and shapeshifting.
Parthenope,11,Asteroid,Siren voice enchantment fatal attraction,Siren who used voice to enchant. Represents enchanting voice seductive sound and fatal attractions.
Luscinia,713,Asteroid,Nightingale beautiful voice song,Represents nightingale-like beautiful singing voice and melodious expression.
Photographica,443,Asteroid,Photography imaging visual capture,Represents photographic talent visual imaging and capturing moments.
Daedalus,1864,Asteroid,Invention craftsmanship genius engineering,Master craftsman. Represents inventive genius masterful craftsmanship and ingenious engineering.
Icarus,1566,Asteroid,Ambition overreach flying too high,Represents ambitious overreach flying too high and consequences of hubris.
Transpluto,N/A,Hypothetical Planet,Perfectionism release control transformation,Hypothetical trans-Neptunian. Represents perfectionism need to release control and transformative letting go.
Vulcan,4464,Hypothetical,Hidden power forge transformation,Represents hidden power forging in fire and volcanic transformation.
Part of Spirit,N/A,Arabic Part,Purpose calling soul mission action,Complement to Part of Fortune. Represents spiritual purpose soul calling and directed action.
Part of Eros,N/A,Arabic Part,Sexual desire erotic attraction passion,Represents sexual desire erotic attraction and passionate connections.
Part of Necessity,N/A,Arabic Part,Constraint struggle submission restriction,Represents constraints struggles submissions and restrictive circumstances.
Part of Basis,N/A,Arabic Part,Foundation rank inheritance legacy,Represents foundation rank inheritance and ancestral legacy.
Part of Exaltation,N/A,Arabic Part,Rank honor achievement recognition,Represents achievement honor rank and recognition of excellence.
Part of Death,N/A,Arabic Part,Endings transformation afterlife beliefs,Represents attitude to death transformation endings and afterlife beliefs.
Part of Increase,N/A,Arabic Part,Growth expansion acquisition gain,Represents increase growth expansion and material gain.
Part of Commerce,N/A,Arabic Part,Business trade profit communication,Represents business dealings trade profit through communication.
Part of Siblings,N/A,Arabic Part,Siblings communication relationship bonds,Represents sibling relationships communication bonds and sibling-like connections.
Part of Friends,N/A,Arabic Part,Friendship allies social connections,Represents friendships where you gain allies and beneficial social connections.
Part of Treachery,N/A,Arabic Part,Betrayal deception enemies,Represents potential betrayal deception and hidden enemies.
Part of Captivity,N/A,Arabic Part,Restriction bondage attachment,Represents restriction bondage and psychological attachment.
Part of Father,N/A,Arabic Part,Father paternal authority legacy,Represents father relationship paternal influence and authority.
Part of Mother,N/A,Arabic Part,Mother maternal nurturing roots,Represents mother relationship maternal influence and nurturing.
Part of Children,N/A,Arabic Part,Children creativity offspring legacy,Represents children creative offspring and generational legacy.
Part of Astrology,N/A,Arabic Part,Astrological talent cosmic connection,Represents talent for astrology and connection to celestial wisdom.
Sun/Moon Midpoint,N/A,Midpoint,Inner cohesion identity-emotion balance unity,Represents balance between conscious identity and emotional nature. Shows inner unity and integration of will with feelings. Key indicator of personality cohesion and self-expression.
Sun/Ascendant Midpoint,N/A,Midpoint,Personal style self-expression identity projection,Represents how identity manifests outwardly. Shows personal style and conscious self-presentation to world.
Sun/Midheaven Midpoint,N/A,Midpoint,Conscious direction vocation life purpose,Represents alignment between identity and life path. Shows conscious vocational direction and public purpose.
Sun/Mercury Midpoint,N/A,Midpoint,Mental identity communication self-awareness,Represents fusion of identity with thought processes. Shows how awareness translates into communication and mental expression.
Sun/Venus Midpoint,N/A,Midpoint,Creative identity aesthetic values beauty,Represents harmony between identity and values. Shows creative self-expression and aesthetic awareness.
Sun/Mars Midpoint,N/A,Midpoint,Willpower action initiative drive,Represents alignment of will with action. Shows how identity expresses through directed energy and initiative.
Sun/Jupiter Midpoint,N/A,Midpoint,Expansion optimism growth confidence,Represents expansion of identity and optimistic self-expression. Shows growth orientation and confidence.
Sun/Saturn Midpoint,N/A,Midpoint,Discipline structure maturity responsibility,Represents structured identity and mature self-expression. Shows disciplined approach to life purpose.
Sun/Uranus Midpoint,N/A,Midpoint,Originality independence innovation awakening,Represents unique identity and independent spirit. Shows innovative self-expression and breakthrough potential.
Sun/Neptune Midpoint,N/A,Midpoint,Idealism inspiration spirituality transcendence,Represents spiritual identity and idealistic nature. Shows transcendent self-expression and inspiration.
Sun/Pluto Midpoint,N/A,Midpoint,Transformation power intensity regeneration,Represents powerful identity and transformative will. Shows depth of purpose and regenerative capacity.
Moon/Ascendant Midpoint,N/A,Midpoint,Emotional climate reactivity sensitivity persona,Represents emotional presentation and instinctive reactivity. Shows how feelings manifest in personality expression.
Moon/Midheaven Midpoint,N/A,Midpoint,Public emotion career feelings reputation,Represents emotional needs in public life. Shows how feelings influence career and reputation.
Moon/Mercury Midpoint,N/A,Midpoint,Emotional thought intuition communication,Represents connection between emotion and mind. Shows intuitive communication and emotional intelligence.
Moon/Venus Midpoint,N/A,Midpoint,Emotional harmony affection nurturing love,Represents harmony between feelings and values. Shows capacity for affection and emotional receptivity.
Moon/Mars Midpoint,N/A,Midpoint,Emotional drive instinct action feelings,Represents emotional reactivity and instinctive action. Shows how feelings translate into behavior.
Moon/Jupiter Midpoint,N/A,Midpoint,Emotional expansion optimism generosity faith,Represents expansive emotions and generous feelings. Shows faith and emotional abundance.
Moon/Saturn Midpoint,N/A,Midpoint,Emotional control maturity boundaries security,Represents emotional boundaries and mature feelings. Shows need for security and emotional structure.
Moon/Uranus Midpoint,N/A,Midpoint,Emotional freedom change intuition independence,Represents emotional independence and intuitive breakthroughs. Shows need for emotional freedom.
Moon/Neptune Midpoint,N/A,Midpoint,Emotional sensitivity psychic dreams empathy,Represents psychic sensitivity and emotional idealism. Shows empathic nature and dream life.
Moon/Pluto Midpoint,N/A,Midpoint,Emotional intensity transformation depth power,Represents deep emotions and transformative feelings. Shows emotional power and psychological depth.
Mercury/Venus Midpoint,N/A,Midpoint,Grace expression aesthetics communication charm,Represents graceful communication and aesthetic sense. Shows harmonious expression and diplomatic speech.
Mercury/Mars Midpoint,N/A,Midpoint,Sharp mind decisive speech mental energy,Represents mental sharpness and decisive communication. Shows quick thinking and direct speech.
Mercury/Jupiter Midpoint,N/A,Midpoint,Broad thinking optimistic mind philosophy,Represents expansive thinking and philosophical mind. Shows optimism in communication and learning.
Mercury/Saturn Midpoint,N/A,Midpoint,Structure discipline thought concentration,Represents disciplined thinking and structured communication. Shows mental focus and serious thought.
Mercury/Uranus Midpoint,N/A,Midpoint,Technical intuition quick ideas genius innovation,Represents brilliant thinking and innovative ideas. Shows technical intuition and mental breakthroughs.
Mercury/Neptune Midpoint,N/A,Midpoint,Imagination inspiration poetic thought intuition,Represents imaginative thinking and inspired communication. Shows poetic mind and psychic perception.
Mercury/Pluto Midpoint,N/A,Midpoint,Deep thinking penetrating mind research intensity,Represents penetrating mind and deep research ability. Shows psychological insight and transformative ideas.
Venus/Mars Midpoint,N/A,Midpoint,Emotional dynamism creative passion attraction,Represents passionate creativity and romantic attraction. Shows dynamic expression of love and desire.
Venus/Jupiter Midpoint,N/A,Midpoint,Abundance beauty generosity love expansion,Represents generous love and abundant beauty. Shows expansive affection and artistic appreciation.
Venus/Saturn Midpoint,N/A,Midpoint,Selectivity loyalty commitment endurance,Represents loyal love and committed values. Shows selective affection and enduring relationships.
Venus/Uranus Midpoint,N/A,Midpoint,Unconventional love freedom attraction uniqueness,Represents unique attractions and unconventional values. Shows need for freedom in relationships.
Venus/Neptune Midpoint,N/A,Midpoint,Inspiration idealization romantic dreams transcendence,Represents idealized love and romantic inspiration. Shows spiritual affection and artistic sensitivity.
Venus/Pluto Midpoint,N/A,Midpoint,Intense love transformation deep attraction power,Represents transformative love and intense attractions. Shows deep values and powerful desires.
Mars/Jupiter Midpoint,N/A,Midpoint,Confidence initiative enthusiasm enterprise,Represents confident action and enthusiastic initiative. Shows enterprise and adventurous drive.
Mars/Saturn Midpoint,N/A,Midpoint,Controlled effort endurance discipline persistence,Represents controlled energy and persistent effort. Shows disciplined action and endurance.
Mars/Uranus Midpoint,N/A,Midpoint,Sudden action rebellion breakthrough independence,Represents sudden breakthroughs and rebellious action. Shows independent drive and innovative energy.
Mars/Neptune Midpoint,N/A,Midpoint,Inspired action spiritual drive confusion idealism,Represents inspired action and spiritual motivation. Shows idealistic drive or confused energy.
Mars/Pluto Midpoint,N/A,Midpoint,Intensity strategy power transformation force,Represents intense drive and strategic power. Shows transformative action and concentrated force.
Jupiter/Saturn Midpoint,N/A,Midpoint,Balanced growth structured expansion wisdom maturity,Represents balanced expansion and mature growth. Shows wisdom through structure and discipline.
Jupiter/Uranus Midpoint,N/A,Midpoint,Breakthrough opportunity sudden expansion innovation,Represents sudden opportunities and breakthrough expansion. Shows innovative growth and liberation.
Jupiter/Neptune Midpoint,N/A,Midpoint,Spiritual expansion idealism faith transcendence,Represents spiritual growth and idealistic faith. Shows transcendent beliefs and inspired expansion.
Jupiter/Pluto Midpoint,N/A,Midpoint,Power ambition transformation massive growth,Represents powerful ambition and transformative growth. Shows massive expansion and regenerative success.
Saturn/Uranus Midpoint,N/A,Midpoint,Structured change breakthrough discipline innovation,Represents innovative structure and disciplined change. Shows breakthrough within limitations.
Saturn/Neptune Midpoint,N/A,Midpoint,Spiritual discipline transcendent structure sacrifice,Represents spiritual discipline and transcendent boundaries. Shows sacrifice and mystical structure.
Saturn/Pluto Midpoint,N/A,Midpoint,Deep transformation endurance profound change power,Represents profound transformation and enduring change. Shows deep restructuring and persistent power.
Uranus/Neptune Midpoint,N/A,Midpoint,Spiritual awakening transcendent innovation vision,Represents spiritual innovation and transcendent awakening. Shows visionary consciousness and mystical breakthroughs.
Uranus/Pluto Midpoint,N/A,Midpoint,Revolutionary transformation radical change upheaval,Represents revolutionary transformation and radical upheaval. Shows generational change and breakthrough power.
Neptune/Pluto Midpoint,N/A,Midpoint,Collective transformation spiritual regeneration evolution,Represents collective spiritual transformation and generational evolution. Shows deep psychic regeneration.
Ascendant/Midheaven Midpoint,N/A,Midpoint,Life direction integration persona-purpose unity,Represents integration of personal identity with life purpose. Shows unity between self and vocation.
Ascendant/Descendant Midpoint,N/A,Midpoint,Relationship axis balance self-other integration,Represents balance between self and others. Shows integration of identity with partnership needs.
Ascendant/IC Midpoint,N/A,Midpoint,Foundation identity roots personal security,Represents connection between identity and roots. Shows foundation of self and family integration.
Venus/Sun/Moon Picture,N/A,Midpoint Picture,Love relationships beauty values partnerships,When Venus aspects Sun/Moon midpoint represents love dominating relationships. Shows values central to identity and emotional life. Venus ruling 7th intensifies marriage focus.
Node/Sun/Moon Picture,N/A,Midpoint Picture,Public relationships destiny social connections,When Node aspects Sun/Moon midpoint represents public dimension of relationships. Shows destiny through partnerships and social connections.
Neptune/Sun/Moon Picture,N/A,Midpoint Picture,Idealized relationships illusion confusion spirituality,When Neptune aspects Sun/Moon midpoint represents idealization or confusion in relationships. Shows spiritual or deceptive partnerships.
Saturn/Sun/Moon Picture,N/A,Midpoint Picture,Serious relationships duty restriction maturity,When Saturn aspects Sun/Moon midpoint represents serious or restricted relationships. Shows duty responsibility and maturity in partnerships.
Saturn-Neptune/Sun/Moon Picture,N/A,Midpoint Picture,Sacrificial relationships spiritual duty dissolving,When Saturn/Neptune midpoint aspects Sun/Moon represents spiritual sacrifice in relationships. Shows dissolution of boundaries through duty or suffering.
Ascendant/Sun/Moon Picture,N/A,Midpoint Picture,Seeking limelight public relationships persona,When Ascendant aspects Sun/Moon midpoint represents strong drive for recognition. Shows open demanding relationship with world and need for attention.
Pluto/Sun/Moon Picture,N/A,Midpoint Picture,Power relationships transformation intensity control,When Pluto aspects Sun/Moon midpoint represents powerful transformative relationships. Shows control issues and deep psychological bonds.
Pluto/Venus/Uranus Picture,N/A,Midpoint Picture,Exhibitionism notoriety unusual attractions power,When Pluto aspects Venus/Uranus midpoint represents exhibitionism and notoriety. Shows unusual powerful attractions and shocking expressions.
Pluto/Mars/MC Picture,N/A,Midpoint Picture,Publicity power career intensity fame,When Pluto aspects Mars/MC midpoint represents intense public drive. Shows publicity power and career intensity.
Pluto/Mercury/Neptune Picture,N/A,Midpoint Picture,Instincts supporting power intuitive manipulation,When Pluto aspects Mercury/Neptune midpoint represents instinctual power drive. Shows intuitive manipulation and psychic persuasion.
Uranus/Mercury/MC Picture,N/A,Midpoint Picture,Making sensation great confidence breakthrough fame,When Uranus aspects Mercury/MC midpoint represents making sensation. Shows breakthrough communication and sudden fame.
Pluto/Mercury/MC Picture,N/A,Midpoint Picture,Power persuasion influential communication control,When Pluto aspects Mercury/MC midpoint represents power of persuasion. Shows influential communication and career control.
Jupiter/Mercury/Venus Picture,N/A,Midpoint Picture,Artistic achievement creative expansion success,When Jupiter aspects Mercury/Venus midpoint represents artistic achievement. Shows creative success and expansive expression.
Neptune/Moon/Mercury Picture,N/A,Midpoint Picture,Active imagination psychic ability dreams,When Neptune aspects Moon/Mercury midpoint represents active imagination. Shows psychic abilities and dreamy communication.
Ascendant/Neptune/MC Picture,N/A,Midpoint Picture,Living different realm otherworldly presence illusion,When Ascendant aspects Neptune/MC midpoint represents otherworldly presence. Shows living in different realm and idealized reputation.
Aries Point/Moon Picture,N/A,Midpoint Picture,Public prominence fame recognition worldwide,When Moon at 29 degrees aspects Aries Point represents public prominence. Shows worldwide recognition and fame.
Neptune/Mercury/Saturn Picture,N/A,Midpoint Picture,Unipolar depression melancholy structured confusion,When Neptune aspects Mercury/Saturn midpoint suggests depression signature. Shows melancholic thinking and mental fog with structure.
Saturn/Neptune/Pluto Picture,N/A,Midpoint Picture,Bipolar depression deep suffering transformation,When Saturn aspects Neptune/Pluto midpoint suggests bipolar signature. Shows deep suffering and transformative dissolution.
Pluto/Saturn/Ascendant Picture,N/A,Midpoint Picture,Depression transformation heavy burden identity,When Pluto aspects Saturn/Ascendant midpoint suggests depression tendency. Shows heavy transformative burden on identity.
Ascendant/Saturn/Pluto Picture,N/A,Midpoint Picture,Depression control transformation restriction,When Ascendant aspects Saturn/Pluto midpoint suggests depression pattern. Shows controlled transformation and restrictive power.
Jupiter/Pluto Midpoint,N/A,Midpoint Picture,Wealth power massive success abundance transformation,Jupiter/Pluto midpoint represents wealth signature. Shows massive success power and transformative abundance. Major indicator of financial fortune.
Mercury/Jupiter Midpoint,N/A,Midpoint Picture,Writing ability publishing teaching communication success,Mercury/Jupiter midpoint represents writing abilities. Shows success in communication teaching and publishing.
Neptune/Pluto/MC Picture,N/A,Midpoint Picture,Otherworldliness spiritual career transcendent reputation,When Neptune aspects Pluto/MC midpoint represents otherworldly career. Shows transcendent reputation and mystical public image.
Sun/Neptune Midpoint,N/A,Midpoint Picture,Idealism creative vision dissolution identity spirituality,Sun/Neptune midpoint represents idealism and creative vision. Shows spiritual identity or dissolution of ego.
Venus/Mars Midpoint,N/A,Midpoint Picture,Passion romance creative energy sexual attraction,Venus/Mars midpoint represents passion and romance. Shows creative sexual energy and romantic attraction.
Venus/MC Midpoint,N/A,Midpoint Picture,Public beauty career values artistic reputation,Venus/MC midpoint represents beauty in career. Shows artistic reputation and values in public life.
Aries Point Connections,N/A,Sensitive Point,Fame worldwide recognition public prominence global,0 degrees Aries cardinal points. Represents fame worldwide recognition and stepping onto global stage. Planets at 0 Cardinal signs.
90-Degree Midpoint Dial,N/A,Calculation Method,Fourth harmonic analysis midpoint sorting systematic,Systematic way to organize midpoints. Cardinal 0-29.59 Fixed 30-59.59 Mutable 60-89.59. Shows all fourth harmonic relationships at glance.
INTERPRETATION_GUIDE_PART_1,N/A,Method,Step-by-step asteroid interpretation natal chart,STEP 1 IDENTIFY PRIMARY ASTEROIDS: Start with the four major asteroids Ceres(1) Pallas(2) Juno(3) Vesta(4). Add Chiron(2060) as essential. These form foundation of asteroid work. STEP 2 FIND CONJUNCTIONS: Look for asteroids conjunct natal planets angles(ASC/DSC/MC/IC) or Nodes. Use tight orbs 0-3 degrees maximum. Conjunctions are most important and powerful connections. STEP 3 CHECK RULERSHIP: Identify sign and house ruler of asteroid. Check if ruler aspects the asteroid. Example Ceres in Libra check Venus aspects to Ceres. Ruler connection strengthens asteroid importance even without conjunction.
INTERPRETATION_GUIDE_PART_2,N/A,Method,Synthesizing asteroid meanings sign house aspects,STEP 4 SYNTHESIZE LAYERS: Combine asteroid archetype with sign expression house area ruler influence and aspects. Example Eros in Scorpio 8th house ruled by Pluto conjunct Venus equals intense transformative erotic love in intimate sphere with Venusian charm. STEP 5 ASSESS STRENGTH: Asteroid gains strength from tight conjunctions angular placement ruler aspects multiple contacts exact degrees. Weak placement requires all factors combined to matter. STEP 6 LIMIT SELECTION: Don't use every asteroid. Choose 5-10 most prominent based on steps above. Quality over quantity. Asteroids refine interpretation not replace planets.
INTERPRETATION_GUIDE_PART_3,N/A,Method,Advanced asteroid techniques transits progressions,STEP 7 TRANSITS TO ASTEROIDS: Outer planets transiting natal asteroids activate themes. Saturn transit to Juno tests commitment. Pluto transit to Psyche transforms soul connections. Use 1-degree orbs for transits. STEP 8 PROGRESSED ASTEROIDS: Secondary progressions of asteroids show evolving themes. Progressed Vesta changing signs shifts devotional focus. Progressed aspects to natal planets trigger development. STEP 9 INTEGRATE WITH CHART: Asteroids never override major chart patterns. They add nuance detail specificity. Use to fine-tune understanding like tuning instrument not rebuilding it.
SYNASTRY_GUIDE_PART_1,N/A,Method,Synastry interpretation orbs double whammies method,SYNASTRY STEP 1 ORB GUIDELINES: Conjunctions 0-3 degrees strongest 4-5 degrees moderate 6+ degrees weak. Oppositions squares trines 0-5 degrees ideal 6-8 degrees acceptable. Sextiles 0-4 degrees. Minor aspects 0-2 degrees maximum. Sun Moon get extra 1-2 degree allowance. Tighter orbs dominate relationship more than wide orbs. SYNASTRY STEP 2 IDENTIFY TIGHTEST ASPECTS: Start with 0-1 degree aspects these are most felt and constant. Then 1-3 degrees very strong. Then 3-5 degrees noticeable. Ignore aspects wider than guidelines above to avoid wishful thinking.
SYNASTRY_GUIDE_PART_2,N/A,Method,Double whammies conjunction emphasis pattern recognition,SYNASTRY STEP 3 DOUBLE WHAMMIES: When Person A planet aspects Person B planet AND Person B same planet aspects Person A same planet this creates double whammy. Example A Venus trine B Moon AND B Venus trine A Moon. These are major relationship themes that repeat and define dynamic. SYNASTRY STEP 4 CONJUNCTION RELATIONSHIPS: Abundance of conjunctions creates profound intense sameness. Partners feel like one person working same team. Strong willpower and initiative. Mirror effect. SYNASTRY STEP 5 OPPOSITION RELATIONSHIPS: Opposition emphasis creates two sides same coin. Intense as conjunctions. Focus on give-and-take compromise learning other viewpoint. Complementary differences.
SYNASTRY_GUIDE_PART_3,N/A,Method,Square relationships growth tension compatibility nuance,SYNASTRY STEP 6 SQUARE RELATIONSHIPS: Square emphasis creates struggle conflict misunderstanding but also growth. Reveals who fights for you who sees you as worth effort. Passionate dramatic rivalry. Requires mastery of conflict management. Not easy but deeply valuable for growth. SYNASTRY STEP 7 COMPATIBILITY REALITY: Chart compatibility does not guarantee real-world success. Past experiences social background education personality all factor in. Synastry shows terrain and potential not destiny. Partners determine outcome not stars. SYNASTRY STEP 8 ASTEROID SYNASTRY: Apply same orb rules as planets. Focus on conjunctions to personal planets angles. Check Eros-Psyche Juno-Juno Union-personal planets DNA-angles. Asteroids add specific nuanced layer to relationship themes.
MIDPOINT_INTERPRETATION_GUIDE,N/A,Method,Midpoint pictures calculation interpretation activation,MIDPOINT STEP 1 CALCULATE: Find exact middle between two planets along zodiac. Always use shorter arc if planets 180+ degrees apart. Use software or manual calculation. MIDPOINT STEP 2 ORB REQUIREMENTS: Use 2-2.5 degrees maximum for natal work. Only hard aspects count conjunction square opposition. Semisquare sesquiquadrate also valid. Avoid wide orbs. MIDPOINT STEP 3 NOTATION: Write as X=Y/Z where X is activating planet = means hard aspect / means midpoint. Example Venus=Sun/Moon means Venus conjunct square or oppose Sun-Moon midpoint. MIDPOINT STEP 4 ACTIVATION: Midpoint becomes significant when planet or angle contacts it. Shows synthesis of two energies through third factor. Most powerful when transits or progressions activate.
MIDPOINT_PICTURES_GUIDE,N/A,Method,Reading midpoint pictures synthesis developmental significance,MIDPOINT STEP 5 SYNTHESIS MEANING: Midpoint blends essence of two planets. Sun/Moon equals relationship identity-emotion balance. Venus/Mars equals passion desire. Saturn/Neptune equals spiritual sacrifice. Third planet modifying this reveals how blend manifests. MIDPOINT STEP 6 LIFE DOMINANCE: Sun/Moon midpoint pictures especially dominant in life development because fundamental identity-emotion axis so far-reaching. Outer planet pictures reveal transformation crisis evolution. MIDPOINT STEP 7 SELECT PRIORITIES: Use 90-degree dial to see all midpoints. Choose 10-12 strongest pictures. Prioritize those involving outer planets with inner planets or angles. Look for pictures that extend beyond initial chart analysis not repeat same themes.
MIDPOINT_SPECIAL_SIGNATURES,N/A,Method,Wealth depression fame health relationship signatures,SPECIAL MIDPOINT SIGNATURES: WEALTH Jupiter/Pluto midpoint major wealth indicator. DEPRESSION Neptune=Mercury/Saturn unipolar Saturn=Neptune/Pluto bipolar Pluto=Saturn/Ascendant burden Ascendant=Saturn/Pluto control. FAME Uranus=Mercury/MC sensation Pluto=Mercury/MC power Ascendant=Sun/Moon limelight Aries Point contacts. MARRIAGE Venus=Sun/Moon love dominates Node=Sun/Moon public destiny Saturn=Sun/Moon serious duty. WRITING Mercury/Jupiter midpoint. These are research-proven patterns appearing in relevant charts.
ORBS_AND_ASPECTS_GUIDE,N/A,Method,Understanding orbs aspect strength weighting importance,ORB PHILOSOPHY: Aspects are PHASAL not absolute. They fade in peak at exactness fade out. Orbs are guidelines not laws. Planet sensitivity matters heavily aspected planets feel wider orbs. Chart weighting trumps strict orbs. Angular planets chart rulers nodal rulers feel aspects longer and stronger. NATAL ORBS: Conjunction opposition 8-10 degrees. Square trine 6-9 degrees. Sextile 4-6 degrees. Sun Moon get 1-2 degrees extra. Quincunx 2 degrees. Minor aspects 1 degree. SYNASTRY ORBS: Half of natal orbs generally. Conjunction 3-5 degrees. Major aspects 3-5 degrees. Minor aspects 1-2 degrees. Focus tight orbs for accuracy.
HOUSE_AND_SIGN_SYNTHESIS,N/A,Method,Combining sign house ruler aspects full interpretation,SYNTHESIS METHOD: Asteroid or planet meaning comes from layers. LAYER 1 Archetype core meaning of body itself. LAYER 2 Sign how it expresses and behaves. LAYER 3 House what life area it affects. LAYER 4 Ruler who governs it and their condition. LAYER 5 Aspects what influences modify challenge enhance it. EXAMPLE Psyche in Cancer 4th house ruled by Moon conjunct Neptune Moon trine Venus. Interpretation Soul connection expressed emotionally and nurturingly in home and family governed by dreamy idealistic Moon enhanced by harmonious Venus equals deeply empathic soulful home life with idealized family bonds and compassionate soul growth through nurturing.
TIMING_AND_PREDICTIVE_WORK,N/A,Method,Transits progressions solar arcs activation timing,PREDICTIVE STEP 1 TRANSITS: Outer planets Saturn Uranus Neptune Pluto transiting natal asteroids midpoints or sensitive points activate dormant themes. Use 1-degree applying orb. Note exact dates. Transit brings external manifestation of natal potential. PREDICTIVE STEP 2 PROGRESSIONS: Secondary progressions show internal development. Progressed planet aspecting natal asteroid indicates maturing of that theme. Progressed asteroid changing signs or houses shifts life focus in that area. Use 1-degree orb. PREDICTIVE STEP 3 SOLAR ARCS: Solar arc directions move everything 1-degree per year. SA planet contacting natal asteroid or midpoint triggers major life events. Especially significant for outer planets. Use 1-degree orb exact year of event.
ADVANCED_TECHNIQUES_GUIDE,N/A,Method,Derivative houses persona charts Aries Point advanced methods,DERIVATIVE HOUSES: Read houses from other houses. 7th from 7th (1st) shows partner's identity. 10th from 7th (4th) shows partner's career. 8th from 5th (12th) shows transformation through creativity. Adds depth to chart reading. PERSONA CHARTS: Cast chart using planet's degree as Ascendant. Sun persona chart shows ego expression. Venus persona chart shows love nature. Groom/Briede persona charts show spouse qualities. Advanced technique for deep character analysis. ARIES POINT: 0 degrees Cardinal signs (0 Aries Cancer Libra Capricorn) equals fame recognition world stage. Planets asteroids midpoints at these degrees gain public prominence worldwide attention global recognition.
RESEARCH_AND_VALIDATION,N/A,Method,Testing asteroids observation record keeping verification,VALIDATION STEP 1 OBSERVE: Note asteroid placements and predictions. Record exact positions aspects orbs dates. VALIDATION STEP 2 TRACK EVENTS: When significant life events occur check transits progressions to asteroids and midpoints. Note which activations corresponded with manifestations. VALIDATION STEP 3 COMPARE CHARTS: Study same asteroid placements in multiple charts. Notice patterns. Eros conjunct Venus shows differently in various signs houses but core passionate love theme remains. VALIDATION STEP 4 CLIENT FEEDBACK: Ask clients if interpretation resonates. Adjust orbs and emphasis based on real-world accuracy. Build personal database of verified correlations.
ETHICAL_GUIDELINES,N/A,Method,Responsible asteroid interpretation client care boundaries,ETHICS: Never use asteroids for fear-mongering. Lilith Nessus Sado show shadow potential not destiny. Depression midpoints show vulnerability not certainty. Focus on growth transformation healing not labeling or limiting. Respect client free will. Synastry shows dynamics not fate. Never tell client relationship doomed or guaranteed. Empower don't predict. Asteroids are tools for self-understanding not deterministic fate. Always integrate with counseling skills trauma awareness cultural sensitivity. Know when to refer to mental health professionals.
Knight,29391,Asteroid,Defense loyalty protection devotion submission,Represents knight in shining armor energy. Shows complete submissive loyalty defense protection and will not betray. In synastry indicates devoted protector energy and faithful partnership.
Loving,432971,Asteroid,Loving energy affection tenderness care,Straightforward loving energy. Shows capacity for tenderness affection and caring devotion. Great for synastry and composite charts indicating genuine loving bond.
Child,4580,Asteroid,Inner child innocence pure love playfulness,Represents inner child energy. Pure untouched unfiltered raw innocent love. Shows childlike wonder playfulness and untainted affection. In relationships indicates pure innocent connection.
Devine,3561,Asteroid,Transcendental bond divine connection higher purpose,Represents transcendental divine connection. Shows bond of higher purpose that's not describable in earthly terms. Spiritual cosmic connection beyond physical realm. In synastry indicates sacred spiritual bond.
Eureka,5261,Asteroid,Discovery answer prayers finally found,Greek goddess. Represents "I finally found you" energy. Answer to prayers. The one you've been searching for. Sudden recognition and discovery of the right person or solution.
Hypnos,14827,Asteroid,Mysterious psychic link mystical bond dreams,Greek god of sleep. Represents mysterious connection psychic link mystical bond that doesn't begin this lifetime but way back. Dream connections and unexplainable attraction beyond consciousness.
Agapenor,5023,Asteroid,Simple appreciation unconditional love timeless,Represents simple appreciation and unconditional love that lasts through ages. Not necessarily romantic but pure agape love. Can transcend time and lifetimes.
Paeonia,1061,Asteroid,Honor wealth beauty peony love symbolism,Named for peony flower. Represents love honor and wealth. Beautiful flourishing love that brings prosperity and dignity. Shows relationships that elevate both parties.
Oenone,215,Asteroid,Betrayal cheating abandonment left behind,Nymph abandoned by Paris for Helen. Represents where you've been cheated on left behind or felt deep betrayal by lovers. Shadow side of love and romantic wounds.
Sposetti,22354,Asteroid,Married couple Italian marriage potential connection,Italian for "married couple." Represents marriage potential past life marriages or special connections meant for union. Strong marriage indicator in synastry especially conjunct angles or Juno.
Paine,5188,Asteroid,Deep pain suffering emotional wounds physical hurt,Represents profound pain in relationships. Conjunct Moon shows emotional pain one causes other. Conjunct Ascendant or Mars indicates physical pain. Shows where relationship wounds cut deepest.
Born,13954,Asteroid,Born to be together destined union meant to be,Represents "born to be together" energy. In harmonious aspects with Juno Groom Briede shows destined to be with specific person. Born for each other fate written in stars.
Pholus,5145,Centaur,Life changing turning point catalyst transformation event,Centaur representing small cause big effect. Shows life-changing relationship turning points. Events that catalyze major life transformation. The relationship that changed everything. Unexpected events changing life trajectory.
Nefertiti,3199,Asteroid,Beauty queen power feminine divine sovereignty,Egyptian queen. Represents divine feminine power regal beauty sovereignty and queenly presence. Shows refined royal energy and powerful feminine magnetism.
Kleopatra,216,Asteroid,Seduction power intellect strategic beauty charisma,Cleopatra. Represents seductive power combined with intellect. Strategic use of beauty and charisma for influence. Magnetic presence and political savvy in relationships.
Cleopatra,216,Asteroid,Seduction power intellect strategic beauty charisma,Alternative spelling. Same as Kleopatra. Represents powerful seductive intelligent feminine energy. Strategic relationships and influential partnerships.
Nefertari,1068,Asteroid,Beloved beauty devotion great royal wife,Egyptian queen beloved of Ramses. Represents devoted beautiful partnership great royal wife energy and being truly beloved by powerful partner. Deep devotion and honored love.
Akhenaten,326290,Asteroid,Revolutionary devotion singular focus transformation religion,Egyptian pharaoh revolutionary. Represents radical transformation devoted focus on singular vision or person. Revolutionary love that changes everything. Spiritual devotion in partnership.
Osiris,1923,Asteroid,Death rebirth eternal love resurrection cycles,Egyptian god paired with Isis. Represents death rebirth eternal cycles and resurrecting love. Transformative partnerships that survive death and return. Eternal bonds.
Ra,1239,Asteroid,Solar power life force vitality creative energy,Egyptian sun god. Represents radiant solar power life-giving energy and creative vitality. Illuminating presence and divine masculine creative force. Central importance.
Ptah,5011,Asteroid,Creation beautiful face craftsmanship divine word,Egyptian creator god "beautiful face." Represents creative power master craftsmanship divine word made manifest. Beauty that creates and transforms. Artistic divine partnerships.
Sekhmet,5381,Asteroid,Fierce love warrior goddess protective destruction healing,Egyptian lioness goddess. Represents fierce protective love warrior energy destructive power that also heals. Passionate protective partnerships. Fierce loyalty and powerful love.
Hathor,2340,Asteroid,Love joy music dance feminine power sensuality,Egyptian love goddess. Represents joyful love music dance pleasure feminine sexuality and celebratory energy. Sensual delightful loving connections. Sacred feminine joy.
Bastet,4257,Asteroid,Feline sensuality protection pleasure domesticity joy,Egyptian cat goddess. Represents feline sensual energy protective love domestic joy and playful pleasure. Comfortable sensual partnerships. Purring contentment in love.
Anubis,1912,Asteroid,Underworld guide death transformation psychopomp protection,Egyptian jackal god. Represents guiding through underworld death transformation and protection in darkness. Relationships that guide through shadow work. Protective transformative bonds.
Thoth,4179,Asteroid,Wisdom knowledge magic communication divine scribe,Egyptian god of wisdom. Represents divine knowledge magic communication and sacred writing. Intellectual spiritual communication in partnerships. Wise magical connections.
Maat,5011,Asteroid,Truth justice balance cosmic order integrity,Egyptian goddess of truth. Represents divine truth justice balance and cosmic order. Relationships built on integrity honesty and fairness. Balanced truthful partnerships.
Nephthys,3362,Asteroid,Shadow sisterhood death mysteries hidden support,Egyptian goddess sister of Isis. Represents shadow work sisterhood death mysteries and hidden support. Relationships involving shadow integration. Supportive hidden bonds.
Set,2062,Asteroid,Chaos destruction jealousy shadow masculine disorder,Egyptian god of chaos. Represents destructive chaos jealousy shadow masculine and disorder. Can show chaotic destructive relationship dynamics. Shadow masculine energy.
Horus,1924,Asteroid,Solar kingship divine right protection sky god,Egyptian sky god. Represents solar kingship divine right protection and royal power. Protective kingly energy in partnerships. Divine masculine sovereignty.
Ptah,5011,Asteroid,Creator craftsman beautiful face divine architect,Already listed but Egyptian creator emphasizing beautiful face and divine craftsmanship. Master builder of reality. Creative partnerships that build together.
Amor-Cupido,N/A,Synastry,Soulmate connection divine love twin flame union,When Amor and Cupido connect in synastry indicates soulmates. Divine love meeting infatuation creating perfect union of unconditional love and passionate desire. Major soulmate indicator.
Eros-Psyche,N/A,Synastry,Soul love erotic soul union deep attraction soulmate,Eros conjunct Psyche in synastry indicates soulmate connection. Soul meets passion. Erotic spiritual union. Opposite aspects show constantly encountering each other through lifetime unable to escape connection.
SYNASTRY_ASTEROIDS_CRITICAL,N/A,Method,Most important synastry asteroids tight orbs application,CRITICAL SYNASTRY ASTEROIDS USE 0-3 DEGREE ORBS ONLY: Eros Psyche Amor Valentine Union Destinn Karma DNA Juno Cupido Lust Priapus Child Devine Eureka Hypnos Alma Loving Knight Born Sposetti. ASPECTS TO INNER PLANETS ONLY Sun Moon Mercury Venus Mars. ASPECTS TO ANGLES ASC DSC MC IC. ASPECTS TO NODES. Asteroids carry less power than planets so must have tight orbs and prominent placement to manifest. Double whammies with these asteroids are highly significant.
COMPOSITE_CHART_ASTEROIDS,N/A,Method,Composite asteroid interpretation relationship purpose destiny,COMPOSITE CHART shows relationship entity itself. ASTEROIDS IN COMPOSITE reveal purpose and nature of bond. Vesta in composite shows shared devotion and spiritual connection. Juno shows commitment and loyalty. Eros-Psyche shows passionate soul connection. Destinn shows relationship destiny and purpose. Karma shows karmic purpose of union. Union shows desire to unite and marry. Check composite asteroids by house for where relationship energy manifests and by sign for how it expresses.
DRACONIC_CHART,N/A,Advanced,Soul chart karmic blueprint past life spiritual essence,Draconic chart calculated by setting North Node to 0 Aries. Reveals soul's evolutionary path and spiritual essence. Draconic synastry shows why souls chose to meet. Reveals past life connections karmic contracts and spiritual purpose. Shows timeless soul resonance beyond personality. Use to understand deeper soul purpose of relationships and karmic lessons.
VERTEX_SYNASTRY,N/A,Method,Fated encounters destiny relationships karmic meetings electric,Vertex in synastry shows fated karmic encounters. When partner's planet especially Sun Moon Venus Mars Jupiter conjuncts your Vertex indicates destined meeting. Electric feeling of fate. Relationship feels meant to be. Events beyond conscious control bring you together. Major destiny indicator.
ASTEROID_PERSONA_CHARTS,N/A,Advanced,Deep dive asteroid expression full chart perspective,Cast chart using asteroid's degree as Ascendant. Shows full expression of that asteroid's energy. Juno persona chart reveals marriage needs. Eros persona chart shows erotic nature. Psyche persona chart reveals soul journey. Groom-Briede persona charts show spouse qualities in detail. Advanced technique for comprehensive understanding of single asteroid.
SOLAR_RETURN_ASTEROIDS,N/A,Predictive,Annual themes relationship timing marriage indicators year ahead,Solar return with Juno on angles indicates marriage or commitment year. Eros-Psyche activated shows passionate soul connection year. Destinn prominent shows fated encounters. Union on Descendant meeting future spouse. Check solar return asteroids for annual relationship themes and timing of significant connections.
Sun/Moon PRIMARY Midpoint,N/A,Primary Midpoint,Point of Meaning uniqueness individual viewpoint consciousness,THE EIGHT PRIMARY MIDPOINTS discovered by Rudhyar and Ebertin. Sun/Moon represents world within and world without. Uniqueness of individual. Specific point of view. How creative process gives meaning to individual expression. Interplay between macrocosm and microcosm. Responsibility for individual consciousness. Type of experiences person has. INVERSE MIDPOINT is source of inspiration giving personal and spiritual meaning to creative process.
Mars/Saturn PRIMARY Midpoint,N/A,Primary Midpoint,Point of Identification adaptation self-control discipline manifestation,Mars/Saturn represents Point of Identification and Adaptation. How person identifies self and adapts to circumstances. Self-control discipline and manifestation of will. Capacity for sustained effort and concrete achievement. Where drive meets structure. Frustrated ambition or mastered discipline.
Venus/Jupiter PRIMARY Midpoint,N/A,Primary Midpoint,Point of Associative Participation social harmony expansion values,Venus/Jupiter represents Point of Associative Participation. How person participates in social sphere. Harmony expansion of values and relationships. Generosity in love and social connections. Optimistic approach to partnerships. Beneficial social engagement.
Sun/Mercury PRIMARY Midpoint,N/A,Primary Midpoint,Point of Sex vitality communication mental-physical integration,Sun/Mercury represents Point of Sex. Integration of vitality with communication. Mental-physical integration and expression. Identity through thought and communication. How life force expresses through mind and speech. Conscious awareness meeting intellect.
Mars/Venus PRIMARY Midpoint,N/A,Primary Midpoint,Point of Creativity passion artistic expression desire manifestation,Mars/Venus represents Point of Creativity. Passion artistic expression and desire manifestation. How action meets values and beauty. Creative energy and romantic passion. Synthesis of masculine and feminine within. Artistic drive and creative sexuality.
Jupiter/Saturn PRIMARY Midpoint,N/A,Primary Midpoint,Balance expansion-contraction growth-limitation wisdom-structure social responsibility,Jupiter/Saturn represents balance between expansion and contraction. Growth meeting limitation. Wisdom meeting structure. Social responsibility and maturity. Realistic optimism. Integration of faith and discipline. Major life lessons and karmic balance.
Mars/Uranus PRIMARY Midpoint,N/A,Primary Midpoint,Point of Transformation intense external change revolution breakthrough,Mars/Uranus represents Point of Transformation. Forces most intense focus toward external change. Revolutionary action and breakthrough events. Sudden explosive transformation. Liberation through action. INVERSE MIDPOINT is point most directed toward internal change and personal revolution.
Jupiter/Neptune PRIMARY Midpoint,N/A,Primary Midpoint,Point of Reorientation external release spiritual expansion vision,Jupiter/Neptune represents Point of Reorientation. Manner of reorientation operative in life. Point of external release. Spiritual expansion and visionary faith. Idealism meeting transcendence. INVERSE MIDPOINT is point of release for internal spiritual reorientation and mystical awakening.
Saturn/Pluto PRIMARY Midpoint,N/A,Primary Midpoint,Point of Self-Refocalization concrete transformation deep restructuring power,Saturn/Pluto represents Point of Self-Refocalization. Most operative concrete refocus of energies and consciousness. Deep structural transformation and profound regeneration. Karmic restructuring and concentrated power. INVERSE MIDPOINT is awareness of refocalization process in consciousness and psychological transformation.
Moon/Relationship Midpoint,N/A,Relationship Midpoint,Mother feminine principle nurturing emotional foundation women,In relationship analysis Moon represents Mother and the Feminine Principle. Shows relationship with mother nurturing received and given. Emotional foundation and how one mothers others. Connection to feminine energy and women in general.
Saturn/Relationship Midpoint,N/A,Relationship Midpoint,Father business associates masculine principle authority men,In relationship analysis Saturn represents Father and Business Associates. Masculine principle and authority figures. Shows relationship with father structure received and discipline learned. Professional relationships and connection to masculine energy and men.
Mercury-Mars/Relationship Midpoint,N/A,Relationship Midpoint,Brothers male relatives masculine communication action,Mercury/Mars midpoint represents Brothers and Male Relatives. Communication with masculine family members. Mental action and brotherly bonds. How one relates to male siblings and cousins.
Mercury-Venus/Relationship Midpoint,N/A,Relationship Midpoint,Sisters female relatives feminine communication harmony,Mercury/Venus midpoint represents Sisters and Female Relatives. Communication with feminine family members. Harmonious expression and sisterly bonds. How one relates to female siblings and cousins.
Sun-North Node/Relationship Midpoint,N/A,Relationship Midpoint,Children offspring creativity legacy destiny purpose,Sun/North Node represents Children and offspring. Creative legacy and what you birth into world. Relationship with children and parenting style. Destiny through creative expression and generative power.
Venus-Uranus/Relationship Midpoint,N/A,Relationship Midpoint,Female friends women friendships unconventional connections,Venus/Uranus represents Female Friends. Friendships with women and unconventional female connections. Independent female relationships and unique feminine bonds. Sudden attractions to women friends.
Mars-Uranus/Relationship Midpoint,N/A,Relationship Midpoint,Male friends men friendships revolutionary connections,Mars/Uranus represents Male Friends. Friendships with men and unconventional male connections. Independent male relationships and unique masculine bonds. Sudden attractions to male friends.
Jupiter/Relationship Midpoint,N/A,Relationship Midpoint,Grandparents wisdom elders teaching expansion legacy,Jupiter represents Grandparents and wise elders. Relationship with grandparents and ancestral wisdom. Teaching and learning from elders. Expansion through generational connections and inherited wisdom.
Saturn-Outer Planets Theme,N/A,Midpoint Theme,Harsh difficult realities shape life experience challenges,Saturn combined with outer planets (Uranus Neptune Pluto) represents Harsh Difficult Realities that Shape Life Experience. Major challenges obstacles and karmic lessons. Where life circumstances force growth through hardship and struggle.
Saturn-Inner Planets Theme,N/A,Midpoint Theme,Frustration inner criticism self-mastery achievement discipline,Saturn combined with inner planets represents Frustration Inner Criticism and path to Self-Mastery and Achievement. Where discipline is learned through self-criticism. Mastery through overcoming limitations and achieving goals despite obstacles.
Feminine-Feminine Theme,N/A,Midpoint Theme,Emotional sensitivity intuition artistic sensibilities receptivity,Feminine planets combined (Moon Venus Neptune) represents Emotional Sensitivity Intuition and Artistic Sensibilities. Deep receptivity and empathic nature. Heightened sensitivity and artistic gifts. Refined emotional and aesthetic awareness.
Masculine-Feminine Theme,N/A,Midpoint Theme,Creativity artistic expression charisma social personal success,Masculine plus Feminine planets (Sun Mars Jupiter with Moon Venus Neptune) represents Creativity Artistic Expression and Charisma contributing to Social and Personal Success. Balanced integration creating magnetic appeal and creative achievement.
Venus-Moon Outer Planets Theme,N/A,Midpoint Theme,Emotional difficulties fears inhibitions relationship challenges,Venus or Moon combined with Outer Planets (Saturn Uranus Neptune Pluto) represents Emotional Difficulties Fears and Inhibitions in Relationships. Challenges in love and emotional vulnerability. Healing needed in relationship patterns.
Mercury-Jupiter Saturn-Uranus-Pluto Theme,N/A,Midpoint Theme,Intellectual gifts communication skills influence mental power,Mercury or Jupiter combined with Saturn Uranus Pluto represents Intellectual Gifts Communication Skills and Influence. Mental brilliance and powerful communication. Ability to influence others through words and ideas.
Masculine-Masculine Theme,N/A,Midpoint Theme,Power assertiveness drive courage sexual passion strength,Masculine planets combined (Sun Mars Jupiter Uranus Pluto) represents Power Assertiveness Drive Courage and Sexual Passion. Concentrated masculine force and willpower. Competitive strength and sexual vitality.
Mercury-Venus-Neptune Theme,N/A,Midpoint Theme,Idealism perfectionism artistic refinement high standards,Mercury Venus Neptune in any combination represents Idealism and Perfectionism. High artistic standards and refined taste. Quest for ideal beauty and perfect expression. Can indicate unrealistic expectations.
MIDPOINT_ACTIVATION_TRANSITS,N/A,Method,How transits activate midpoints timing interpretation application,Midpoints are activated by transits just as natal planets are. When Saturn Uranus Neptune or Pluto transits a natal midpoint it triggers the combined energy of both planets. Transit to Sun/Moon midpoint affects relationships and identity. Transit to Mars/Saturn affects drive and discipline. Use 1-degree orb for transits to midpoints. Activation brings external manifestation of midpoint themes.
MIDPOINT_DEPTH_ANALYSIS,N/A,Method,When to use midpoints chart interpretation sequence priority,Use midpoints AFTER initial chart analysis has identified most important themes. Midpoints add depth and detail. They either reinforce and amplify existing chart themes OR introduce new contradictory elements - important counterpoints modifying original impression. Don't start with midpoints. They refine understanding not establish foundation.
INVERSE_MIDPOINTS,N/A,Advanced,Opposite point internal spiritual dimension consciousness,Every midpoint has an INVERSE MIDPOINT at opposite point on zodiac wheel. While direct midpoint shows external manifestation inverse shows internal spiritual dimension. Sun/Moon inverse is source of spiritual inspiration. Mars/Uranus inverse is internal transformation. Jupiter/Neptune inverse is internal spiritual reorientation. Saturn/Pluto inverse is awareness of transformation in consciousness.
SANDBACH Sun/Moon PRINCIPLE,N/A,Interpretation,Flow energy subconscious to conscious meaning vitality balance,JOHN SANDBACH MIDPOINT INTERPRETATIONS: Sun/Moon PRINCIPLE represents flow of energy and information from subconscious to conscious and process of finding meaning and order in it. Balance between work Sun and play Moon business Sun and pleasure Moon objective Sun and subjective Moon. General level of vitality and all factors affecting it. PROCESS One becomes aware of each emotion as it arises accepts all of them sees their value and allows them to become integrated into conscious reality.
SANDBACH Sun/Moon ACTIVATIONS,N/A,Interpretation,Planets activating Sun/Moon vitality relationships balance integration,Mercury=Sun/Moon ability to balance feeling with thinking when communicating. Venus=Sun/Moon full complete love when one loves beauty feeds energy need appreciation to maintain health vitality. Mars=Sun/Moon tremendous vitality through actions wholehearted assertiveness balance feeling-thinking when asserting. Jupiter=Sun/Moon wholehearted enthusiasm thriving on hope optimism vitalized by learning philosophy may overextend.
SANDBACH Sun/Venus PRINCIPLE,N/A,Interpretation,Love vitalizing meaningful art aesthetics self-love values goals,Sun/Venus PRINCIPLE represents love as vitalizing and meaningful experience. Art aesthetics self-love both neurotic and healthy sense. Values as they relate to long-term goals. Being egotistical about own attractiveness or value. PROCESS To see enduring ultimately meaningful worth underneath all passing temporary surface attractions.
SANDBACH Sun/Venus ACTIVATIONS,N/A,Interpretation,Planets activating Sun/Venus beauty security impressionable relationships,Moon=Sun/Venus feeling need to be surrounded by beauty feeds on it like food beauty creates security very impressionable to beauty in arts all forms. Mercury Venus Mars Jupiter Saturn Uranus Neptune Pluto each create unique activation patterns affecting how love vitality and values express.
SANDBACH Sun/Mars PRINCIPLE,N/A,Interpretation,Purposeful assertiveness long-range meaningful battles effort vitality,Sun/Mars PRINCIPLE represents purposeful assertiveness. Ability to gear actions toward long-range considerations. Ability to take on meaningful battles. Too much effort depletes vitality. PROCESS Active dismantling of negative ego so spiritual self perfectly reflects spiritual light. Active sorting of experiences by relative importance to continually realign with purpose.
SANDBACH Sun/Mars ACTIVATIONS,N/A,Interpretation,Planets activating Sun/Mars emotional security long-range projects,Moon=Sun/Mars emotional need to do things on own feeling secure when has long-range project to work on. Other planets activating create patterns of purposeful assertion energy focus and goal-directed action.
SANDBACH Sun/Neptune PRINCIPLE,N/A,Interpretation,Subtle forces vitality psychic sensitivity idealism self-sacrifice mystical,Sun/Neptune PRINCIPLE represents subtle forces affecting vitality. Psychic sensitivity potentially draining energy. Idealistic possibly unrealistic about goals. Importance placed on self-sacrifice feeling it makes life meaningful. Mystical or visionary insight. Self-glorifying imaginings. PROCESS Development of ability to perceive Spiritual Light's meaning and purpose in greater depth realizing infinite connections of all aspects of all universes.
SANDBACH Sun/Neptune ACTIVATIONS,N/A,Interpretation,Planets activating Sun/Neptune receptivity idealism sacrifice confusion,Moon=Sun/Neptune receptive to subtle forces can empower or drain depending on whether taken in randomly or through conscious will. Venus=Sun/Neptune love of bringing subtleties to light exploring imagination realms beyond physical love thrives on idealism may idealize loved one self-sacrificing in relationships. Mars=Sun/Neptune taking action to help people from humanitarian concern actions ineffective due to unrealistic goals confusion about purpose driving urge to realize spiritual goals.
SANDBACH Sun/Uranus PRINCIPLE,N/A,Interpretation,Sudden awareness unique goals independence originality freedom change,Sun/Uranus PRINCIPLE represents sudden shifts in awareness or direction. Unique individual goals. Independence originality and need for freedom. Unexpected changes affecting life purpose. PROCESS Development of true individuality and authentic self-expression free from conditioning.
SANDBACH Sun/Uranus ACTIVATIONS,N/A,Interpretation,Planets activating Sun/Uranus sudden shifts independence unique expression,Moon=Sun/Uranus daily life cyclically affected by sudden unusual shifts in awareness or direction sudden unexpected displays of emotion emotional need for others to see one is different distinctive. Mercury=Sun/Uranus sudden shifts of direction in communicating cleverness finding unexpected purpose think very swiftly receive sudden inspirations confident freedom independence in communication. Venus=Sun/Uranus love expressed suddenly unexpectedly love relationships form quickly may dissolve swiftly need for openness freedom in relationships.
SANDBACH Sun/Midheaven PRINCIPLE,N/A,Interpretation,Ego and profession life work pride spiritual path conscious purpose,Sun/Midheaven PRINCIPLE represents relationship between ego and profession or life's work. Being proud of work able to do it with confidence. Conscious of and objective about security. Awareness of spiritual path in lifetime. Conscious and centered approach to life purpose. PROCESS Development of spiritual self-confidence and ability to play role of guide and parent to those who need it.
SANDBACH Sun/Midheaven ACTIVATIONS,N/A,Interpretation,Planets activating Sun/MC career importance recognition meaning purpose,Moon=Sun/MC emotional need to feel work is important or that one is adept at doing it feel meaningful relationship to world at large. Venus=Sun/MC love of being part of big important projects positively affecting world desire for relationships to be spiritually meaningful attraction to anything revealing meaning and purpose of existence easy to receive recognition in career appreciation of authority figures adept at what they do. Mars=Sun/MC very conscious about meaning and purpose of what doing desire actions move toward spiritual goals feel conflicted about most important to accomplish negatively aggressive projection of self-importance onto world.
SANDBACH Moon/Venus PRINCIPLE,N/A,Interpretation,Emotions concerning relationships nurture cyclic changes moods beauty,Moon/Venus PRINCIPLE represents emotions concerning relationships. Desire to nurture other person in relationship. Relationships strongly colored by moods. Difficulty being objective about relationships. Relationships going through cyclic shifts and changes. PROCESS Ability to perceive beauty of moment and treasures and gifts ever flowing through present. Giving love to past as means of healing it.
SANDBACH Moon/Venus ACTIVATIONS,N/A,Interpretation,Planets activating Moon/Venus feelings exchanged care nurture beauty,Sun=Moon/Venus awareness of feelings exchanged in relationships desire to perceive their meaning and purpose feels important to take care of person one is relating to. Other planetary activations create unique patterns of emotional relationship expression and nurturing.
SANDBACH Moon/Mars PRINCIPLE,N/A,Interpretation,Passion impulsiveness overreact fiery feelings instinct assertive nurture,Moon/Mars PRINCIPLE represents passion and impulsiveness. Tendency to assert oneself on spur of moment or overreact. Fiery feelings. Tendency to be excitable or irritable. Actions based on instinct. Assertive nurturing. PROCESS Refinement of ability to act in moment and follow instincts so they may perform their work.
SANDBACH Moon/Mars ACTIVATIONS,N/A,Interpretation,Planets activating Moon/Mars channel passions emotional energy goals,Sun=Moon/Mars need and desire to channel passions into meaningful endeavors feels passionate about any goals adopts strong feelings about whatever thinks is important strong emotional energy fuels pursuit of goals. Other activations affect how passion and instinct combine with various planetary energies.
SANDBACH Venus/Jupiter PRINCIPLE,N/A,Interpretation,Enthusiastic appreciation generosity luxury lavish popularity expansion love,Venus/Jupiter PRINCIPLE represents enthusiastic appreciation. Generosity in love. Generous display of feeling. Encourage and support loved one. Luxury and lavishness too much good food too much spending money wasted. Many valuable things come easily. Can become popular easily but negatively others may resent or feel jealous because of beauty attractiveness or thinking everything comes easy. Reaching out too much to loved one taking on more than share of responsibility. PROCESS Expansion of ability to love.
SANDBACH Venus/Jupiter ACTIVATIONS,N/A,Interpretation,Planets activating Venus/Jupiter generous loving indulgent lavish affection,Sun=Venus/Jupiter feels important to be generous and loving self-esteem based on enthusiastically loving others or negatively on superficial beauty having money amassing treasures. Moon=Venus/Jupiter emotion expressed freely easily generously lavishly affectionate disposition emotional insecurity causes self-indulgence. Mercury=Venus/Jupiter alluring seductive flirtative when communicating give high praise to something ideas of beauty and value come easily. Mars=Venus/Jupiter assert self in way that charms others puts them at ease passion for indulging in luxuries.
COSMOBIOLOGY_SCHOOL,N/A,Historical,German midpoint astrology Ebertin Witte Hamburg School development,Midpoint astrology developed extensively by Cosmobiology school of astrology in Germany between World Wars. Revived ancient astrological technique. Key figures Reinhold Ebertin and Alfred Witte Hamburg School. System refined and systematized for modern use. Created comprehensive midpoint interpretations and calculation methods. Foundation for contemporary midpoint work.
MIDPOINT_FORMULA_NOTATION,N/A,Technical,Standard notation X equals Y slash Z aspect calculation,Standard midpoint notation uses X=Y/Z format where X is activating planet equals sign means forms hard aspect conjunction square opposition and slash between Y and Z indicates midpoint between those two planets. Example Venus=Sun/Moon means Venus forms hard aspect to midpoint of Sun and Moon. International astrological protocol for midpoint description.
PROCESS_VS_PRINCIPLE,N/A,Interpretation,Principle static meaning Process evolutionary development growth,PRINCIPLE describes static meaning of midpoint what it represents fundamentally. PROCESS describes evolutionary development and growth potential how midpoint energy transforms and develops over time through spiritual work. Both essential for complete understanding. Principle is what it is Process is what it becomes through conscious work.