date,natal_planet,transiting_planet,aspect,orb,significance
2026-03-24,Sun,Uranus,Sesquiquadrate,0.06,High
2026-03-24,Moon,Sun,Conjunction,0.7,High
2026-03-24,Moon,Saturn,Conjunction,0.06,High
2026-03-24,Moon,Pluto,Sextile,0.53,High
2026-03-24,Mercury,Sun,Sextile,1.06,Medium
2026-03-24,Mercury,Moon,Sesquiquadrate,1.18,Medium
2026-03-24,Mercury,Mars,Semi-Square,0.55,High
2026-03-24,Mercury,Neptune,Sextile,0.87,High
2026-03-24,Venus,Jupiter,Sesquiquadrate,0.12,High
2026-03-24,Mars,Saturn,Square,0.99,High
2026-03-24,Mars,Uranus,Bi-Quintile,1.15,Medium
2026-03-24,Mars,Pluto,Semi-Sextile,0.52,High
2026-03-24,Jupiter,Uranus,Trine,1.11,Medium
2026-03-24,Saturn,Venus,Quincunx,0.63,High
2026-03-24,Uranus,Pluto,Semi-Square,0.76,High
2026-03-24,Neptune,Venus,Sextile,0.13,High
2026-03-24,Neptune,Jupiter,Bi-Quintile,1.14,Medium
2026-03-24,Pluto,Neptune,Square,0.56,High
2026-03-24,North Node (Mean),Venus,Quintile,0.43,High
2026-03-25,Sun,Uranus,Sesquiquadrate,0.02,High
2026-03-25,Moon,Sun,Conjunction,0.3,High
2026-03-25,Moon,Saturn,Conjunction,0.18,High
2026-03-25,Moon,Pluto,Sextile,0.55,High
2026-03-25,Mercury,Mars,Semi-Square,0.23,High
2026-03-25,Mercury,Neptune,Sextile,0.84,High
2026-03-25,Venus,Moon,Trine,0.6,High
2026-03-25,Venus,Jupiter,Sesquiquadrate,0.16,High
2026-03-25,Mars,Sun,Square,0.75,High
2026-03-25,Mars,Saturn,Square,0.86,High
2026-03-25,Mars,Uranus,Bi-Quintile,1.11,Medium
2026-03-25,Mars,Pluto,Semi-Sextile,0.5,High
2026-03-25,Jupiter,Moon,Quincunx,1.3,Medium
2026-03-25,Jupiter,Uranus,Trine,1.07,Medium
2026-03-25,Uranus,Mars,Conjunction,1.29,Medium
2026-03-25,Uranus,Pluto,Semi-Square,0.78,High
2026-03-25,Neptune,Venus,Sextile,1.11,Medium
2026-03-25,Neptune,Jupiter,Bi-Quintile,1.1,Medium
2026-03-25,Pluto,Moon,Opposition,0.5,High
2026-03-25,Pluto,Neptune,Square,0.6,High
2026-03-25,North Node (Mean),Mercury,Semi-Sextile,1.31,Medium
2026-03-25,North Node (Mean),Venus,Quintile,0.81,High
2026-03-26,Sun,Moon,Opposition,1.4,Medium
2026-03-26,Sun,Uranus,Sesquiquadrate,0.02,High
2026-03-26,Moon,Sun,Conjunction,1.29,Medium
2026-03-26,Moon,Saturn,Conjunction,0.31,High
2026-03-26,Moon,Pluto,Sextile,0.57,High
2026-03-26,Mercury,Mars,Semi-Square,1.02,Medium
2026-03-26,Mercury,Neptune,Sextile,0.8,High
2026-03-26,Venus,Moon,Sesquiquadrate,0.34,High
2026-03-26,Venus,Jupiter,Sesquiquadrate,0.21,High
2026-03-26,Mars,Sun,Square,0.24,High
2026-03-26,Mars,Saturn,Square,0.74,High
2026-03-26,Mars,Uranus,Bi-Quintile,1.07,Medium
2026-03-26,Mars,Pluto,Semi-Sextile,0.48,High
2026-03-26,Jupiter,Uranus,Trine,1.03,Medium
2026-03-26,Uranus,Mars,Conjunction,0.51,High
2026-03-26,Uranus,Pluto,Semi-Square,0.8,High
2026-03-26,Neptune,Jupiter,Bi-Quintile,1.05,Medium
2026-03-26,Pluto,Neptune,Square,0.64,High
2026-03-26,North Node (Mean),Mercury,Semi-Sextile,0.85,High
2026-03-27,Sun,Uranus,Sesquiquadrate,0.06,High
2026-03-27,Moon,Saturn,Conjunction,0.43,High
2026-03-27,Moon,Pluto,Sextile,0.59,High
2026-03-27,Mercury,Neptune,Sextile,0.76,High
2026-03-27,Venus,Moon,Quincunx,1.5,Medium
2026-03-27,Venus,Jupiter,Sesquiquadrate,0.26,High
2026-03-27,Mars,Sun,Square,1.23,Medium
2026-03-27,Mars,Saturn,Square,0.61,High
2026-03-27,Mars,Uranus,Bi-Quintile,1.03,Medium
2026-03-27,Mars,Pluto,Semi-Sextile,0.46,High
2026-03-27,Jupiter,Moon,Opposition,0.8,High
2026-03-27,Jupiter,Uranus,Trine,0.99,High
2026-03-27,Uranus,Mars,Conjunction,0.28,High
2026-03-27,Uranus,Pluto,Semi-Square,0.82,High
2026-03-27,Neptune,Sun,Semi-Square,0.69,High
2026-03-27,Neptune,Jupiter,Bi-Quintile,1.0,High
2026-03-27,Pluto,Neptune,Square,0.68,High
2026-03-27,North Node (Mean),Mercury,Semi-Sextile,0.32,High
2026-03-28,Sun,Moon,Quincunx,1.12,Medium
2026-03-28,Sun,Uranus,Sesquiquadrate,0.1,High
2026-03-28,Moon,Saturn,Conjunction,0.56,High
2026-03-28,Moon,Pluto,Sextile,0.6,High
2026-03-28,Mercury,Neptune,Sextile,0.72,High
2026-03-28,Venus,Jupiter,Sesquiquadrate,0.32,High
2026-03-28,Mars,Moon,Bi-Quintile,0.79,High
2026-03-28,Mars,Saturn,Square,0.49,High
2026-03-28,Mars,Uranus,Bi-Quintile,0.99,High
2026-03-28,Mars,Pluto,Semi-Sextile,0.44,High
2026-03-28,Jupiter,Uranus,Trine,0.95,High
2026-03-28,Saturn,Venus,Bi-Quintile,0.43,High
2026-03-28,Saturn,Mars,Opposition,1.38,Medium
2026-03-28,Uranus,Moon,Bi-Quintile,0.92,High
2026-03-28,Uranus,Mars,Conjunction,1.06,Medium
2026-03-28,Uranus,Pluto,Semi-Square,0.84,High
2026-03-28,Neptune,Sun,Semi-Square,0.3,High
2026-03-28,Neptune,Jupiter,Bi-Quintile,0.95,High
2026-03-28,Pluto,Neptune,Square,0.72,High
2026-03-28,North Node (Mean),Mercury,Semi-Sextile,0.28,High
2026-03-29,Sun,Uranus,Sesquiquadrate,0.14,High
2026-03-29,Moon,Saturn,Conjunction,0.68,High
2026-03-29,Moon,Pluto,Sextile,0.62,High
2026-03-29,Mercury,Neptune,Sextile,0.68,High
2026-03-29,Venus,Jupiter,Sesquiquadrate,0.37,High
2026-03-29,Mars,Saturn,Square,0.36,High
2026-03-29,Mars,Uranus,Bi-Quintile,0.95,High
2026-03-29,Mars,Pluto,Semi-Sextile,0.43,High
2026-03-29,Jupiter,Venus,Square,1.0,High
2026-03-29,Jupiter,Uranus,Trine,0.91,High
2026-03-29,Saturn,Venus,Bi-Quintile,0.8,High
2026-03-29,Saturn,Mars,Opposition,0.6,High
2026-03-29,Uranus,Pluto,Semi-Square,0.86,High
2026-03-29,Neptune,Sun,Semi-Square,1.29,Medium
2026-03-29,Neptune,Mars,Semi-Sextile,1.36,Medium
2026-03-29,Neptune,Jupiter,Bi-Quintile,0.89,High
2026-03-29,Pluto,Neptune,Square,0.75,High
2026-03-29,North Node (Mean),Mercury,Semi-Sextile,0.95,High
2026-03-30,Sun,Mercury,Sextile,1.02,Medium
2026-03-30,Sun,Uranus,Sesquiquadrate,0.18,High
2026-03-30,Moon,Saturn,Conjunction,0.81,High
2026-03-30,Moon,Pluto,Sextile,0.64,High
2026-03-30,Mercury,Moon,Bi-Quintile,0.24,High
2026-03-30,Mercury,Neptune,Sextile,0.65,High
2026-03-30,Venus,Jupiter,Sesquiquadrate,0.43,High
2026-03-30,Mars,Saturn,Square,0.24,High
2026-03-30,Mars,Uranus,Bi-Quintile,0.9,High
2026-03-30,Mars,Pluto,Semi-Sextile,0.41,High
2026-03-30,Jupiter,Venus,Square,0.23,High
2026-03-30,Jupiter,Uranus,Trine,0.86,High
2026-03-30,Saturn,Mars,Opposition,0.19,High
2026-03-30,Uranus,Pluto,Semi-Square,0.87,High
2026-03-30,Neptune,Mars,Semi-Sextile,0.57,High
2026-03-30,Neptune,Jupiter,Bi-Quintile,0.83,High
2026-03-30,Pluto,Mercury,Quintile,0.86,High
2026-03-30,Pluto,Neptune,Square,0.79,High
2026-03-30,North Node (Mean),Sun,Sextile,1.02,Medium
2026-03-31,Sun,Mercury,Sextile,0.23,High
2026-03-31,Sun,Uranus,Sesquiquadrate,0.22,High
2026-03-31,Moon,Saturn,Conjunction,0.93,High
2026-03-31,Moon,Pluto,Sextile,0.65,High
2026-03-31,Mercury,Neptune,Sextile,0.61,High
2026-03-31,Venus,Jupiter,Sesquiquadrate,0.49,High
2026-03-31,Mars,Saturn,Square,0.12,High
2026-03-31,Mars,Uranus,Bi-Quintile,0.86,High
2026-03-31,Mars,Pluto,Semi-Sextile,0.39,High
2026-03-31,Jupiter,Sun,Quintile,0.78,High
2026-03-31,Jupiter,Mercury,Semi-Square,1.28,Medium
2026-03-31,Jupiter,Venus,Square,1.46,Medium
2026-03-31,Jupiter,Uranus,Trine,0.82,High
2026-03-31,Saturn,Moon,Conjunction,0.29,High
2026-03-31,Saturn,Mars,Opposition,0.97,High
2026-03-31,Uranus,Pluto,Semi-Square,0.89,High
2026-03-31,Neptune,Moon,Quincunx,0.47,High
2026-03-31,Neptune,Mars,Semi-Sextile,0.21,High
2026-03-31,Neptune,Jupiter,Bi-Quintile,0.77,High
2026-03-31,Pluto,Mercury,Quintile,0.07,High
2026-03-31,Pluto,Venus,Trine,0.33,High
2026-03-31,Pluto,Neptune,Square,0.83,High
2026-03-31,North Node (Mean),Sun,Sextile,0.03,High
2026-04-01,Sun,Mercury,Sextile,0.61,High
2026-04-01,Sun,Uranus,Sesquiquadrate,0.27,High
2026-04-01,Moon,Saturn,Conjunction,1.06,Medium
2026-04-01,Moon,Pluto,Sextile,0.67,High
2026-04-01,Mercury,Venus,Square,0.54,High
2026-04-01,Mercury,Neptune,Sextile,0.57,High
2026-04-01,Venus,Moon,Bi-Quintile,1.39,Medium
2026-04-01,Venus,Jupiter,Sesquiquadrate,0.56,High
2026-04-01,Venus,Uranus,Square,1.47,Medium
2026-04-01,Mars,Moon,Square,0.74,High
2026-04-01,Mars,Saturn,Square,0.01,High
2026-04-01,Mars,Uranus,Bi-Quintile,0.82,High
2026-04-01,Mars,Pluto,Semi-Sextile,0.38,High
2026-04-01,Jupiter,Sun,Quintile,0.21,High
2026-04-01,Jupiter,Mercury,Semi-Square,0.43,High
2026-04-01,Jupiter,Uranus,Trine,0.78,High
2026-04-01,Uranus,Pluto,Semi-Square,0.91,High
2026-04-01,Neptune,Mars,Semi-Sextile,0.99,High
2026-04-01,Neptune,Jupiter,Bi-Quintile,0.7,High
2026-04-01,Pluto,Mercury,Quintile,0.77,High
2026-04-01,Pluto,Venus,Trine,0.9,High
2026-04-01,Pluto,Neptune,Square,0.87,High
2026-04-01,North Node (Mean),Sun,Sextile,0.95,High
2026-04-02,Sun,Mars,Quintile,1.22,Medium
2026-04-02,Sun,Uranus,Sesquiquadrate,0.31,High
2026-04-02,Moon,Venus,Semi-Sextile,1.07,Medium
2026-04-02,Moon,Saturn,Conjunction,1.18,Medium
2026-04-02,Moon,Pluto,Sextile,0.69,High
2026-04-02,Mercury,Venus,Square,0.69,High
2026-04-02,Mercury,Neptune,Sextile,0.53,High
2026-04-02,Venus,Jupiter,Sesquiquadrate,0.63,High
2026-04-02,Venus,Uranus,Square,1.43,Medium
2026-04-02,Mars,Saturn,Square,0.13,High
2026-04-02,Mars,Uranus,Bi-Quintile,0.77,High
2026-04-02,Mars,Pluto,Semi-Sextile,0.36,High
2026-04-02,Jupiter,Sun,Quintile,1.19,Medium
2026-04-02,Jupiter,Mercury,Semi-Square,0.46,High
2026-04-02,Jupiter,Uranus,Trine,0.73,High
2026-04-02,Uranus,Venus,Semi-Square,0.83,High
2026-04-02,Uranus,Pluto,Semi-Square,0.92,High
2026-04-02,Neptune,Venus,Quintile,1.03,Medium
2026-04-02,Neptune,Jupiter,Bi-Quintile,0.64,High
2026-04-02,Pluto,Neptune,Square,0.9,High
2026-04-03,Sun,Mars,Quintile,0.44,High
2026-04-03,Sun,Uranus,Sesquiquadrate,0.36,High
2026-04-03,Moon,Venus,Semi-Sextile,0.16,High
2026-04-03,Moon,Saturn,Conjunction,1.31,Medium
2026-04-03,Moon,Pluto,Sextile,0.7,High
2026-04-03,Mercury,Sun,Quintile,1.05,Medium
2026-04-03,Mercury,Neptune,Sextile,0.5,High
2026-04-03,Venus,Moon,Trine,0.35,High
2026-04-03,Venus,Jupiter,Sesquiquadrate,0.7,High
2026-04-03,Venus,Uranus,Square,1.38,Medium
2026-04-03,Mars,Venus,Trine,0.88,High
2026-04-03,Mars,Saturn,Square,0.26,High
2026-04-03,Mars,Uranus,Bi-Quintile,0.73,High
2026-04-03,Mars,Pluto,Semi-Sextile,0.35,High
2026-04-03,Jupiter,Moon,Square,0.35,High
2026-04-03,Jupiter,Mercury,Semi-Square,1.41,Medium
2026-04-03,Jupiter,Uranus,Trine,0.69,High
2026-04-03,Saturn,Pluto,Sesquiquadrate,1.5,Medium
2026-04-03,Uranus,Venus,Semi-Square,0.4,High
2026-04-03,Uranus,Pluto,Semi-Square,0.94,High
2026-04-03,Neptune,Venus,Quintile,0.2,High
2026-04-03,Neptune,Jupiter,Bi-Quintile,0.56,High
2026-04-03,Pluto,Moon,Sextile,1.45,Medium
2026-04-03,Pluto,Neptune,Square,0.94,High
2026-04-03,North Node (Mean),Mars,Semi-Square,0.74,High
2026-04-04,Sun,Moon,Sextile,1.36,Medium
2026-04-04,Sun,Mars,Quintile,0.34,High
2026-04-04,Sun,Uranus,Sesquiquadrate,0.4,High
2026-04-04,Moon,Venus,Semi-Sextile,1.39,Medium
2026-04-04,Moon,Saturn,Conjunction,1.43,Medium
2026-04-04,Moon,Pluto,Sextile,0.72,High
2026-04-04,Mercury,Sun,Quintile,0.07,High
2026-04-04,Mercury,Neptune,Sextile,0.46,High
2026-04-04,Venus,Sun,Semi-Square,0.53,High
2026-04-04,Venus,Jupiter,Sesquiquadrate,0.77,High
2026-04-04,Venus,Uranus,Square,1.34,Medium
2026-04-04,Mars,Mercury,Quintile,0.63,High
2026-04-04,Mars,Venus,Trine,0.35,High
2026-04-04,Mars,Saturn,Square,0.38,High
2026-04-04,Mars,Uranus,Bi-Quintile,0.68,High
2026-04-04,Mars,Pluto,Semi-Sextile,0.33,High
2026-04-04,Jupiter,Uranus,Trine,0.64,High
2026-04-04,Saturn,Venus,Sesquiquadrate,0.81,High
2026-04-04,Saturn,Pluto,Sesquiquadrate,1.49,Medium
2026-04-04,Uranus,Pluto,Semi-Square,0.95,High
2026-04-04,Neptune,Venus,Quintile,1.43,Medium
2026-04-04,Neptune,Jupiter,Bi-Quintile,0.49,High
2026-04-04,Pluto,Neptune,Square,0.98,High
2026-04-04,North Node (Mean),Moon,Square,1.34,Medium
2026-04-04,North Node (Mean),Mars,Semi-Square,0.04,High
2026-04-05,Sun,Mars,Quintile,1.12,Medium
2026-04-05,Sun,Uranus,Sesquiquadrate,0.45,High
2026-04-05,Moon,Pluto,Sextile,0.73,High
2026-04-05,Mercury,Sun,Quintile,0.92,High
2026-04-05,Mercury,Neptune,Sextile,0.42,High
2026-04-05,Venus,Sun,Semi-Square,0.46,High
2026-04-05,Venus,Jupiter,Sesquiquadrate,0.85,High
2026-04-05,Venus,Uranus,Square,1.29,Medium
2026-04-05,Mars,Mercury,Quintile,0.41,High
2026-04-05,Mars,Saturn,Square,0.51,High
2026-04-05,Mars,Uranus,Bi-Quintile,0.64,High
2026-04-05,Mars,Pluto,Semi-Sextile,0.32,High
2026-04-05,Jupiter,Uranus,Trine,0.6,High
2026-04-05,Saturn,Venus,Sesquiquadrate,0.42,High
2026-04-05,Saturn,Pluto,Sesquiquadrate,1.47,Medium
2026-04-05,Uranus,Mercury,Conjunction,1.31,Medium
2026-04-05,Uranus,Pluto,Semi-Square,0.97,High
2026-04-05,Neptune,Jupiter,Bi-Quintile,0.41,High
2026-04-05,Neptune,Saturn,Semi-Square,1.41,Medium
2026-04-05,Pluto,Neptune,Square,1.02,Medium
2026-04-05,North Node (Mean),Mars,Semi-Square,0.82,High
2026-04-06,Sun,Uranus,Sesquiquadrate,0.49,High
2026-04-06,Moon,Pluto,Sextile,0.75,High
2026-04-06,Mercury,Neptune,Sextile,0.39,High
2026-04-06,Venus,Sun,Semi-Square,1.44,Medium
2026-04-06,Venus,Jupiter,Sesquiquadrate,0.93,High
2026-04-06,Venus,Uranus,Square,1.25,Medium
2026-04-06,Mars,Moon,Semi-Sextile,0.61,High
2026-04-06,Mars,Mercury,Quintile,1.49,Medium
2026-04-06,Mars,Saturn,Square,0.63,High
2026-04-06,Mars,Uranus,Bi-Quintile,0.59,High
2026-04-06,Mars,Pluto,Semi-Sextile,0.3,High
2026-04-06,Jupiter,Uranus,Trine,0.55,High
2026-04-06,Saturn,Pluto,Sesquiquadrate,1.46,Medium
2026-04-06,Uranus,Mercury,Conjunction,0.23,High
2026-04-06,Uranus,Pluto,Semi-Square,0.98,High
2026-04-06,Neptune,Jupiter,Bi-Quintile,0.33,High
2026-04-06,Neptune,Saturn,Semi-Square,1.29,Medium
2026-04-06,Pluto,Neptune,Square,1.05,Medium
2026-04-07,Sun,Uranus,Sesquiquadrate,0.54,High
2026-04-07,Moon,Pluto,Sextile,0.76,High
2026-04-07,Mercury,Moon,Semi-Square,0.3,High
2026-04-07,Mercury,Neptune,Sextile,0.35,High
2026-04-07,Venus,Moon,Quintile,0.16,High
2026-04-07,Venus,Jupiter,Sesquiquadrate,1.01,Medium
2026-04-07,Venus,Uranus,Square,1.2,Medium
2026-04-07,Mars,Saturn,Square,0.75,High
2026-04-07,Mars,Uranus,Bi-Quintile,0.55,High
2026-04-07,Mars,Pluto,Semi-Sextile,0.29,High
2026-04-07,Jupiter,Mars,Sextile,1.37,Medium
2026-04-07,Jupiter,Uranus,Trine,0.51,High
2026-04-07,Saturn,Pluto,Sesquiquadrate,1.45,Medium
2026-04-07,Uranus,Moon,Square,1.22,Medium
2026-04-07,Uranus,Mercury,Conjunction,0.9,High
2026-04-07,Uranus,Pluto,Semi-Square,0.99,High
2026-04-07,Neptune,Jupiter,Bi-Quintile,0.25,High
2026-04-07,Neptune,Saturn,Semi-Square,1.16,Medium
2026-04-07,Pluto,Neptune,Square,1.09,Medium
2026-04-07,North Node (Mean),Venus,Square,1.19,Medium
2026-04-08,Sun,Uranus,Sesquiquadrate,0.59,High
2026-04-08,Moon,Pluto,Sextile,0.77,High
2026-04-08,Mercury,Neptune,Sextile,0.31,High
2026-04-08,Venus,Moon,Sextile,0.29,High
2026-04-08,Venus,Mars,Semi-Sextile,1.28,Medium
2026-04-08,Venus,Jupiter,Sesquiquadrate,1.09,Medium
2026-04-08,Venus,Uranus,Square,1.15,Medium
2026-04-08,Mars,Saturn,Square,0.88,High
2026-04-08,Mars,Uranus,Bi-Quintile,0.5,High
2026-04-08,Mars,Pluto,Semi-Sextile,0.28,High
2026-04-08,Jupiter,Moon,Semi-Sextile,0.4,High
2026-04-08,Jupiter,Mars,Sextile,0.59,High
2026-04-08,Jupiter,Uranus,Trine,0.46,High
2026-04-08,Saturn,Mercury,Opposition,0.38,High
2026-04-08,Saturn,Pluto,Sesquiquadrate,1.43,Medium
2026-04-08,Uranus,Sun,Semi-Sextile,0.66,High
2026-04-08,Uranus,Pluto,Semi-Square,1.01,Medium
2026-04-08,Neptune,Mercury,Semi-Sextile,1.14,Medium
2026-04-08,Neptune,Jupiter,Bi-Quintile,0.17,High
2026-04-08,Neptune,Saturn,Semi-Square,1.04,Medium
2026-04-08,Pluto,Moon,Conjunction,1.39,Medium
2026-04-08,Pluto,Neptune,Square,1.13,Medium
2026-04-08,North Node (Mean),Venus,Square,0.04,High
2026-04-09,Sun,Venus,Trine,1.43,Medium
2026-04-09,Sun,Uranus,Sesquiquadrate,0.64,High
2026-04-09,Moon,Pluto,Sextile,0.79,High
2026-04-09,Mercury,Neptune,Sextile,0.27,High
2026-04-09,Venus,Mars,Semi-Sextile,0.5,High
2026-04-09,Venus,Jupiter,Sesquiquadrate,1.18,Medium
2026-04-09,Venus,Uranus,Square,1.11,Medium
2026-04-09,Mars,Saturn,Square,1.0,High
2026-04-09,Mars,Uranus,Bi-Quintile,0.45,High
2026-04-09,Mars,Pluto,Semi-Sextile,0.26,High
2026-04-09,Jupiter,Mars,Sextile,0.19,High
2026-04-09,Jupiter,Uranus,Trine,0.41,High
2026-04-09,Saturn,Mercury,Opposition,0.82,High
2026-04-09,Saturn,Pluto,Sesquiquadrate,1.42,Medium
2026-04-09,Uranus,Sun,Semi-Sextile,0.33,High
2026-04-09,Uranus,Pluto,Semi-Square,1.02,Medium
2026-04-09,Neptune,Mercury,Semi-Sextile,0.06,High
2026-04-09,Neptune,Jupiter,Bi-Quintile,0.08,High
2026-04-09,Neptune,Saturn,Semi-Square,0.92,High
2026-04-09,Pluto,Neptune,Square,1.16,Medium
2026-04-09,North Node (Mean),Moon,Semi-Sextile,1.07,Medium
2026-04-09,North Node (Mean),Venus,Square,1.27,Medium
2026-04-10,Sun,Venus,Trine,0.2,High
2026-04-10,Sun,Uranus,Sesquiquadrate,0.68,High
2026-04-10,Moon,Pluto,Sextile,0.8,High
2026-04-10,Mercury,Neptune,Sextile,0.24,High
2026-04-10,Venus,Mars,Semi-Sextile,0.28,High
2026-04-10,Venus,Jupiter,Sesquiquadrate,1.27,Medium
2026-04-10,Venus,Uranus,Square,1.06,Medium
2026-04-10,Mars,Saturn,Square,1.12,Medium
2026-04-10,Mars,Uranus,Bi-Quintile,0.4,High
2026-04-10,Mars,Pluto,Semi-Sextile,0.25,High
2026-04-10,Jupiter,Mars,Sextile,0.97,High
2026-04-10,Jupiter,Uranus,Trine,0.36,High
2026-04-10,Saturn,Sun,Quincunx,1.13,Medium
2026-04-10,Saturn,Pluto,Sesquiquadrate,1.41,Medium
2026-04-10,Uranus,Sun,Semi-Sextile,1.31,Medium
2026-04-10,Uranus,Pluto,Semi-Square,1.03,Medium
2026-04-10,Neptune,Moon,Semi-Sextile,1.42,Medium
2026-04-10,Neptune,Mercury,Semi-Sextile,1.3,Medium
2026-04-10,Neptune,Jupiter,Bi-Quintile,0.01,High
2026-04-10,Neptune,Saturn,Semi-Square,0.8,High
2026-04-10,Pluto,Mars,Square,0.82,High
2026-04-10,Pluto,Neptune,Square,1.2,Medium
2026-04-11,Sun,Mercury,Quintile,0.42,High
2026-04-11,Sun,Venus,Trine,1.02,Medium
2026-04-11,Sun,Uranus,Sesquiquadrate,0.73,High
2026-04-11,Moon,Pluto,Sextile,0.81,High
2026-04-11,Mercury,Mars,Sextile,1.48,Medium
2026-04-11,Mercury,Neptune,Sextile,0.2,High
2026-04-11,Venus,Mars,Semi-Sextile,1.05,Medium
2026-04-11,Venus,Jupiter,Sesquiquadrate,1.36,Medium
2026-04-11,Venus,Uranus,Square,1.01,Medium
2026-04-11,Mars,Moon,Semi-Sextile,0.6,High
2026-04-11,Mars,Saturn,Square,1.24,Medium
2026-04-11,Mars,Uranus,Bi-Quintile,0.35,High
2026-04-11,Mars,Pluto,Semi-Sextile,0.24,High
2026-04-11,Jupiter,Uranus,Trine,0.31,High
2026-04-11,Saturn,Sun,Quincunx,0.15,High
2026-04-11,Saturn,Moon,Sesquiquadrate,0.56,High
2026-04-11,Saturn,Pluto,Sesquiquadrate,1.4,Medium
2026-04-11,Uranus,Pluto,Semi-Square,1.04,Medium
2026-04-11,Neptune,Sun,Sextile,0.91,High
2026-04-11,Neptune,Jupiter,Bi-Quintile,0.1,High
2026-04-11,Neptune,Saturn,Semi-Square,0.67,High
2026-04-11,Pluto,Mars,Square,0.05,High
2026-04-11,Pluto,Neptune,Square,1.24,Medium
2026-04-11,North Node (Mean),Sun,Quintile,1.21,Medium
2026-04-11,North Node (Mean),Mercury,Semi-Square,0.73,High
2026-04-12,Sun,Mercury,Quintile,0.88,High
2026-04-12,Sun,Uranus,Sesquiquadrate,0.78,High
2026-04-12,Moon,Pluto,Sextile,0.82,High
2026-04-12,Mercury,Mars,Sextile,0.71,High
2026-04-12,Mercury,Neptune,Sextile,0.17,High
2026-04-12,Venus,Jupiter,Sesquiquadrate,1.46,Medium
2026-04-12,Venus,Uranus,Square,0.96,High
2026-04-12,Mars,Saturn,Square,1.37,Medium
2026-04-12,Mars,Uranus,Bi-Quintile,0.31,High
2026-04-12,Mars,Pluto,Semi-Sextile,0.23,High
2026-04-12,Jupiter,Uranus,Trine,0.27,High
2026-04-12,Saturn,Sun,Quincunx,0.83,High
2026-04-12,Saturn,Pluto,Sesquiquadrate,1.38,Medium
2026-04-12,Uranus,Moon,Semi-Sextile,0.56,High
2026-04-12,Uranus,Pluto,Semi-Square,1.06,Medium
2026-04-12,Neptune,Sun,Sextile,0.07,High
2026-04-12,Neptune,Jupiter,Bi-Quintile,0.2,High
2026-04-12,Neptune,Saturn,Semi-Square,0.55,High
2026-04-12,Pluto,Venus,Sesquiquadrate,0.6,High
2026-04-12,Pluto,Mars,Square,0.73,High
2026-04-12,Pluto,Neptune,Square,1.27,Medium
2026-04-12,North Node (Mean),Sun,Quintile,0.23,High
2026-04-12,North Node (Mean),Mercury,Semi-Square,0.58,High
2026-04-13,Sun,Uranus,Sesquiquadrate,0.83,High
2026-04-13,Moon,Pluto,Sextile,0.83,High
2026-04-13,Mercury,Moon,Semi-Sextile,1.12,Medium
2026-04-13,Mercury,Mars,Sextile,0.07,High
2026-04-13,Mercury,Neptune,Sextile,0.13,High
2026-04-13,Venus,Moon,Conjunction,1.42,Medium
2026-04-13,Venus,Uranus,Square,0.91,High
2026-04-13,Mars,Saturn,Square,1.49,Medium
2026-04-13,Mars,Uranus,Bi-Quintile,0.26,High
2026-04-13,Mars,Pluto,Semi-Sextile,0.22,High
2026-04-13,Jupiter,Uranus,Trine,0.22,High
2026-04-13,Saturn,Pluto,Sesquiquadrate,1.37,Medium
2026-04-13,Uranus,Pluto,Semi-Square,1.07,Medium
2026-04-13,Neptune,Sun,Sextile,1.05,Medium
2026-04-13,Neptune,Jupiter,Bi-Quintile,0.3,High
2026-04-13,Neptune,Saturn,Semi-Square,0.43,High
2026-04-13,Pluto,Moon,Sextile,0.32,High
2026-04-13,Pluto,Venus,Sesquiquadrate,0.63,High
2026-04-13,Pluto,Neptune,Square,1.31,Medium
2026-04-13,North Node (Mean),Sun,Quintile,0.75,High
2026-04-14,Sun,Moon,Sextile,1.5,Medium
2026-04-14,Sun,Uranus,Sesquiquadrate,0.88,High
2026-04-14,Moon,Venus,Semi-Square,1.35,Medium
2026-04-14,Moon,Mars,Conjunction,0.91,High
2026-04-14,Moon,Pluto,Sextile,0.84,High
2026-04-14,Mercury,Mars,Sextile,0.85,High
2026-04-14,Mercury,Neptune,Sextile,0.09,High
2026-04-14,Venus,Mercury,Semi-Sextile,1.15,Medium
2026-04-14,Venus,Uranus,Square,0.86,High
2026-04-14,Mars,Uranus,Bi-Quintile,0.21,High
2026-04-14,Mars,Pluto,Semi-Sextile,0.21,High
2026-04-14,Jupiter,Moon,Semi-Square,0.45,High
2026-04-14,Jupiter,Mercury,Sextile,0.45,High
2026-04-14,Jupiter,Uranus,Trine,0.17,High
2026-04-14,Saturn,Pluto,Sesquiquadrate,1.36,Medium
2026-04-14,Uranus,Venus,Sextile,1.11,Medium
2026-04-14,Uranus,Pluto,Semi-Square,1.08,Medium
2026-04-14,Neptune,Jupiter,Bi-Quintile,0.4,High
2026-04-14,Neptune,Saturn,Semi-Square,0.31,High
2026-04-14,Pluto,Neptune,Square,1.34,Medium
2026-04-15,Sun,Uranus,Sesquiquadrate,0.93,High
2026-04-15,Moon,Venus,Semi-Square,0.12,High
2026-04-15,Moon,Mars,Conjunction,0.13,High
2026-04-15,Moon,Pluto,Sextile,0.85,High
2026-04-15,Mercury,Neptune,Sextile,0.06,High
2026-04-15,Venus,Moon,Semi-Sextile,1.46,Medium
2026-04-15,Venus,Mercury,Semi-Sextile,0.25,High
2026-04-15,Venus,Uranus,Square,0.81,High
2026-04-15,Mars,Venus,Sesquiquadrate,1.17,Medium
2026-04-15,Mars,Uranus,Bi-Quintile,0.16,High
2026-04-15,Mars,Pluto,Semi-Sextile,0.2,High
2026-04-15,Jupiter,Moon,Sextile,0.77,High
2026-04-15,Jupiter,Mercury,Sextile,0.95,High
2026-04-15,Jupiter,Uranus,Trine,0.12,High
2026-04-15,Saturn,Pluto,Sesquiquadrate,1.35,Medium
2026-04-15,Uranus,Venus,Sextile,0.11,High
2026-04-15,Uranus,Pluto,Semi-Square,1.09,Medium
2026-04-15,Neptune,Jupiter,Bi-Quintile,0.5,High
2026-04-15,Neptune,Saturn,Semi-Square,0.19,High
2026-04-15,Pluto,Mercury,Square,0.85,High
2026-04-15,Pluto,Neptune,Square,1.38,Medium
2026-04-16,Sun,Moon,Square,0.52,High
2026-04-16,Sun,Uranus,Sesquiquadrate,0.98,High
2026-04-16,Moon,Venus,Semi-Square,1.1,Medium
2026-04-16,Moon,Mars,Conjunction,0.64,High
2026-04-16,Moon,Pluto,Sextile,0.86,High
2026-04-16,Mercury,Neptune,Sextile,0.02,High
2026-04-16,Venus,Uranus,Square,0.76,High
2026-04-16,Mars,Venus,Sesquiquadrate,0.05,High
2026-04-16,Mars,Uranus,Bi-Quintile,0.1,High
2026-04-16,Mars,Pluto,Semi-Sextile,0.19,High
2026-04-16,Jupiter,Moon,Quintile,1.44,Medium
2026-04-16,Jupiter,Uranus,Trine,0.06,High
2026-04-16,Saturn,Sun,Bi-Quintile,1.25,Medium
2026-04-16,Saturn,Venus,Trine,1.11,Medium
2026-04-16,Saturn,Pluto,Sesquiquadrate,1.34,Medium
2026-04-16,Uranus,Venus,Sextile,1.33,Medium
2026-04-16,Uranus,Pluto,Semi-Square,1.1,Medium
2026-04-16,Neptune,Jupiter,Bi-Quintile,0.6,High
2026-04-16,Neptune,Saturn,Semi-Square,0.07,High
2026-04-16,Pluto,Mercury,Square,0.59,High
2026-04-16,Pluto,Neptune,Square,1.42,Medium
2026-04-17,Sun,Uranus,Sesquiquadrate,1.03,Medium
2026-04-17,Moon,Mercury,Conjunction,1.15,Medium
2026-04-17,Moon,Mars,Conjunction,1.42,Medium
2026-04-17,Moon,Pluto,Sextile,0.87,High
2026-04-17,Mercury,Neptune,Sextile,0.01,High
2026-04-17,Venus,Uranus,Square,0.71,High
2026-04-17,Mars,Venus,Sesquiquadrate,1.27,Medium
2026-04-17,Mars,Uranus,Bi-Quintile,0.05,High
2026-04-17,Mars,Pluto,Semi-Sextile,0.18,High
2026-04-17,Jupiter,Uranus,Trine,0.01,High
2026-04-17,Saturn,Sun,Bi-Quintile,0.27,High
2026-04-17,Saturn,Moon,Bi-Quintile,0.19,High
2026-04-17,Saturn,Venus,Trine,0.11,High
2026-04-17,Saturn,Pluto,Sesquiquadrate,1.33,Medium
2026-04-17,Uranus,Pluto,Semi-Square,1.11,Medium
2026-04-17,Neptune,Venus,Square,0.64,High
2026-04-17,Neptune,Jupiter,Bi-Quintile,0.71,High
2026-04-17,Neptune,Saturn,Semi-Square,0.05,High
2026-04-17,Pluto,Neptune,Square,1.45,Medium
2026-04-18,Sun,Moon,Trine,1.12,Medium
2026-04-18,Sun,Uranus,Sesquiquadrate,1.08,Medium
2026-04-18,Moon,Mercury,Conjunction,0.34,High
2026-04-18,Moon,Pluto,Sextile,0.88,High
2026-04-18,Mercury,Neptune,Sextile,0.05,High
2026-04-18,Venus,Moon,Quintile,0.13,High
2026-04-18,Venus,Uranus,Square,0.66,High
2026-04-18,Mars,Mercury,Square,0.7,High
2026-04-18,Mars,Uranus,Bi-Quintile,0.0,High
2026-04-18,Mars,Pluto,Semi-Sextile,0.17,High
2026-04-18,Jupiter,Sun,Square,1.09,Medium
2026-04-18,Jupiter,Uranus,Trine,0.04,High
2026-04-18,Saturn,Sun,Bi-Quintile,0.71,High
2026-04-18,Saturn,Venus,Trine,1.33,Medium
2026-04-18,Saturn,Pluto,Sesquiquadrate,1.33,Medium
2026-04-18,Uranus,Pluto,Semi-Square,1.11,Medium
2026-04-18,Neptune,Venus,Square,0.58,High
2026-04-18,Neptune,Mars,Semi-Square,0.77,High
2026-04-18,Neptune,Jupiter,Bi-Quintile,0.82,High
2026-04-18,Neptune,Saturn,Semi-Square,0.17,High
2026-04-18,Pluto,Neptune,Square,1.49,Medium
2026-04-19,Sun,Moon,Sesquiquadrate,1.19,Medium
2026-04-19,Sun,Uranus,Sesquiquadrate,1.14,Medium
2026-04-19,Moon,Pluto,Sextile,0.89,High
2026-04-19,Mercury,Neptune,Sextile,0.08,High
2026-04-19,Venus,Sun,Sextile,0.81,High
2026-04-19,Venus,Uranus,Square,0.6,High
2026-04-19,Mars,Mercury,Square,0.82,High
2026-04-19,Mars,Uranus,Bi-Quintile,0.05,High
2026-04-19,Mars,Pluto,Semi-Sextile,0.16,High
2026-04-19,Jupiter,Sun,Square,0.12,High
2026-04-19,Jupiter,Uranus,Trine,0.09,High
2026-04-19,Saturn,Pluto,Sesquiquadrate,1.32,Medium
2026-04-19,Uranus,Pluto,Semi-Square,1.12,Medium
2026-04-19,Neptune,Mercury,Semi-Square,1.1,Medium
2026-04-19,Neptune,Mars,Semi-Square,0.0,High
2026-04-19,Neptune,Jupiter,Bi-Quintile,0.94,High
2026-04-19,Neptune,Saturn,Semi-Square,0.29,High
2026-04-19,Pluto,Venus,Bi-Quintile,1.04,Medium
2026-04-20,Sun,Moon,Quincunx,1.29,Medium
2026-04-20,Sun,Uranus,Sesquiquadrate,1.19,Medium
2026-04-20,Moon,Pluto,Sextile,0.9,High
2026-04-20,Mercury,Neptune,Sextile,0.12,High
2026-04-20,Venus,Sun,Sextile,0.17,High
2026-04-20,Venus,Uranus,Square,0.55,High
2026-04-20,Mars,Uranus,Bi-Quintile,0.1,High
2026-04-20,Mars,Pluto,Semi-Sextile,0.15,High
2026-04-20,Jupiter,Sun,Square,0.86,High
2026-04-20,Jupiter,Uranus,Trine,0.14,High
2026-04-20,Saturn,Pluto,Sesquiquadrate,1.31,Medium
2026-04-20,Uranus,Pluto,Semi-Square,1.13,Medium
2026-04-20,Neptune,Mercury,Semi-Square,0.45,High
2026-04-20,Neptune,Mars,Semi-Square,0.77,High
2026-04-20,Neptune,Jupiter,Bi-Quintile,1.05,Medium
2026-04-20,Neptune,Saturn,Semi-Square,0.41,High
2026-04-20,Pluto,Sun,Trine,0.93,High
2026-04-20,Pluto,Venus,Bi-Quintile,0.18,High
2026-04-20,North Node (Mean),Moon,Trine,1.41,Medium
2026-04-21,Sun,Uranus,Sesquiquadrate,1.24,Medium
2026-04-21,Moon,Pluto,Sextile,0.9,High
2026-04-21,Mercury,Sun,Square,1.4,Medium
2026-04-21,Mercury,Moon,Bi-Quintile,0.17,High
2026-04-21,Mercury,Neptune,Sextile,0.15,High
2026-04-21,Venus,Sun,Sextile,1.14,Medium
2026-04-21,Venus,Uranus,Square,0.5,High
2026-04-21,Mars,Uranus,Bi-Quintile,0.16,High
2026-04-21,Mars,Pluto,Semi-Sextile,0.14,High
2026-04-21,Jupiter,Uranus,Trine,0.2,High
2026-04-21,Saturn,Pluto,Sesquiquadrate,1.3,Medium
2026-04-21,Uranus,Pluto,Semi-Square,1.14,Medium
2026-04-21,Neptune,Jupiter,Bi-Quintile,1.17,Medium
2026-04-21,Neptune,Saturn,Semi-Square,0.53,High
2026-04-21,Pluto,Sun,Trine,0.04,High
2026-04-21,Pluto,Venus,Bi-Quintile,1.4,Medium
2026-04-21,North Node (Mean),Moon,Sesquiquadrate,1.14,Medium
2026-04-21,North Node (Mean),Mercury,Sextile,1.27,Medium
2026-04-22,Sun,Venus,Sesquiquadrate,0.55,High
2026-04-22,Sun,Uranus,Sesquiquadrate,1.3,Medium
2026-04-22,Moon,Pluto,Sextile,0.91,High
2026-04-22,Mercury,Sun,Square,0.42,High
2026-04-22,Mercury,Neptune,Sextile,0.19,High
2026-04-22,Venus,Uranus,Square,0.45,High
2026-04-22,Mars,Uranus,Bi-Quintile,0.21,High
2026-04-22,Mars,Pluto,Semi-Sextile,0.14,High
2026-04-22,Jupiter,Mercury,Quintile,0.41,High
2026-04-22,Jupiter,Uranus,Trine,0.25,High
2026-04-22,Saturn,Pluto,Sesquiquadrate,1.3,Medium
2026-04-22,Uranus,Pluto,Semi-Square,1.14,Medium
2026-04-22,Neptune,Jupiter,Bi-Quintile,1.29,Medium
2026-04-22,Neptune,Saturn,Semi-Square,0.65,High
2026-04-22,Pluto,Sun,Trine,1.02,Medium
2026-04-22,North Node (Mean),Moon,Quincunx,0.6,High
2026-04-22,North Node (Mean),Mercury,Sextile,0.34,High
2026-04-22,North Node (Mean),Mars,Sextile,0.98,High
2026-04-23,Sun,Mercury,Square,0.72,High
2026-04-23,Sun,Venus,Sesquiquadrate,0.67,High
2026-04-23,Sun,Uranus,Sesquiquadrate,1.35,Medium
2026-04-23,Moon,Sun,Semi-Sextile,1.2,Medium
2026-04-23,Moon,Pluto,Sextile,0.92,High
2026-04-23,Mercury,Sun,Square,0.55,High
2026-04-23,Mercury,Neptune,Sextile,0.22,High
2026-04-23,Venus,Moon,Bi-Quintile,1.3,Medium
2026-04-23,Venus,Uranus,Square,0.39,High
2026-04-23,Mars,Venus,Bi-Quintile,0.41,High
2026-04-23,Mars,Uranus,Bi-Quintile,0.26,High
2026-04-23,Mars,Pluto,Semi-Sextile,0.13,High
2026-04-23,Jupiter,Mercury,Quintile,1.23,Medium
2026-04-23,Jupiter,Venus,Trine,0.37,High
2026-04-23,Jupiter,Mars,Quintile,0.95,High
2026-04-23,Jupiter,Uranus,Trine,0.3,High
2026-04-23,Saturn,Pluto,Sesquiquadrate,1.29,Medium
2026-04-23,Uranus,Sun,Semi-Square,0.97,High
2026-04-23,Uranus,Jupiter,Trine,1.39,Medium
2026-04-23,Uranus,Pluto,Semi-Square,1.15,Medium
2026-04-23,Neptune,Sun,Quintile,1.17,Medium
2026-04-23,Neptune,Jupiter,Bi-Quintile,1.41,Medium
2026-04-23,Neptune,Saturn,Semi-Square,0.77,High
2026-04-23,Pluto,Uranus,Quincunx,1.49,Medium
2026-04-23,North Node (Mean),Mars,Sextile,0.21,High
2026-04-24,Sun,Mercury,Square,0.94,High
2026-04-24,Sun,Uranus,Sesquiquadrate,1.4,Medium
2026-04-24,Moon,Sun,Semi-Sextile,0.23,High
2026-04-24,Moon,Pluto,Sextile,0.92,High
2026-04-24,Mercury,Neptune,Sextile,0.25,High
2026-04-24,Venus,Mercury,Semi-Square,0.8,High
2026-04-24,Venus,Uranus,Square,0.34,High
2026-04-24,Mars,Sun,Trine,1.28,Medium
2026-04-24,Mars,Venus,Bi-Quintile,0.8,High
2026-04-24,Mars,Uranus,Bi-Quintile,0.32,High
2026-04-24,Mars,Pluto,Semi-Sextile,0.13,High
2026-04-24,Jupiter,Venus,Trine,0.84,High
2026-04-24,Jupiter,Mars,Quintile,0.18,High
2026-04-24,Jupiter,Uranus,Trine,0.36,High
2026-04-24,Saturn,Pluto,Sesquiquadrate,1.28,Medium
2026-04-24,Uranus,Sun,Semi-Square,0.01,High
2026-04-24,Uranus,Venus,Quintile,0.92,High
2026-04-24,Uranus,Jupiter,Trine,1.27,Medium
2026-04-24,Uranus,Pluto,Semi-Square,1.16,Medium
2026-04-24,Neptune,Sun,Quintile,0.19,High
2026-04-24,Neptune,Saturn,Semi-Square,0.88,High
2026-04-24,Pluto,Venus,Quincunx,0.95,High
2026-04-24,Pluto,Uranus,Quincunx,1.44,Medium
2026-04-24,North Node (Mean),Moon,Opposition,1.48,Medium
2026-04-24,North Node (Mean),Mars,Sextile,0.56,High
2026-04-25,Sun,Mars,Square,1.36,Medium
2026-04-25,Sun,Uranus,Sesquiquadrate,1.46,Medium
2026-04-25,Moon,Sun,Semi-Sextile,0.74,High
2026-04-25,Moon,Neptune,Conjunction,1.47,Medium
2026-04-25,Moon,Pluto,Sextile,0.93,High
2026-04-25,Mercury,Venus,Trine,1.18,Medium
2026-04-25,Mercury,Neptune,Sextile,0.29,High
2026-04-25,Venus,Mercury,Semi-Square,0.89,High
2026-04-25,Venus,Uranus,Square,0.28,High
2026-04-25,Mars,Sun,Trine,0.3,High
2026-04-25,Mars,Uranus,Bi-Quintile,0.37,High
2026-04-25,Mars,Pluto,Semi-Sextile,0.12,High
2026-04-25,Jupiter,Mars,Quintile,0.59,High
2026-04-25,Jupiter,Uranus,Trine,0.41,High
2026-04-25,Saturn,Sun,Sesquiquadrate,1.46,Medium
2026-04-25,Saturn,Moon,Semi-Sextile,1.04,Medium
2026-04-25,Saturn,Pluto,Sesquiquadrate,1.28,Medium
2026-04-25,Uranus,Sun,Semi-Square,0.98,High
2026-04-25,Uranus,Venus,Quintile,0.3,High
2026-04-25,Uranus,Jupiter,Trine,1.14,Medium
2026-04-25,Uranus,Pluto,Semi-Square,1.16,Medium
2026-04-25,Neptune,Sun,Quintile,0.78,High
2026-04-25,Neptune,Moon,Opposition,0.28,High
2026-04-25,Neptune,Saturn,Semi-Square,1.0,High
2026-04-25,Pluto,Venus,Quincunx,0.26,High
2026-04-25,Pluto,Uranus,Quincunx,1.38,Medium
2026-04-25,North Node (Mean),Mars,Sextile,1.33,Medium
2026-04-26,Sun,Mars,Square,0.6,High
2026-04-26,Moon,Neptune,Conjunction,1.44,Medium
2026-04-26,Moon,Pluto,Sextile,0.93,High
2026-04-26,Mercury,Venus,Trine,0.04,High
2026-04-26,Mercury,Neptune,Sextile,0.32,High
2026-04-26,Venus,Uranus,Square,0.23,High
2026-04-26,Mars,Sun,Trine,0.67,High
2026-04-26,Mars,Moon,Trine,0.36,High
2026-04-26,Mars,Uranus,Bi-Quintile,0.42,High
2026-04-26,Mars,Pluto,Semi-Sextile,0.12,High
2026-04-26,Jupiter,Moon,Bi-Quintile,0.4,High
2026-04-26,Jupiter,Mars,Quintile,1.36,Medium
2026-04-26,Jupiter,Uranus,Trine,0.46,High
2026-04-26,Saturn,Sun,Sesquiquadrate,0.49,High
2026-04-26,Saturn,Pluto,Sesquiquadrate,1.27,Medium
2026-04-26,Uranus,Mercury,Semi-Sextile,1.45,Medium
2026-04-26,Uranus,Jupiter,Trine,1.01,Medium
2026-04-26,Uranus,Pluto,Semi-Square,1.17,Medium
2026-04-26,Neptune,Saturn,Semi-Square,1.12,Medium
2026-04-26,Pluto,Venus,Quincunx,1.48,Medium
2026-04-26,Pluto,Uranus,Quincunx,1.33,Medium
2026-04-27,Sun,Mars,Square,0.17,High
2026-04-27,Moon,Venus,Sextile,0.51,High
2026-04-27,Moon,Neptune,Conjunction,1.41,Medium
2026-04-27,Moon,Pluto,Sextile,0.94,High
2026-04-27,Mercury,Moon,Sesquiquadrate,1.07,Medium
2026-04-27,Mercury,Venus,Trine,1.25,Medium
2026-04-27,Mercury,Mars,Quintile,1.11,Medium
2026-04-27,Mercury,Neptune,Sextile,0.35,High
2026-04-27,Venus,Uranus,Square,0.18,High
2026-04-27,Mars,Uranus,Bi-Quintile,0.48,High
2026-04-27,Mars,Pluto,Semi-Sextile,0.11,High
2026-04-27,Jupiter,Uranus,Trine,0.52,High
2026-04-27,Saturn,Sun,Sesquiquadrate,0.49,High
2026-04-27,Saturn,Pluto,Sesquiquadrate,1.27,Medium
2026-04-27,Uranus,Moon,Opposition,0.46,High
2026-04-27,Uranus,Mercury,Semi-Sextile,0.3,High
2026-04-27,Uranus,Jupiter,Trine,0.88,High
2026-04-27,Uranus,Pluto,Semi-Square,1.17,Medium
2026-04-27,Neptune,Saturn,Semi-Square,1.23,Medium
2026-04-27,Pluto,Uranus,Quincunx,1.28,Medium
2026-04-28,Sun,Mars,Square,0.94,High
2026-04-28,Moon,Venus,Sextile,0.71,High
2026-04-28,Moon,Neptune,Conjunction,1.37,Medium
2026-04-28,Moon,Pluto,Sextile,0.94,High
2026-04-28,Mercury,Moon,Trine,1.24,Medium
2026-04-28,Mercury,Mars,Quintile,0.34,High
2026-04-28,Mercury,Neptune,Sextile,0.38,High
2026-04-28,Venus,Moon,Quincunx,1.3,Medium
2026-04-28,Venus,Mars,Semi-Square,0.8,High
2026-04-28,Venus,Uranus,Square,0.12,High
2026-04-28,Mars,Venus,Quincunx,0.34,High
2026-04-28,Mars,Uranus,Bi-Quintile,0.53,High
2026-04-28,Mars,Pluto,Semi-Sextile,0.11,High
2026-04-28,Jupiter,Uranus,Trine,0.57,High
2026-04-28,Saturn,Sun,Sesquiquadrate,1.46,Medium
2026-04-28,Saturn,Mercury,Quincunx,0.36,High
2026-04-28,Saturn,Pluto,Sesquiquadrate,1.26,Medium
2026-04-28,Uranus,Jupiter,Trine,0.75,High
2026-04-28,Uranus,Pluto,Semi-Square,1.18,Medium
2026-04-28,Neptune,Mercury,Sextile,1.12,Medium
2026-04-28,Neptune,Saturn,Semi-Square,1.35,Medium
2026-04-28,Pluto,Moon,Square,0.2,High
2026-04-28,Pluto,Uranus,Quincunx,1.22,Medium
2026-04-28,North Node (Mean),Mercury,Quintile,1.42,Medium
2026-04-29,Sun,Moon,Square,0.54,High
2026-04-29,Sun,Venus,Bi-Quintile,1.04,Medium
2026-04-29,Moon,Neptune,Conjunction,1.34,Medium
2026-04-29,Moon,Pluto,Sextile,0.94,High
2026-04-29,Mercury,Mars,Quintile,0.43,High
2026-04-29,Mercury,Neptune,Sextile,0.42,High
2026-04-29,Venus,Moon,Sesquiquadrate,1.2,Medium
2026-04-29,Venus,Mars,Semi-Square,0.03,High
2026-04-29,Venus,Uranus,Square,0.07,High
2026-04-29,Mars,Venus,Quincunx,0.87,High
2026-04-29,Mars,Uranus,Bi-Quintile,0.59,High
2026-04-29,Mars,Pluto,Semi-Sextile,0.1,High
2026-04-29,Jupiter,Uranus,Trine,0.63,High
2026-04-29,Saturn,Mercury,Quincunx,1.45,Medium
2026-04-29,Saturn,Pluto,Sesquiquadrate,1.26,Medium
2026-04-29,Uranus,Jupiter,Trine,0.61,High
2026-04-29,Uranus,Pluto,Semi-Square,1.18,Medium
2026-04-29,Neptune,Mercury,Sextile,0.69,High
2026-04-29,Neptune,Saturn,Semi-Square,1.46,Medium
2026-04-29,Pluto,Uranus,Quincunx,1.17,Medium
2026-04-29,North Node (Mean),Mercury,Quintile,0.39,High
2026-04-30,Sun,Venus,Bi-Quintile,0.17,High
2026-04-30,Moon,Neptune,Conjunction,1.31,Medium
2026-04-30,Moon,Pluto,Sextile,0.95,High
2026-04-30,Mercury,Mars,Quintile,1.2,Medium
2026-04-30,Mercury,Neptune,Sextile,0.45,High
2026-04-30,Venus,Mars,Semi-Square,0.73,High
2026-04-30,Venus,Uranus,Square,0.01,High
2026-04-30,Mars,Uranus,Bi-Quintile,0.64,High
2026-04-30,Mars,Pluto,Semi-Sextile,0.1,High
2026-04-30,Jupiter,Uranus,Trine,0.68,High
2026-04-30,Saturn,Pluto,Sesquiquadrate,1.26,Medium
2026-04-30,Uranus,Moon,Bi-Quintile,1.09,Medium
2026-04-30,Uranus,Jupiter,Trine,0.47,High
2026-04-30,Uranus,Pluto,Semi-Square,1.18,Medium
2026-04-30,Pluto,Uranus,Quincunx,1.11,Medium
2026-04-30,North Node (Mean),Sun,Square,0.66,High
2026-05-01,Sun,Venus,Bi-Quintile,1.38,Medium
2026-05-01,Moon,Neptune,Conjunction,1.28,Medium
2026-05-01,Moon,Pluto,Sextile,0.95,High
2026-05-01,Mercury,Neptune,Sextile,0.48,High
2026-05-01,Venus,Sun,Quintile,1.13,Medium
2026-05-01,Venus,Mars,Semi-Square,1.5,Medium
2026-05-01,Venus,Uranus,Square,0.05,High
2026-05-01,Mars,Uranus,Bi-Quintile,0.7,High
2026-05-01,Mars,Pluto,Semi-Sextile,0.1,High
2026-05-01,Jupiter,Uranus,Trine,0.74,High
2026-05-01,Saturn,Mercury,Bi-Quintile,0.85,High
2026-05-01,Saturn,Pluto,Sesquiquadrate,1.26,Medium
2026-05-01,Uranus,Jupiter,Trine,0.33,High
2026-05-01,Uranus,Pluto,Semi-Square,1.19,Medium
2026-05-01,Pluto,Uranus,Quincunx,1.05,Medium
2026-05-01,North Node (Mean),Sun,Square,0.31,High
2026-05-02,Moon,Neptune,Conjunction,1.25,Medium
2026-05-02,Moon,Pluto,Sextile,0.95,High
2026-05-02,Mercury,Moon,Quintile,0.08,High
2026-05-02,Mercury,Neptune,Sextile,0.51,High
2026-05-02,Venus,Sun,Quintile,0.16,High
2026-05-02,Venus,Mercury,Sextile,1.45,Medium
2026-05-02,Venus,Uranus,Square,0.1,High
2026-05-02,Mars,Moon,Semi-Square,0.12,High
2026-05-02,Mars,Uranus,Bi-Quintile,0.76,High
2026-05-02,Mars,Pluto,Semi-Sextile,0.1,High
2026-05-02,Jupiter,Mercury,Square,0.76,High
2026-05-02,Jupiter,Uranus,Trine,0.8,High
2026-05-02,Saturn,Moon,Sextile,1.04,Medium
2026-05-02,Saturn,Mercury,Bi-Quintile,1.05,Medium
2026-05-02,Saturn,Pluto,Sesquiquadrate,1.25,Medium
2026-05-02,Uranus,Moon,Trine,1.4,Medium
2026-05-02,Uranus,Jupiter,Trine,0.19,High
2026-05-02,Uranus,Pluto,Semi-Square,1.19,Medium
2026-05-02,Pluto,Uranus,Quincunx,1.0,High
2026-05-02,North Node (Mean),Sun,Square,1.28,Medium
2026-05-02,North Node (Mean),Venus,Trine,0.71,High
2026-05-02,North Node (Mean),Saturn,Sextile,1.5,Medium
2026-05-03,Moon,Neptune,Conjunction,1.22,Medium
2026-05-03,Moon,Pluto,Sextile,0.95,High
2026-05-03,Mercury,Moon,Sextile,0.08,High
2026-05-03,Mercury,Neptune,Sextile,0.54,High
2026-05-03,Venus,Sun,Quintile,0.81,High
2026-05-03,Venus,Mercury,Sextile,0.47,High
2026-05-03,Venus,Uranus,Square,0.16,High
2026-05-03,Mars,Uranus,Bi-Quintile,0.81,High
2026-05-03,Mars,Pluto,Semi-Sextile,0.09,High
2026-05-03,Jupiter,Mercury,Square,1.17,Medium
2026-05-03,Jupiter,Uranus,Trine,0.85,High
2026-05-03,Saturn,Moon,Quintile,1.05,Medium
2026-05-03,Saturn,Pluto,Sesquiquadrate,1.25,Medium
2026-05-03,Uranus,Mars,Semi-Sextile,1.03,Medium
2026-05-03,Uranus,Jupiter,Trine,0.05,High
2026-05-03,Uranus,Pluto,Semi-Square,1.19,Medium
2026-05-03,Pluto,Moon,Semi-Sextile,1.36,Medium
2026-05-03,Pluto,Mercury,Trine,0.63,High
2026-05-03,Pluto,Uranus,Quincunx,0.94,High
2026-05-03,North Node (Mean),Venus,Trine,0.5,High
2026-05-03,North Node (Mean),Saturn,Sextile,1.39,Medium
2026-05-04,Sun,Moon,Semi-Sextile,1.11,Medium
2026-05-04,Sun,Venus,Quincunx,0.99,High
2026-05-04,Moon,Neptune,Conjunction,1.19,Medium
2026-05-04,Moon,Pluto,Sextile,0.96,High
2026-05-04,Mercury,Neptune,Sextile,0.57,High
2026-05-04,Venus,Uranus,Square,0.21,High
2026-05-04,Mars,Uranus,Bi-Quintile,0.87,High
2026-05-04,Mars,Pluto,Semi-Sextile,0.09,High
2026-05-04,Jupiter,Moon,Semi-Square,0.07,High
2026-05-04,Jupiter,Uranus,Trine,0.91,High
2026-05-04,Saturn,Pluto,Sesquiquadrate,1.25,Medium
2026-05-04,Uranus,Mars,Semi-Sextile,0.27,High
2026-05-04,Uranus,Jupiter,Trine,0.1,High
2026-05-04,Uranus,Pluto,Semi-Square,1.19,Medium
2026-05-04,Pluto,Mercury,Trine,1.33,Medium
2026-05-04,Pluto,Uranus,Quincunx,0.89,High
2026-05-04,North Node (Mean),Saturn,Sextile,1.28,Medium
2026-05-05,Sun,Venus,Quincunx,0.21,High
2026-05-05,Moon,Mercury,Semi-Sextile,0.11,High
2026-05-05,Moon,Neptune,Conjunction,1.16,Medium
2026-05-05,Moon,Pluto,Sextile,0.96,High
2026-05-05,Mercury,Neptune,Sextile,0.6,High
2026-05-05,Venus,Uranus,Square,0.27,High
2026-05-05,Mars,Mercury,Trine,0.94,High
2026-05-05,Mars,Uranus,Bi-Quintile,0.93,High
2026-05-05,Mars,Pluto,Semi-Sextile,0.09,High
2026-05-05,Jupiter,Venus,Sesquiquadrate,0.83,High
2026-05-05,Jupiter,Uranus,Trine,0.97,High
2026-05-05,Saturn,Pluto,Sesquiquadrate,1.25,Medium
2026-05-05,Uranus,Mercury,Semi-Square,0.35,High
2026-05-05,Uranus,Mars,Semi-Sextile,0.5,High
2026-05-05,Uranus,Jupiter,Trine,0.24,High
2026-05-05,Uranus,Pluto,Semi-Square,1.19,Medium
2026-05-05,Neptune,Mercury,Quintile,0.15,High
2026-05-05,Pluto,Sun,Sesquiquadrate,1.35,Medium
2026-05-05,Pluto,Uranus,Quincunx,0.83,High
2026-05-05,North Node (Mean),Moon,Semi-Square,0.68,High
2026-05-05,North Node (Mean),Saturn,Sextile,1.17,Medium
2026-05-06,Sun,Venus,Quincunx,1.42,Medium
2026-05-06,Moon,Neptune,Conjunction,1.13,Medium
2026-05-06,Moon,Pluto,Sextile,0.96,High
2026-05-06,Mercury,Neptune,Sextile,0.63,High
2026-05-06,Venus,Uranus,Square,0.33,High
2026-05-06,Mars,Mercury,Trine,1.07,Medium
2026-05-06,Mars,Uranus,Bi-Quintile,0.98,High
2026-05-06,Mars,Pluto,Semi-Sextile,0.09,High
2026-05-06,Jupiter,Venus,Sesquiquadrate,0.37,High
2026-05-06,Jupiter,Uranus,Trine,1.02,Medium
2026-05-06,Saturn,Mercury,Sesquiquadrate,0.09,High
2026-05-06,Saturn,Mars,Quincunx,1.18,Medium
2026-05-06,Saturn,Pluto,Sesquiquadrate,1.25,Medium
2026-05-06,Uranus,Moon,Quintile,1.03,Medium
2026-05-06,Uranus,Mars,Semi-Sextile,1.26,Medium
2026-05-06,Uranus,Jupiter,Trine,0.39,High
2026-05-06,Uranus,Pluto,Semi-Square,1.19,Medium
2026-05-06,Neptune,Moon,Semi-Square,0.84,High
2026-05-06,Pluto,Sun,Sesquiquadrate,0.38,High
2026-05-06,Pluto,Uranus,Quincunx,0.77,High
2026-05-06,North Node (Mean),Saturn,Sextile,1.06,Medium
2026-05-07,Moon,Venus,Quintile,0.41,High
2026-05-07,Moon,Neptune,Conjunction,1.1,Medium
2026-05-07,Moon,Pluto,Sextile,0.96,High
2026-05-07,Mercury,Neptune,Sextile,0.66,High
2026-05-07,Venus,Uranus,Square,0.39,High
2026-05-07,Mars,Uranus,Bi-Quintile,1.04,Medium
2026-05-07,Mars,Pluto,Semi-Sextile,0.09,High
2026-05-07,Jupiter,Uranus,Trine,1.08,Medium
2026-05-07,Saturn,Moon,Trine,1.5,Medium
2026-05-07,Saturn,Mars,Quincunx,0.42,High
2026-05-07,Saturn,Pluto,Sesquiquadrate,1.25,Medium
2026-05-07,Uranus,Moon,Sextile,0.94,High
2026-05-07,Uranus,Jupiter,Trine,0.54,High
2026-05-07,Uranus,Pluto,Semi-Square,1.19,Medium
2026-05-07,Neptune,Mars,Sextile,1.18,Medium
2026-05-07,Pluto,Sun,Sesquiquadrate,0.59,High
2026-05-07,Pluto,Uranus,Quincunx,0.72,High
2026-05-07,North Node (Mean),Mars,Quintile,1.48,Medium
2026-05-07,North Node (Mean),Saturn,Sextile,0.95,High
2026-05-08,Moon,Venus,Quintile,0.79,High
2026-05-08,Moon,Neptune,Conjunction,1.07,Medium
2026-05-08,Moon,Pluto,Sextile,0.96,High
2026-05-08,Mercury,Moon,Conjunction,0.51,High
2026-05-08,Mercury,Venus,Sesquiquadrate,0.45,High
2026-05-08,Mercury,Neptune,Sextile,0.69,High
2026-05-08,Venus,Mercury,Quintile,1.48,Medium
2026-05-08,Venus,Uranus,Square,0.44,High
2026-05-08,Mars,Uranus,Bi-Quintile,1.1,Medium
2026-05-08,Mars,Pluto,Semi-Sextile,0.09,High
2026-05-08,Jupiter,Uranus,Trine,1.14,Medium
2026-05-08,Saturn,Mars,Quincunx,0.34,High
2026-05-08,Saturn,Pluto,Sesquiquadrate,1.25,Medium
2026-05-08,Uranus,Sun,Sextile,1.41,Medium
2026-05-08,Uranus,Jupiter,Trine,0.7,High
2026-05-08,Uranus,Pluto,Semi-Square,1.19,Medium
2026-05-08,Neptune,Mars,Sextile,0.42,High
2026-05-08,Pluto,Moon,Semi-Sextile,0.93,High
2026-05-08,Pluto,Uranus,Quincunx,0.66,High
2026-05-08,North Node (Mean),Mercury,Square,0.04,High
2026-05-08,North Node (Mean),Mars,Quintile,0.72,High
2026-05-08,North Node (Mean),Saturn,Sextile,0.84,High
2026-05-09,Sun,Moon,Semi-Sextile,0.99,High
2026-05-09,Sun,Mercury,Trine,0.65,High
2026-05-09,Moon,Sun,Semi-Square,0.67,High
2026-05-09,Moon,Neptune,Conjunction,1.04,Medium
2026-05-09,Moon,Pluto,Sextile,0.95,High
2026-05-09,Mercury,Venus,Sesquiquadrate,0.75,High
2026-05-09,Mercury,Neptune,Sextile,0.72,High
2026-05-09,Venus,Mercury,Quintile,0.6,High
2026-05-09,Venus,Uranus,Square,0.5,High
2026-05-09,Mars,Uranus,Bi-Quintile,1.15,Medium
2026-05-09,Mars,Pluto,Semi-Sextile,0.09,High
2026-05-09,Jupiter,Saturn,Quintile,1.48,Medium
2026-05-09,Jupiter,Uranus,Trine,1.19,Medium
2026-05-09,Saturn,Moon,Bi-Quintile,1.25,Medium
2026-05-09,Saturn,Mars,Quincunx,1.1,Medium
2026-05-09,Saturn,Pluto,Sesquiquadrate,1.25,Medium
2026-05-09,Uranus,Sun,Sextile,0.44,High
2026-05-09,Uranus,Venus,Square,0.77,High
2026-05-09,Uranus,Jupiter,Trine,0.85,High
2026-05-09,Uranus,Pluto,Semi-Square,1.19,Medium
2026-05-09,Neptune,Mars,Sextile,0.34,High
2026-05-09,Pluto,Uranus,Quincunx,0.6,High
2026-05-09,North Node (Mean),Mars,Quintile,0.04,High
2026-05-09,North Node (Mean),Saturn,Sextile,0.74,High
2026-05-10,Sun,Mercury,Trine,1.46,Medium
2026-05-10,Moon,Sun,Semi-Square,0.29,High
2026-05-10,Moon,Neptune,Conjunction,1.01,Medium
2026-05-10,Moon,Pluto,Sextile,0.95,High
2026-05-10,Mercury,Neptune,Sextile,0.75,High
2026-05-10,Venus,Uranus,Square,0.56,High
2026-05-10,Mars,Sun,Sesquiquadrate,0.76,High
2026-05-10,Mars,Uranus,Bi-Quintile,1.21,Medium
2026-05-10,Mars,Pluto,Semi-Sextile,0.09,High
2026-05-10,Jupiter,Saturn,Quintile,1.37,Medium
2026-05-10,Jupiter,Uranus,Trine,1.25,Medium
2026-05-10,Saturn,Jupiter,Sextile,1.43,Medium
2026-05-10,Saturn,Pluto,Sesquiquadrate,1.25,Medium
2026-05-10,Uranus,Sun,Sextile,0.53,High
2026-05-10,Uranus,Venus,Square,0.43,High
2026-05-10,Uranus,Jupiter,Trine,1.01,Medium
2026-05-10,Uranus,Pluto,Semi-Square,1.19,Medium
2026-05-10,Neptune,Mars,Sextile,1.1,Medium
2026-05-10,Pluto,Mercury,Sesquiquadrate,1.39,Medium
2026-05-10,Pluto,Uranus,Quincunx,0.54,High
2026-05-10,North Node (Mean),Mars,Quintile,0.8,High
2026-05-10,North Node (Mean),Saturn,Sextile,0.63,High
2026-05-11,Moon,Sun,Semi-Square,1.26,Medium
2026-05-11,Moon,Neptune,Conjunction,0.98,High
2026-05-11,Moon,Pluto,Sextile,0.95,High
2026-05-11,Mercury,Neptune,Sextile,0.78,High
2026-05-11,Venus,Uranus,Square,0.61,High
2026-05-11,Mars,Sun,Sesquiquadrate,0.21,High
2026-05-11,Mars,Uranus,Bi-Quintile,1.27,Medium
2026-05-11,Mars,Pluto,Semi-Sextile,0.1,High
2026-05-11,Jupiter,Saturn,Quintile,1.27,Medium
2026-05-11,Jupiter,Uranus,Trine,1.31,Medium
2026-05-11,Saturn,Sun,Trine,0.95,High
2026-05-11,Saturn,Venus,Square,0.8,High
2026-05-11,Saturn,Jupiter,Sextile,1.28,Medium
2026-05-11,Saturn,Pluto,Sesquiquadrate,1.25,Medium
2026-05-11,Uranus,Sun,Sextile,1.49,Medium
2026-05-11,Uranus,Jupiter,Trine,1.17,Medium
2026-05-11,Uranus,Pluto,Semi-Square,1.19,Medium
2026-05-11,Pluto,Mercury,Sesquiquadrate,0.74,High
2026-05-11,Pluto,Uranus,Quincunx,0.49,High
2026-05-11,North Node (Mean),Moon,Semi-Sextile,0.96,High
2026-05-11,North Node (Mean),Saturn,Sextile,0.53,High
2026-05-12,Moon,Mercury,Semi-Square,0.3,High
2026-05-12,Moon,Neptune,Conjunction,0.95,High
2026-05-12,Moon,Pluto,Sextile,0.95,High
2026-05-12,Mercury,Neptune,Sextile,0.81,High
2026-05-12,Venus,Uranus,Square,0.67,High
2026-05-12,Mars,Sun,Sesquiquadrate,1.18,Medium
2026-05-12,Mars,Mercury,Sesquiquadrate,1.35,Medium
2026-05-12,Mars,Uranus,Bi-Quintile,1.33,Medium
2026-05-12,Mars,Pluto,Semi-Sextile,0.1,High
2026-05-12,Jupiter,Venus,Bi-Quintile,1.4,Medium
2026-05-12,Jupiter,Saturn,Quintile,1.16,Medium
2026-05-12,Jupiter,Uranus,Trine,1.37,Medium
2026-05-12,Saturn,Sun,Trine,0.02,High
2026-05-12,Saturn,Moon,Opposition,1.39,Medium
2026-05-12,Saturn,Venus,Square,0.4,High
2026-05-12,Saturn,Jupiter,Sextile,1.12,Medium
2026-05-12,Saturn,Pluto,Sesquiquadrate,1.26,Medium
2026-05-12,Uranus,Mercury,Sextile,0.07,High
2026-05-12,Uranus,Jupiter,Trine,1.33,Medium
2026-05-12,Uranus,Pluto,Semi-Square,1.18,Medium
2026-05-12,Neptune,Sun,Square,0.74,High
2026-05-12,Neptune,Moon,Semi-Sextile,0.63,High
2026-05-12,Neptune,Venus,Trine,0.36,High
2026-05-12,Pluto,Uranus,Quincunx,0.43,High
2026-05-12,North Node (Mean),Saturn,Sextile,0.42,High
2026-05-13,Moon,Neptune,Conjunction,0.93,High
2026-05-13,Moon,Pluto,Sextile,0.95,High
2026-05-13,Mercury,Neptune,Sextile,0.83,High
2026-05-13,Venus,Uranus,Square,0.73,High
2026-05-13,Mars,Moon,Square,1.31,Medium
2026-05-13,Mars,Mercury,Sesquiquadrate,0.81,High
2026-05-13,Mars,Uranus,Bi-Quintile,1.39,Medium
2026-05-13,Mars,Pluto,Semi-Sextile,0.1,High
2026-05-13,Jupiter,Venus,Bi-Quintile,0.2,High
2026-05-13,Jupiter,Saturn,Quintile,1.06,Medium
2026-05-13,Jupiter,Uranus,Trine,1.43,Medium
2026-05-13,Saturn,Sun,Trine,0.99,High
2026-05-13,Saturn,Mercury,Trine,0.35,High
2026-05-13,Saturn,Jupiter,Sextile,0.95,High
2026-05-13,Saturn,Pluto,Sesquiquadrate,1.26,Medium
2026-05-13,Uranus,Jupiter,Trine,1.49,Medium
2026-05-13,Uranus,Pluto,Semi-Square,1.18,Medium
2026-05-13,Neptune,Sun,Square,0.23,High
2026-05-13,Neptune,Moon,Semi-Square,0.61,High
2026-05-13,Neptune,Mercury,Square,1.1,Medium
2026-05-13,Neptune,Venus,Trine,0.84,High
2026-05-13,Pluto,Uranus,Quincunx,0.37,High
2026-05-13,North Node (Mean),Saturn,Sextile,0.32,High
2026-05-14,Moon,Neptune,Conjunction,0.9,High
2026-05-14,Moon,Pluto,Sextile,0.94,High
2026-05-14,Mercury,Neptune,Sextile,0.86,High
2026-05-14,Venus,Uranus,Square,0.79,High
2026-05-14,Mars,Uranus,Bi-Quintile,1.44,Medium
2026-05-14,Mars,Pluto,Semi-Sextile,0.11,High
2026-05-14,Jupiter,Venus,Bi-Quintile,1.0,High
2026-05-14,Jupiter,Saturn,Quintile,0.96,High
2026-05-14,Jupiter,Uranus,Trine,1.48,Medium
2026-05-14,Saturn,Moon,Quincunx,0.6,High
2026-05-14,Saturn,Mars,Bi-Quintile,1.11,Medium
2026-05-14,Saturn,Jupiter,Sextile,0.79,High
2026-05-14,Saturn,Pluto,Sesquiquadrate,1.26,Medium
2026-05-14,Uranus,Pluto,Semi-Square,1.18,Medium
2026-05-14,Neptune,Sun,Square,1.19,Medium
2026-05-14,Neptune,Moon,Sextile,1.36,Medium
2026-05-14,Neptune,Mercury,Square,1.07,Medium
2026-05-14,Pluto,Uranus,Quincunx,0.31,High
2026-05-14,North Node (Mean),Venus,Sesquiquadrate,1.26,Medium
2026-05-14,North Node (Mean),Saturn,Sextile,0.21,High
2026-05-15,Moon,Neptune,Conjunction,0.87,High
2026-05-15,Moon,Pluto,Sextile,0.94,High
2026-05-15,Mercury,Venus,Bi-Quintile,1.04,Medium
2026-05-15,Mercury,Neptune,Sextile,0.89,High
2026-05-15,Venus,Uranus,Square,0.85,High
2026-05-15,Mars,Moon,Trine,0.25,High
2026-05-15,Mars,Uranus,Bi-Quintile,1.5,Medium
2026-05-15,Mars,Pluto,Semi-Sextile,0.11,High
2026-05-15,Jupiter,Saturn,Quintile,0.86,High
2026-05-15,Saturn,Moon,Sesquiquadrate,0.91,High
2026-05-15,Saturn,Mars,Bi-Quintile,0.35,High
2026-05-15,Saturn,Jupiter,Sextile,0.63,High
2026-05-15,Saturn,Pluto,Sesquiquadrate,1.27,Medium
2026-05-15,Uranus,Pluto,Semi-Square,1.17,Medium
2026-05-15,Neptune,Moon,Quintile,1.34,Medium
2026-05-15,Neptune,Jupiter,Quincunx,1.38,Medium
2026-05-15,Pluto,Sun,Bi-Quintile,0.68,High
2026-05-15,Pluto,Mercury,Bi-Quintile,0.41,High
2026-05-15,Pluto,Uranus,Quincunx,0.25,High
2026-05-15,North Node (Mean),Venus,Sesquiquadrate,0.06,High
2026-05-15,North Node (Mean),Saturn,Sextile,0.11,High
2026-05-16,Sun,Mercury,Sesquiquadrate,0.56,High
2026-05-16,Moon,Neptune,Conjunction,0.85,High
2026-05-16,Moon,Pluto,Sextile,0.93,High
2026-05-16,Mercury,Venus,Bi-Quintile,0.16,High
2026-05-16,Mercury,Neptune,Sextile,0.91,High
2026-05-16,Venus,Uranus,Square,0.9,High
2026-05-16,Mars,Moon,Sesquiquadrate,0.29,High
2026-05-16,Mars,Pluto,Semi-Sextile,0.11,High
2026-05-16,Jupiter,Mars,Square,1.4,Medium
2026-05-16,Jupiter,Saturn,Quintile,0.76,High
2026-05-16,Saturn,Moon,Trine,0.87,High
2026-05-16,Saturn,Mars,Bi-Quintile,0.41,High
2026-05-16,Saturn,Jupiter,Sextile,0.46,High
2026-05-16,Saturn,Pluto,Sesquiquadrate,1.27,Medium
2026-05-16,Uranus,Pluto,Semi-Square,1.17,Medium
2026-05-16,Neptune,Jupiter,Quincunx,1.22,Medium
2026-05-16,Pluto,Sun,Bi-Quintile,0.28,High
2026-05-16,Pluto,Uranus,Quincunx,0.2,High
2026-05-16,North Node (Mean),Venus,Sesquiquadrate,1.14,Medium
2026-05-16,North Node (Mean),Saturn,Sextile,0.01,High
2026-05-17,Sun,Moon,Bi-Quintile,1.4,Medium
2026-05-17,Moon,Neptune,Conjunction,0.82,High
2026-05-17,Moon,Pluto,Sextile,0.93,High
2026-05-17,Mercury,Venus,Bi-Quintile,1.36,Medium
2026-05-17,Mercury,Neptune,Sextile,0.94,High
2026-05-17,Venus,Mercury,Square,0.11,High
2026-05-17,Venus,Mars,Sextile,1.34,Medium
2026-05-17,Venus,Uranus,Square,0.96,High
2026-05-17,Mars,Moon,Quincunx,0.51,High
2026-05-17,Mars,Mercury,Bi-Quintile,0.54,High
2026-05-17,Mars,Pluto,Semi-Sextile,0.12,High
2026-05-17,Jupiter,Mercury,Trine,0.58,High
2026-05-17,Jupiter,Venus,Quincunx,1.41,Medium
2026-05-17,Jupiter,Mars,Square,0.64,High
2026-05-17,Jupiter,Saturn,Quintile,0.66,High
2026-05-17,Saturn,Mars,Bi-Quintile,1.16,Medium
2026-05-17,Saturn,Jupiter,Sextile,0.29,High
2026-05-17,Saturn,Pluto,Sesquiquadrate,1.28,Medium
2026-05-17,Uranus,Mercury,Quintile,1.18,Medium
2026-05-17,Uranus,Pluto,Semi-Square,1.16,Medium
2026-05-17,Neptune,Jupiter,Quincunx,1.05,Medium
2026-05-17,Pluto,Sun,Bi-Quintile,1.25,Medium
2026-05-17,Pluto,Mercury,Quincunx,1.21,Medium
2026-05-17,Pluto,Uranus,Quincunx,0.14,High
2026-05-17,North Node (Mean),Saturn,Sextile,0.09,High
2026-05-18,Moon,Neptune,Conjunction,0.79,High
2026-05-18,Moon,Pluto,Sextile,0.92,High
2026-05-18,Mercury,Neptune,Sextile,0.97,High
2026-05-18,Venus,Mars,Sextile,0.58,High
2026-05-18,Venus,Uranus,Square,1.02,Medium
2026-05-18,Mars,Pluto,Semi-Sextile,0.12,High
2026-05-18,Jupiter,Venus,Quincunx,0.21,High
2026-05-18,Jupiter,Mars,Square,0.11,High
2026-05-18,Jupiter,Saturn,Quintile,0.56,High
2026-05-18,Saturn,Moon,Square,0.42,High
2026-05-18,Saturn,Jupiter,Sextile,0.12,High
2026-05-18,Saturn,Pluto,Sesquiquadrate,1.28,Medium
2026-05-18,Uranus,Mercury,Quintile,1.0,High
2026-05-18,Uranus,Pluto,Semi-Square,1.16,Medium
2026-05-18,Neptune,Moon,Trine,1.18,Medium
2026-05-18,Neptune,Jupiter,Quincunx,0.88,High
2026-05-18,Pluto,Mercury,Quincunx,0.97,High
2026-05-18,Pluto,Uranus,Quincunx,0.08,High
2026-05-18,North Node (Mean),Saturn,Sextile,0.19,High
2026-05-19,Moon,Mercury,Sextile,0.06,High
2026-05-19,Moon,Neptune,Conjunction,0.77,High
2026-05-19,Moon,Pluto,Sextile,0.92,High
2026-05-19,Mercury,Uranus,Trine,1.46,Medium
2026-05-19,Mercury,Neptune,Sextile,0.99,High
2026-05-19,Venus,Mars,Sextile,0.17,High
2026-05-19,Venus,Uranus,Square,1.08,Medium
2026-05-19,Mars,Sun,Bi-Quintile,1.07,Medium
2026-05-19,Mars,Moon,Opposition,0.78,High
2026-05-19,Mars,Mercury,Quincunx,1.11,Medium
2026-05-19,Mars,Pluto,Semi-Sextile,0.13,High
2026-05-19,Jupiter,Sun,Trine,1.03,Medium
2026-05-19,Jupiter,Venus,Quincunx,0.98,High
2026-05-19,Jupiter,Mars,Square,0.86,High
2026-05-19,Jupiter,Saturn,Quintile,0.46,High
2026-05-19,Saturn,Jupiter,Sextile,0.05,High
2026-05-19,Saturn,Pluto,Sesquiquadrate,1.29,Medium
2026-05-19,Uranus,Pluto,Semi-Square,1.15,Medium
2026-05-19,Neptune,Moon,Sesquiquadrate,1.13,Medium
2026-05-19,Neptune,Jupiter,Quincunx,0.71,High
2026-05-19,Pluto,Venus,Opposition,0.81,High
2026-05-19,Pluto,Mars,Trine,0.93,High
2026-05-19,Pluto,Uranus,Quincunx,0.02,High
2026-05-19,North Node (Mean),Saturn,Sextile,0.29,High
2026-05-20,Sun,Mercury,Bi-Quintile,0.87,High
2026-05-20,Moon,Neptune,Conjunction,0.74,High
2026-05-20,Moon,Pluto,Sextile,0.91,High
2026-05-20,Mercury,Venus,Quincunx,1.06,Medium
2026-05-20,Mercury,Uranus,Trine,1.4,Medium
2026-05-20,Mercury,Neptune,Sextile,1.02,Medium
2026-05-20,Venus,Sun,Square,0.76,High
2026-05-20,Venus,Mars,Sextile,0.92,High
2026-05-20,Venus,Uranus,Square,1.14,Medium
2026-05-20,Mars,Sun,Bi-Quintile,0.11,High
2026-05-20,Mars,Mercury,Quincunx,1.04,Medium
2026-05-20,Mars,Pluto,Semi-Sextile,0.14,High
2026-05-20,Jupiter,Sun,Trine,0.07,High
2026-05-20,Jupiter,Saturn,Quintile,0.36,High
2026-05-20,Saturn,Moon,Sextile,0.64,High
2026-05-20,Saturn,Jupiter,Sextile,0.22,High
2026-05-20,Saturn,Pluto,Sesquiquadrate,1.29,Medium
2026-05-20,Uranus,Pluto,Semi-Square,1.15,Medium
2026-05-20,Neptune,Moon,Quincunx,1.4,Medium
2026-05-20,Neptune,Jupiter,Quincunx,0.54,High
2026-05-20,Pluto,Venus,Opposition,0.38,High
2026-05-20,Pluto,Mars,Trine,0.18,High
2026-05-20,Pluto,Uranus,Quincunx,0.04,High
2026-05-20,North Node (Mean),Saturn,Sextile,0.38,High
2026-05-21,Sun,Mercury,Bi-Quintile,1.26,Medium
2026-05-21,Moon,Neptune,Conjunction,0.72,High
2026-05-21,Moon,Pluto,Sextile,0.91,High
2026-05-21,Mercury,Venus,Quincunx,0.14,High
2026-05-21,Mercury,Mars,Square,0.87,High
2026-05-21,Mercury,Uranus,Trine,1.34,Medium
2026-05-21,Mercury,Neptune,Sextile,1.04,Medium
2026-05-21,Venus,Sun,Square,0.2,High
2026-05-21,Venus,Uranus,Square,1.2,Medium
2026-05-21,Mars,Sun,Bi-Quintile,0.86,High
2026-05-21,Mars,Moon,Quincunx,0.16,High
2026-05-21,Mars,Pluto,Semi-Sextile,0.14,High
2026-05-21,Jupiter,Sun,Trine,0.9,High
2026-05-21,Jupiter,Saturn,Quintile,0.26,High
2026-05-21,Saturn,Moon,Semi-Square,1.31,Medium
2026-05-21,Saturn,Jupiter,Sextile,0.4,High
2026-05-21,Saturn,Pluto,Sesquiquadrate,1.3,Medium
2026-05-21,Uranus,Sun,Quintile,0.86,High
2026-05-21,Uranus,Moon,Sesquiquadrate,1.13,Medium
2026-05-21,Uranus,Pluto,Semi-Square,1.14,Medium
2026-05-21,Neptune,Jupiter,Quincunx,0.36,High
2026-05-21,Pluto,Sun,Quincunx,0.9,High
2026-05-21,Pluto,Mars,Trine,0.57,High
2026-05-21,Pluto,Uranus,Quincunx,0.1,High
2026-05-21,North Node (Mean),Saturn,Sextile,0.48,High
2026-05-22,Sun,Moon,Bi-Quintile,0.18,High
2026-05-22,Moon,Venus,Square,0.43,High
2026-05-22,Moon,Neptune,Conjunction,0.7,High
2026-05-22,Moon,Pluto,Sextile,0.9,High
2026-05-22,Mercury,Sun,Trine,1.38,Medium
2026-05-22,Mercury,Venus,Quincunx,1.33,Medium
2026-05-22,Mercury,Mars,Square,0.12,High
2026-05-22,Mercury,Uranus,Trine,1.28,Medium
2026-05-22,Mercury,Neptune,Sextile,1.06,Medium
2026-05-22,Venus,Sun,Square,1.16,Medium
2026-05-22,Venus,Uranus,Square,1.26,Medium
2026-05-22,Mars,Moon,Sesquiquadrate,1.27,Medium
2026-05-22,Mars,Venus,Opposition,1.48,Medium
2026-05-22,Mars,Pluto,Semi-Sextile,0.15,High
2026-05-22,Jupiter,Saturn,Quintile,0.17,High
2026-05-22,Saturn,Jupiter,Sextile,0.57,High
2026-05-22,Saturn,Pluto,Sesquiquadrate,1.31,Medium
2026-05-22,Uranus,Sun,Quintile,0.1,High
2026-05-22,Uranus,Moon,Quincunx,0.02,High
2026-05-22,Uranus,Pluto,Semi-Square,1.13,Medium
2026-05-22,Neptune,Jupiter,Quincunx,0.19,High
2026-05-22,Pluto,Sun,Quincunx,0.06,High
2026-05-22,Pluto,Mars,Trine,1.32,Medium
2026-05-22,Pluto,Uranus,Quincunx,0.15,High
2026-05-22,North Node (Mean),Mercury,Trine,0.07,High
2026-05-22,North Node (Mean),Venus,Bi-Quintile,0.69,High
2026-05-22,North Node (Mean),Saturn,Sextile,0.58,High
2026-05-23,Sun,Mercury,Quincunx,0.54,High
2026-05-23,Moon,Venus,Square,0.76,High
2026-05-23,Moon,Mars,Semi-Sextile,1.13,Medium
2026-05-23,Moon,Neptune,Conjunction,0.67,High
2026-05-23,Moon,Pluto,Sextile,0.89,High
2026-05-23,Mercury,Sun,Trine,0.41,High
2026-05-23,Mercury,Moon,Quincunx,0.01,High
2026-05-23,Mercury,Mars,Square,0.63,High
2026-05-23,Mercury,Uranus,Trine,1.23,Medium
2026-05-23,Mercury,Neptune,Sextile,1.09,Medium
2026-05-23,Venus,Uranus,Square,1.31,Medium
2026-05-23,Mars,Venus,Opposition,0.29,High
2026-05-23,Mars,Pluto,Semi-Sextile,0.16,High
2026-05-23,Jupiter,Saturn,Quintile,0.07,High
2026-05-23,Saturn,Jupiter,Sextile,0.75,High
2026-05-23,Saturn,Pluto,Sesquiquadrate,1.31,Medium
2026-05-23,Uranus,Sun,Quintile,1.06,Medium
2026-05-23,Uranus,Mars,Semi-Square,0.89,High
2026-05-23,Uranus,Pluto,Semi-Square,1.13,Medium
2026-05-23,Neptune,Mars,Quintile,1.09,Medium
2026-05-23,Neptune,Jupiter,Quincunx,0.01,High
2026-05-23,Pluto,Sun,Quincunx,1.02,Medium
2026-05-23,Pluto,Moon,Trine,1.44,Medium
2026-05-23,Pluto,Uranus,Quincunx,0.21,High
2026-05-23,North Node (Mean),Venus,Bi-Quintile,0.5,High
2026-05-23,North Node (Mean),Saturn,Sextile,0.67,High
2026-05-24,Moon,Sun,Sextile,1.21,Medium
2026-05-24,Moon,Mars,Semi-Sextile,0.38,High
2026-05-24,Moon,Neptune,Conjunction,0.65,High
2026-05-24,Moon,Pluto,Sextile,0.88,High
2026-05-24,Mercury,Sun,Trine,0.55,High
2026-05-24,Mercury,Mars,Square,1.38,Medium
2026-05-24,Mercury,Uranus,Trine,1.17,Medium
2026-05-24,Mercury,Neptune,Sextile,1.11,Medium
2026-05-24,Venus,Uranus,Square,1.37,Medium
2026-05-24,Mars,Venus,Opposition,0.9,High
2026-05-24,Mars,Pluto,Semi-Sextile,0.16,High
2026-05-24,Jupiter,Moon,Sesquiquadrate,1.32,Medium
2026-05-24,Jupiter,Mercury,Sesquiquadrate,0.46,High
2026-05-24,Jupiter,Saturn,Quintile,0.02,High
2026-05-24,Saturn,Jupiter,Sextile,0.93,High
2026-05-24,Saturn,Pluto,Sesquiquadrate,1.32,Medium
2026-05-24,Uranus,Mars,Semi-Square,0.14,High
2026-05-24,Uranus,Pluto,Semi-Square,1.12,Medium
2026-05-24,Neptune,Venus,Sesquiquadrate,1.01,Medium
2026-05-24,Neptune,Mars,Quintile,0.34,High
2026-05-24,Neptune,Jupiter,Quincunx,0.17,High
2026-05-24,Pluto,Uranus,Quincunx,0.27,High
2026-05-24,North Node (Mean),Moon,Bi-Quintile,0.93,High
2026-05-24,North Node (Mean),Saturn,Sextile,0.76,High
2026-05-25,Moon,Sun,Sextile,0.25,High
2026-05-25,Moon,Mercury,Quintile,0.49,High
2026-05-25,Moon,Mars,Semi-Sextile,0.37,High
2026-05-25,Moon,Neptune,Conjunction,0.63,High
2026-05-25,Moon,Pluto,Sextile,0.87,High
2026-05-25,Mercury,Uranus,Trine,1.11,Medium
2026-05-25,Mercury,Neptune,Sextile,1.13,Medium
2026-05-25,Venus,Jupiter,Bi-Quintile,1.39,Medium
2026-05-25,Venus,Uranus,Square,1.43,Medium
2026-05-25,Mars,Sun,Quincunx,1.3,Medium
2026-05-25,Mars,Pluto,Semi-Sextile,0.17,High
2026-05-25,Jupiter,Moon,Trine,0.91,High
2026-05-25,Jupiter,Saturn,Quintile,0.11,High
2026-05-25,Saturn,Jupiter,Sextile,1.11,Medium
2026-05-25,Saturn,Pluto,Sesquiquadrate,1.33,Medium
2026-05-25,Uranus,Mars,Semi-Square,0.61,High
2026-05-25,Uranus,Pluto,Semi-Square,1.11,Medium
2026-05-25,Neptune,Moon,Bi-Quintile,0.13,High
2026-05-25,Neptune,Venus,Sesquiquadrate,0.18,High
2026-05-25,Neptune,Mars,Quintile,0.41,High
2026-05-25,Neptune,Jupiter,Quincunx,0.35,High
2026-05-25,Pluto,Uranus,Quincunx,0.33,High
2026-05-25,North Node (Mean),Saturn,Sextile,0.86,High
2026-05-26,Moon,Sun,Sextile,0.71,High
2026-05-26,Moon,Mars,Semi-Sextile,1.12,Medium
2026-05-26,Moon,Neptune,Conjunction,0.61,High
2026-05-26,Moon,Pluto,Sextile,0.87,High
2026-05-26,Mercury,Uranus,Trine,1.05,Medium
2026-05-26,Mercury,Neptune,Sextile,1.15,Medium
2026-05-26,Venus,Jupiter,Bi-Quintile,1.21,Medium
2026-05-26,Venus,Uranus,Square,1.49,Medium
2026-05-26,Mars,Sun,Quincunx,0.34,High
2026-05-26,Mars,Pluto,Semi-Sextile,0.18,High
2026-05-26,Jupiter,Saturn,Quintile,0.2,High
2026-05-26,Saturn,Venus,Quintile,0.88,High
2026-05-26,Saturn,Mars,Sesquiquadrate,1.09,Medium
2026-05-26,Saturn,Jupiter,Sextile,1.29,Medium
2026-05-26,Saturn,Pluto,Sesquiquadrate,1.34,Medium
2026-05-26,Uranus,Mercury,Square,0.3,High
2026-05-26,Uranus,Mars,Semi-Square,1.35,Medium
2026-05-26,Uranus,Pluto,Semi-Square,1.1,Medium
2026-05-26,Neptune,Venus,Sesquiquadrate,1.37,Medium
2026-05-26,Neptune,Mars,Quintile,1.15,Medium
2026-05-26,Neptune,Jupiter,Quincunx,0.53,High
2026-05-26,Pluto,Uranus,Quincunx,0.39,High
2026-05-26,North Node (Mean),Moon,Trine,0.34,High
2026-05-26,North Node (Mean),Saturn,Sextile,0.95,High
2026-05-27,Moon,Neptune,Conjunction,0.58,High
2026-05-27,Moon,Pluto,Sextile,0.86,High
2026-05-27,Mercury,Uranus,Trine,0.99,High
2026-05-27,Mercury,Neptune,Sextile,1.18,Medium
2026-05-27,Venus,Jupiter,Bi-Quintile,1.02,Medium
2026-05-27,Mars,Sun,Quincunx,0.62,High
2026-05-27,Mars,Moon,Quintile,0.14,High
2026-05-27,Mars,Pluto,Semi-Sextile,0.19,High
2026-05-27,Jupiter,Saturn,Quintile,0.29,High
2026-05-27,Saturn,Mercury,Square,0.8,High
2026-05-27,Saturn,Venus,Quintile,0.31,High
2026-05-27,Saturn,Mars,Sesquiquadrate,0.34,High
2026-05-27,Saturn,Jupiter,Sextile,1.47,Medium
2026-05-27,Saturn,Pluto,Sesquiquadrate,1.35,Medium
2026-05-27,Uranus,Pluto,Semi-Square,1.09,Medium
2026-05-27,Neptune,Moon,Trine,0.95,High
2026-05-27,Neptune,Jupiter,Quincunx,0.71,High
2026-05-27,Pluto,Uranus,Quincunx,0.45,High
2026-05-27,North Node (Mean),Venus,Quincunx,0.75,High
2026-05-27,North Node (Mean),Saturn,Sextile,1.04,Medium
2026-05-28,Moon,Neptune,Conjunction,0.56,High
2026-05-28,Moon,Pluto,Sextile,0.85,High
2026-05-28,Mercury,Uranus,Trine,0.93,High
2026-05-28,Mercury,Neptune,Sextile,1.2,Medium
2026-05-28,Venus,Jupiter,Bi-Quintile,0.84,High
2026-05-28,Mars,Moon,Sextile,0.02,High
2026-05-28,Mars,Pluto,Semi-Sextile,0.2,High
2026-05-28,Jupiter,Mercury,Bi-Quintile,0.71,High
2026-05-28,Jupiter,Saturn,Quintile,0.38,High
2026-05-28,Saturn,Moon,Semi-Square,1.14,Medium
2026-05-28,Saturn,Mercury,Square,1.1,Medium
2026-05-28,Saturn,Venus,Quintile,1.5,Medium
2026-05-28,Saturn,Mars,Sesquiquadrate,0.4,High
2026-05-28,Saturn,Pluto,Sesquiquadrate,1.36,Medium
2026-05-28,Uranus,Moon,Sesquiquadrate,1.3,Medium
2026-05-28,Uranus,Pluto,Semi-Square,1.08,Medium
2026-05-28,Neptune,Mercury,Trine,0.34,High
2026-05-28,Neptune,Jupiter,Quincunx,0.9,High
2026-05-28,Pluto,Uranus,Quincunx,0.5,High
2026-05-28,North Node (Mean),Venus,Quincunx,0.44,High
2026-05-28,North Node (Mean),Saturn,Sextile,1.13,Medium
2026-05-29,Sun,Venus,Opposition,1.08,Medium
2026-05-29,Sun,Saturn,Square,1.48,Medium
2026-05-29,Moon,Neptune,Conjunction,0.54,High
2026-05-29,Moon,Pluto,Sextile,0.84,High
2026-05-29,Mercury,Uranus,Trine,0.88,High
2026-05-29,Mercury,Neptune,Sextile,1.22,Medium
2026-05-29,Venus,Jupiter,Bi-Quintile,0.66,High
2026-05-29,Mars,Pluto,Semi-Sextile,0.21,High
2026-05-29,Jupiter,Moon,Quintile,0.1,High
2026-05-29,Jupiter,Mercury,Bi-Quintile,1.15,Medium
2026-05-29,Jupiter,Saturn,Quintile,0.47,High
2026-05-29,Saturn,Mars,Sesquiquadrate,1.15,Medium
2026-05-29,Saturn,Pluto,Sesquiquadrate,1.37,Medium
2026-05-29,Uranus,Pluto,Semi-Square,1.07,Medium
2026-05-29,Neptune,Jupiter,Quincunx,1.08,Medium
2026-05-29,Pluto,Moon,Semi-Square,1.31,Medium
2026-05-29,Pluto,Uranus,Quincunx,0.56,High
2026-05-29,North Node (Mean),Mercury,Sesquiquadrate,1.11,Medium
2026-05-29,North Node (Mean),Saturn,Sextile,1.21,Medium
2026-05-30,Sun,Moon,Semi-Square,1.11,Medium
2026-05-30,Sun,Venus,Opposition,0.11,High
2026-05-30,Sun,Saturn,Square,1.4,Medium
2026-05-30,Moon,Neptune,Conjunction,0.52,High
2026-05-30,Moon,Pluto,Sextile,0.83,High
2026-05-30,Mercury,Uranus,Trine,0.82,High
2026-05-30,Mercury,Neptune,Sextile,1.24,Medium
2026-05-30,Venus,Moon,Square,0.63,High
2026-05-30,Venus,Jupiter,Bi-Quintile,0.47,High
2026-05-30,Mars,Pluto,Semi-Sextile,0.22,High
2026-05-30,Jupiter,Moon,Sextile,0.07,High
2026-05-30,Jupiter,Saturn,Quintile,0.56,High
2026-05-30,Saturn,Pluto,Sesquiquadrate,1.38,Medium
2026-05-30,Uranus,Pluto,Semi-Square,1.06,Medium
2026-05-30,Neptune,Jupiter,Quincunx,1.27,Medium
2026-05-30,Pluto,Uranus,Quincunx,0.62,High
2026-05-30,North Node (Mean),Moon,Quintile,0.81,High
2026-05-30,North Node (Mean),Mercury,Sesquiquadrate,0.7,High
2026-05-30,North Node (Mean),Saturn,Sextile,1.3,Medium
2026-05-31,Sun,Venus,Opposition,1.29,Medium
2026-05-31,Sun,Saturn,Square,1.31,Medium
2026-05-31,Moon,Neptune,Conjunction,0.5,High
2026-05-31,Moon,Pluto,Sextile,0.82,High
2026-05-31,Mercury,Uranus,Trine,0.76,High
2026-05-31,Mercury,Neptune,Sextile,1.26,Medium
2026-05-31,Venus,Jupiter,Bi-Quintile,0.28,High
2026-05-31,Mars,Pluto,Semi-Sextile,0.23,High
2026-05-31,Jupiter,Mercury,Quincunx,1.27,Medium
2026-05-31,Jupiter,Saturn,Quintile,0.64,High
2026-05-31,Saturn,Pluto,Sesquiquadrate,1.39,Medium
2026-05-31,Uranus,Pluto,Semi-Square,1.05,Medium
2026-05-31,Neptune,Moon,Quintile,1.02,Medium
2026-05-31,Neptune,Jupiter,Quincunx,1.46,Medium
2026-05-31,Pluto,Uranus,Quincunx,0.68,High
2026-05-31,North Node (Mean),Sun,Trine,0.76,High
2026-05-31,North Node (Mean),Moon,Sextile,0.72,High
2026-05-31,North Node (Mean),Mars,Square,1.43,Medium
2026-05-31,North Node (Mean),Saturn,Sextile,1.39,Medium
2026-06-01,Sun,Saturn,Square,1.23,Medium
2026-06-01,Moon,Neptune,Conjunction,0.48,High
2026-06-01,Moon,Pluto,Sextile,0.81,High
2026-06-01,Mercury,Uranus,Trine,0.7,High
2026-06-01,Mercury,Neptune,Sextile,1.28,Medium
2026-06-01,Venus,Mercury,Trine,0.25,High
2026-06-01,Venus,Jupiter,Bi-Quintile,0.09,High
2026-06-01,Mars,Pluto,Semi-Sextile,0.24,High
2026-06-01,Jupiter,Mercury,Quincunx,0.44,High
2026-06-01,Jupiter,Saturn,Quintile,0.73,High
2026-06-01,Saturn,Pluto,Sesquiquadrate,1.4,Medium
2026-06-01,Uranus,Pluto,Semi-Square,1.04,Medium
2026-06-01,Neptune,Moon,Sextile,0.9,High
2026-06-01,Neptune,Venus,Bi-Quintile,0.53,High
2026-06-01,Pluto,Mercury,Opposition,1.35,Medium
2026-06-01,Pluto,Uranus,Quincunx,0.74,High
2026-06-01,North Node (Mean),Sun,Trine,0.2,High
2026-06-01,North Node (Mean),Mars,Square,0.69,High
2026-06-01,North Node (Mean),Saturn,Sextile,1.47,Medium
2026-06-02,Sun,Saturn,Square,1.14,Medium
2026-06-02,Moon,Neptune,Conjunction,0.46,High
2026-06-02,Moon,Pluto,Sextile,0.79,High
2026-06-02,Mercury,Uranus,Trine,0.64,High
2026-06-02,Mercury,Neptune,Sextile,1.29,Medium
2026-06-02,Venus,Mercury,Trine,1.42,Medium
2026-06-02,Venus,Mars,Quintile,1.39,Medium
2026-06-02,Venus,Jupiter,Bi-Quintile,0.1,High
2026-06-02,Mars,Moon,Conjunction,0.32,High
2026-06-02,Mars,Pluto,Semi-Sextile,0.25,High
2026-06-02,Jupiter,Saturn,Quintile,0.81,High
2026-06-02,Saturn,Pluto,Sesquiquadrate,1.41,Medium
2026-06-02,Uranus,Pluto,Semi-Square,1.03,Medium
2026-06-02,Neptune,Venus,Bi-Quintile,0.65,High
2026-06-02,Pluto,Mercury,Opposition,0.32,High
2026-06-02,Pluto,Uranus,Quincunx,0.79,High
2026-06-02,North Node (Mean),Sun,Trine,1.16,Medium
2026-06-02,North Node (Mean),Mars,Square,0.05,High
2026-06-03,Sun,Saturn,Square,1.06,Medium
2026-06-03,Moon,Mercury,Square,1.25,Medium
2026-06-03,Moon,Neptune,Conjunction,0.45,High
2026-06-03,Moon,Pluto,Sextile,0.78,High
2026-06-03,Mercury,Uranus,Trine,0.59,High
2026-06-03,Mercury,Neptune,Sextile,1.31,Medium
2026-06-03,Venus,Mars,Quintile,0.65,High
2026-06-03,Venus,Jupiter,Bi-Quintile,0.29,High
2026-06-03,Mars,Neptune,Square,1.49,Medium
2026-06-03,Mars,Pluto,Semi-Sextile,0.27,High
2026-06-03,Jupiter,Saturn,Quintile,0.89,High
2026-06-03,Saturn,Pluto,Sesquiquadrate,1.42,Medium
2026-06-03,Uranus,Venus,Trine,0.97,High
2026-06-03,Uranus,Pluto,Semi-Square,1.02,Medium
2026-06-03,Pluto,Uranus,Quincunx,0.85,High
2026-06-03,North Node (Mean),Mars,Square,0.79,High
2026-06-04,Sun,Mars,Trine,1.17,Medium
2026-06-04,Sun,Saturn,Square,0.98,High
2026-06-04,Moon,Mercury,Square,0.33,High
2026-06-04,Moon,Neptune,Conjunction,0.43,High
2026-06-04,Moon,Pluto,Sextile,0.77,High
2026-06-04,Mercury,Uranus,Trine,0.53,High
2026-06-04,Mercury,Neptune,Sextile,1.33,Medium
2026-06-04,Venus,Moon,Semi-Sextile,1.14,Medium
2026-06-04,Venus,Mars,Quintile,0.09,High
2026-06-04,Venus,Jupiter,Bi-Quintile,0.48,High
2026-06-04,Mars,Mercury,Opposition,0.72,High
2026-06-04,Mars,Neptune,Square,1.48,Medium
2026-06-04,Mars,Pluto,Semi-Sextile,0.28,High
2026-06-04,Jupiter,Sun,Sesquiquadrate,0.67,High
2026-06-04,Jupiter,Moon,Conjunction,0.44,High
2026-06-04,Jupiter,Saturn,Quintile,0.97,High
2026-06-04,Saturn,Pluto,Sesquiquadrate,1.44,Medium
2026-06-04,Uranus,Venus,Trine,0.2,High
2026-06-04,Uranus,Pluto,Semi-Square,1.0,High
2026-06-04,Pluto,Uranus,Quincunx,0.91,High
2026-06-04,North Node (Mean),Mercury,Bi-Quintile,0.06,High
2026-06-05,Sun,Mars,Trine,0.43,High
2026-06-05,Sun,Saturn,Square,0.9,High
2026-06-05,Moon,Neptune,Conjunction,0.41,High
2026-06-05,Moon,Pluto,Sextile,0.76,High
2026-06-05,Mercury,Uranus,Trine,0.47,High
2026-06-05,Mercury,Neptune,Sextile,1.35,Medium
2026-06-05,Venus,Mars,Quintile,0.83,High
2026-06-05,Venus,Jupiter,Bi-Quintile,0.67,High
2026-06-05,Mars,Mercury,Opposition,0.81,High
2026-06-05,Mars,Neptune,Square,1.46,Medium
2026-06-05,Mars,Pluto,Semi-Sextile,0.29,High
2026-06-05,Jupiter,Sun,Sesquiquadrate,0.29,High
2026-06-05,Jupiter,Saturn,Quintile,1.05,Medium
2026-06-05,Saturn,Venus,Sextile,1.06,Medium
2026-06-05,Saturn,Pluto,Sesquiquadrate,1.45,Medium
2026-06-05,Uranus,Venus,Trine,1.38,Medium
2026-06-05,Uranus,Pluto,Semi-Square,0.99,High
2026-06-05,Neptune,Mercury,Sesquiquadrate,1.11,Medium
2026-06-05,Pluto,Uranus,Quincunx,0.97,High
2026-06-05,North Node (Mean),Moon,Conjunction,0.37,High
2026-06-06,Sun,Mars,Trine,0.31,High
2026-06-06,Sun,Saturn,Square,0.82,High
2026-06-06,Moon,Sun,Quintile,0.75,High
2026-06-06,Moon,Neptune,Conjunction,0.39,High
2026-06-06,Moon,Pluto,Sextile,0.74,High
2026-06-06,Mercury,Uranus,Trine,0.41,High
2026-06-06,Mercury,Neptune,Sextile,1.36,Medium
2026-06-06,Venus,Jupiter,Bi-Quintile,0.87,High
2026-06-06,Mars,Neptune,Square,1.44,Medium
2026-06-06,Mars,Pluto,Semi-Sextile,0.3,High
2026-06-06,Jupiter,Sun,Sesquiquadrate,1.24,Medium
2026-06-06,Jupiter,Saturn,Quintile,1.13,Medium
2026-06-06,Saturn,Venus,Sextile,0.11,High
2026-06-06,Saturn,Pluto,Sesquiquadrate,1.46,Medium
2026-06-06,Uranus,Pluto,Semi-Square,0.98,High
2026-06-06,Neptune,Moon,Conjunction,0.9,High
2026-06-06,Neptune,Mercury,Sesquiquadrate,0.37,High
2026-06-06,Neptune,Venus,Quincunx,0.65,High
2026-06-06,Pluto,Uranus,Quincunx,1.02,Medium
2026-06-07,Sun,Mars,Trine,1.04,Medium
2026-06-07,Sun,Saturn,Square,0.75,High
2026-06-07,Moon,Sun,Quintile,0.21,High
2026-06-07,Moon,Neptune,Conjunction,0.38,High
2026-06-07,Moon,Pluto,Sextile,0.73,High
2026-06-07,Mercury,Sun,Sesquiquadrate,1.03,Medium
2026-06-07,Mercury,Uranus,Trine,0.36,High
2026-06-07,Mercury,Neptune,Sextile,1.38,Medium
2026-06-07,Venus,Jupiter,Bi-Quintile,1.06,Medium
2026-06-07,Mars,Moon,Sextile,0.31,High
2026-06-07,Mars,Neptune,Square,1.43,Medium
2026-06-07,Mars,Pluto,Semi-Sextile,0.32,High
2026-06-07,Jupiter,Saturn,Quintile,1.21,Medium
2026-06-07,Saturn,Mercury,Quintile,0.44,High
2026-06-07,Saturn,Venus,Sextile,1.29,Medium
2026-06-07,Saturn,Pluto,Sesquiquadrate,1.47,Medium
2026-06-07,Uranus,Pluto,Semi-Square,0.97,High
2026-06-07,Neptune,Venus,Quincunx,0.53,High
2026-06-07,Pluto,Uranus,Quincunx,1.08,Medium
2026-06-07,North Node (Mean),Mercury,Quincunx,1.5,Medium
2026-06-08,Sun,Saturn,Square,0.67,High
2026-06-08,Moon,Sun,Quintile,1.17,Medium
2026-06-08,Moon,Neptune,Conjunction,0.36,High
2026-06-08,Moon,Pluto,Sextile,0.72,High
2026-06-08,Mercury,Sun,Sesquiquadrate,0.08,High
2026-06-08,Mercury,Moon,Semi-Square,0.92,High
2026-06-08,Mercury,Uranus,Trine,0.3,High
2026-06-08,Mercury,Neptune,Sextile,1.4,Medium
2026-06-08,Venus,Jupiter,Bi-Quintile,1.26,Medium
2026-06-08,Mars,Moon,Quintile,1.12,Medium
2026-06-08,Mars,Neptune,Square,1.41,Medium
2026-06-08,Mars,Pluto,Semi-Sextile,0.33,High
2026-06-08,Jupiter,Saturn,Quintile,1.28,Medium
2026-06-08,Saturn,Mercury,Quintile,0.94,High
2026-06-08,Saturn,Pluto,Sesquiquadrate,1.49,Medium
2026-06-08,Uranus,Moon,Conjunction,0.6,High
2026-06-08,Uranus,Pluto,Semi-Square,0.95,High
2026-06-08,Pluto,Mars,Sesquiquadrate,1.06,Medium
2026-06-08,Pluto,Uranus,Quincunx,1.14,Medium
2026-06-08,North Node (Mean),Mercury,Quincunx,0.12,High
2026-06-09,Sun,Mercury,Opposition,1.49,Medium
2026-06-09,Sun,Saturn,Square,0.6,High
2026-06-09,Moon,Neptune,Conjunction,0.35,High
2026-06-09,Moon,Pluto,Sextile,0.7,High
2026-06-09,Mercury,Sun,Sesquiquadrate,0.88,High
2026-06-09,Mercury,Moon,Sextile,0.87,High
2026-06-09,Mercury,Uranus,Trine,0.24,High
2026-06-09,Mercury,Neptune,Sextile,1.41,Medium
2026-06-09,Venus,Jupiter,Bi-Quintile,1.46,Medium
2026-06-09,Mars,Neptune,Square,1.39,Medium
2026-06-09,Mars,Pluto,Semi-Sextile,0.34,High
2026-06-09,Jupiter,Saturn,Quintile,1.36,Medium
2026-06-09,Saturn,Pluto,Sesquiquadrate,1.5,Medium
2026-06-09,Uranus,Sun,Square,0.64,High
2026-06-09,Uranus,Pluto,Semi-Square,0.94,High
2026-06-09,Pluto,Moon,Square,0.57,High
2026-06-09,Pluto,Mars,Sesquiquadrate,0.33,High
2026-06-09,Pluto,Uranus,Quincunx,1.2,Medium
2026-06-09,North Node (Mean),Mercury,Quincunx,1.21,Medium
2026-06-10,Sun,Mercury,Opposition,0.21,High
2026-06-10,Sun,Saturn,Square,0.52,High
2026-06-10,Moon,Neptune,Conjunction,0.33,High
2026-06-10,Moon,Pluto,Sextile,0.69,High
2026-06-10,Mercury,Moon,Quintile,0.79,High
2026-06-10,Mercury,Uranus,Trine,0.19,High
2026-06-10,Mercury,Neptune,Sextile,1.43,Medium
2026-06-10,Venus,Moon,Semi-Square,0.32,High
2026-06-10,Mars,Neptune,Square,1.38,Medium
2026-06-10,Mars,Pluto,Semi-Sextile,0.36,High
2026-06-10,Jupiter,Saturn,Quintile,1.43,Medium
2026-06-10,Uranus,Sun,Square,0.31,High
2026-06-10,Uranus,Pluto,Semi-Square,0.92,High
2026-06-10,Pluto,Mars,Sesquiquadrate,0.4,High
2026-06-10,Pluto,Uranus,Quincunx,1.25,Medium
2026-06-11,Sun,Mercury,Opposition,1.02,Medium
2026-06-11,Sun,Saturn,Square,0.45,High
2026-06-11,Moon,Neptune,Conjunction,0.32,High
2026-06-11,Moon,Pluto,Sextile,0.67,High
2026-06-11,Mercury,Uranus,Trine,0.13,High
2026-06-11,Mercury,Neptune,Sextile,1.44,Medium
2026-06-11,Venus,Moon,Sextile,0.54,High
2026-06-11,Venus,Mercury,Sesquiquadrate,0.72,High
2026-06-11,Mars,Neptune,Square,1.37,Medium
2026-06-11,Mars,Pluto,Semi-Sextile,0.37,High
2026-06-11,Jupiter,Moon,Square,0.16,High
2026-06-11,Jupiter,Saturn,Quintile,1.5,Medium
2026-06-11,Saturn,Sun,Square,1.17,Medium
2026-06-11,Uranus,Sun,Square,1.27,Medium
2026-06-11,Uranus,Pluto,Semi-Square,0.91,High
2026-06-11,Pluto,Mars,Sesquiquadrate,1.14,Medium
2026-06-11,Pluto,Uranus,Quincunx,1.31,Medium
2026-06-12,Sun,Moon,Trine,0.81,High
2026-06-12,Sun,Saturn,Square,0.38,High
2026-06-12,Moon,Mars,Semi-Square,1.33,Medium
2026-06-12,Moon,Neptune,Conjunction,0.3,High
2026-06-12,Moon,Pluto,Sextile,0.66,High
2026-06-12,Mercury,Uranus,Trine,0.07,High
2026-06-12,Mercury,Neptune,Sextile,1.45,Medium
2026-06-12,Venus,Mercury,Sesquiquadrate,0.45,High
2026-06-12,Mars,Neptune,Square,1.35,Medium
2026-06-12,Mars,Pluto,Semi-Sextile,0.39,High
2026-06-12,Jupiter,Venus,Opposition,0.67,High
2026-06-12,Saturn,Sun,Square,0.21,High
2026-06-12,Uranus,Mars,Sextile,1.1,Medium
2026-06-12,Uranus,Pluto,Semi-Square,0.89,High
2026-06-12,Neptune,Sun,Trine,0.97,High
2026-06-12,Neptune,Mercury,Bi-Quintile,0.81,High
2026-06-12,Pluto,Uranus,Quincunx,1.36,Medium
2026-06-13,Sun,Moon,Sesquiquadrate,0.79,High
2026-06-13,Sun,Saturn,Square,0.31,High
2026-06-13,Moon,Mars,Semi-Square,0.6,High
2026-06-13,Moon,Neptune,Conjunction,0.29,High
2026-06-13,Moon,Pluto,Sextile,0.64,High
2026-06-13,Mercury,Uranus,Trine,0.02,High
2026-06-13,Mercury,Neptune,Sextile,1.47,Medium
2026-06-13,Venus,Moon,Square,0.95,High
2026-06-13,Mars,Moon,Bi-Quintile,0.3,High
2026-06-13,Mars,Neptune,Square,1.34,Medium
2026-06-13,Mars,Pluto,Semi-Sextile,0.4,High
2026-06-13,Jupiter,Sun,Bi-Quintile,1.06,Medium
2026-06-13,Jupiter,Moon,Trine,0.26,High
2026-06-13,Jupiter,Venus,Opposition,0.5,High
2026-06-13,Saturn,Sun,Square,0.74,High
2026-06-13,Uranus,Mars,Sextile,0.37,High
2026-06-13,Uranus,Pluto,Semi-Square,0.88,High
2026-06-13,Neptune,Sun,Trine,0.02,High
2026-06-13,Neptune,Mercury,Bi-Quintile,0.31,High
2026-06-13,Pluto,Venus,Quincunx,1.3,Medium
2026-06-13,Pluto,Uranus,Quincunx,1.42,Medium
2026-06-14,Sun,Moon,Quincunx,1.03,Medium
2026-06-14,Sun,Saturn,Square,0.24,High
2026-06-14,Moon,Mars,Semi-Square,0.13,High
2026-06-14,Moon,Neptune,Conjunction,0.28,High
2026-06-14,Moon,Pluto,Sextile,0.63,High
2026-06-14,Mercury,Uranus,Trine,0.04,High
2026-06-14,Mercury,Neptune,Sextile,1.48,Medium
2026-06-14,Mars,Neptune,Square,1.33,Medium
2026-06-14,Mars,Pluto,Semi-Sextile,0.42,High
2026-06-14,Jupiter,Sun,Bi-Quintile,0.1,High
2026-06-14,Jupiter,Moon,Sesquiquadrate,0.02,High
2026-06-14,Uranus,Mercury,Trine,1.42,Medium
2026-06-14,Uranus,Mars,Sextile,0.36,High
2026-06-14,Uranus,Pluto,Semi-Square,0.86,High
2026-06-14,Neptune,Sun,Trine,0.94,High
2026-06-14,Neptune,Mercury,Bi-Quintile,1.38,Medium
2026-06-14,Pluto,Venus,Quincunx,0.13,High
2026-06-14,Pluto,Uranus,Quincunx,1.48,Medium
2026-06-15,Sun,Saturn,Square,0.18,High
2026-06-15,Moon,Mars,Semi-Square,0.86,High
2026-06-15,Moon,Neptune,Conjunction,0.27,High
2026-06-15,Moon,Pluto,Sextile,0.61,High
2026-06-15,Mercury,Venus,Opposition,0.41,High
2026-06-15,Mercury,Saturn,Quintile,1.46,Medium
2026-06-15,Mercury,Uranus,Trine,0.09,High
2026-06-15,Mercury,Neptune,Sextile,1.49,Medium
2026-06-15,Venus,Moon,Trine,0.41,High
2026-06-15,Mars,Neptune,Square,1.31,Medium
2026-06-15,Mars,Pluto,Semi-Sextile,0.44,High
2026-06-15,Jupiter,Sun,Bi-Quintile,0.85,High
2026-06-15,Jupiter,Moon,Quincunx,0.29,High
2026-06-15,Saturn,Mars,Trine,1.35,Medium
2026-06-15,Uranus,Mercury,Trine,0.41,High
2026-06-15,Uranus,Mars,Sextile,1.09,Medium
2026-06-15,Uranus,Pluto,Semi-Square,0.85,High
2026-06-15,Pluto,Venus,Quincunx,1.03,Medium
2026-06-15,North Node (Mean),Sun,Sesquiquadrate,1.4,Medium
2026-06-16,Sun,Saturn,Square,0.11,High
2026-06-16,Moon,Venus,Trine,1.01,Medium
2026-06-16,Moon,Neptune,Conjunction,0.25,High
2026-06-16,Moon,Pluto,Sextile,0.59,High
2026-06-16,Mercury,Sun,Bi-Quintile,1.43,Medium
2026-06-16,Mercury,Venus,Opposition,0.75,High
2026-06-16,Mercury,Saturn,Quintile,1.39,Medium
2026-06-16,Mercury,Uranus,Trine,0.15,High
2026-06-16,Mercury,Neptune,Sextile,1.5,Medium
2026-06-16,Venus,Moon,Sesquiquadrate,0.22,High
2026-06-16,Mars,Neptune,Square,1.3,Medium
2026-06-16,Mars,Pluto,Semi-Sextile,0.45,High
2026-06-16,Saturn,Mars,Trine,0.62,High
2026-06-16,Uranus,Mercury,Trine,0.54,High
2026-06-16,Uranus,Venus,Sesquiquadrate,0.77,High
2026-06-16,Uranus,Pluto,Semi-Square,0.83,High
2026-06-16,Neptune,Moon,Bi-Quintile,1.48,Medium
2026-06-16,Neptune,Mars,Square,1.38,Medium
2026-06-16,North Node (Mean),Sun,Sesquiquadrate,0.45,High
2026-06-17,Sun,Saturn,Square,0.05,High
2026-06-17,Moon,Venus,Trine,0.15,High
2026-06-17,Moon,Neptune,Conjunction,0.24,High
2026-06-17,Moon,Pluto,Sextile,0.58,High
2026-06-17,Mercury,Sun,Bi-Quintile,0.47,High
2026-06-17,Mercury,Saturn,Quintile,1.33,Medium
2026-06-17,Mercury,Uranus,Trine,0.2,High
2026-06-17,Venus,Moon,Quincunx,0.31,High
2026-06-17,Mars,Venus,Quincunx,0.89,High
2026-06-17,Mars,Neptune,Square,1.29,Medium
2026-06-17,Mars,Pluto,Semi-Sextile,0.47,High
2026-06-17,Jupiter,Moon,Opposition,0.39,High
2026-06-17,Saturn,Mercury,Sextile,1.01,Medium
2026-06-17,Saturn,Mars,Trine,0.1,High
2026-06-17,Uranus,Mercury,Trine,1.43,Medium
2026-06-17,Uranus,Venus,Sesquiquadrate,0.39,High
2026-06-17,Uranus,Pluto,Semi-Square,0.81,High
2026-06-17,Neptune,Mars,Square,0.65,High
2026-06-17,Pluto,Moon,Quincunx,1.41,Medium
2026-06-17,North Node (Mean),Sun,Sesquiquadrate,0.51,High
2026-06-18,Sun,Moon,Quincunx,0.94,High
2026-06-18,Sun,Saturn,Square,0.02,High
2026-06-18,Moon,Venus,Trine,1.31,Medium
2026-06-18,Moon,Uranus,Sextile,1.5,Medium
2026-06-18,Moon,Neptune,Conjunction,0.23,High
2026-06-18,Moon,Pluto,Sextile,0.56,High
2026-06-18,Mercury,Sun,Bi-Quintile,0.48,High
2026-06-18,Mercury,Saturn,Quintile,1.26,Medium
2026-06-18,Mercury,Uranus,Trine,0.26,High
2026-06-18,Mars,Venus,Quincunx,0.27,High
2026-06-18,Mars,Neptune,Square,1.28,Medium
2026-06-18,Mars,Pluto,Semi-Sextile,0.49,High
2026-06-18,Saturn,Mercury,Sextile,0.18,High
2026-06-18,Saturn,Venus,Semi-Square,0.89,High
2026-06-18,Saturn,Mars,Trine,0.83,High
2026-06-18,Uranus,Moon,Bi-Quintile,1.14,Medium
2026-06-18,Uranus,Pluto,Semi-Square,0.8,High
2026-06-18,Neptune,Mercury,Quincunx,0.93,High
2026-06-18,Neptune,Mars,Square,0.07,High
2026-06-18,Pluto,Venus,Bi-Quintile,1.49,Medium
2026-06-18,North Node (Mean),Sun,Sesquiquadrate,1.46,Medium
2026-06-19,Sun,Moon,Sesquiquadrate,0.02,High
2026-06-19,Sun,Saturn,Square,0.08,High
2026-06-19,Moon,Uranus,Sextile,1.45,Medium
2026-06-19,Moon,Neptune,Conjunction,0.22,High
2026-06-19,Moon,Pluto,Sextile,0.54,High
2026-06-19,Mercury,Sun,Bi-Quintile,1.44,Medium
2026-06-19,Mercury,Saturn,Quintile,1.2,Medium
2026-06-19,Mercury,Uranus,Trine,0.31,High
2026-06-19,Mars,Venus,Quincunx,1.42,Medium
2026-06-19,Mars,Neptune,Square,1.27,Medium
2026-06-19,Mars,Pluto,Semi-Sextile,0.5,High
2026-06-19,Jupiter,Sun,Quincunx,1.33,Medium
2026-06-19,Jupiter,Moon,Quincunx,1.06,Medium
2026-06-19,Saturn,Mercury,Sextile,0.59,High
2026-06-19,Saturn,Venus,Semi-Square,0.26,High
2026-06-19,Uranus,Pluto,Semi-Square,0.78,High
2026-06-19,Neptune,Mercury,Quincunx,0.16,High
2026-06-19,Neptune,Mars,Square,0.79,High
2026-06-19,Pluto,Venus,Bi-Quintile,0.33,High
2026-06-20,Sun,Moon,Trine,1.44,Medium
2026-06-20,Sun,Saturn,Square,0.14,High
2026-06-20,Moon,Uranus,Sextile,1.39,Medium
2026-06-20,Moon,Neptune,Conjunction,0.21,High
2026-06-20,Moon,Pluto,Sextile,0.53,High
2026-06-20,Mercury,Saturn,Quintile,1.14,Medium
2026-06-20,Mercury,Uranus,Trine,0.37,High
2026-06-20,Venus,Sun,Trine,1.07,Medium
2026-06-20,Venus,Mercury,Bi-Quintile,1.2,Medium
2026-06-20,Mars,Neptune,Square,1.26,Medium
2026-06-20,Mars,Pluto,Semi-Sextile,0.52,High
2026-06-20,Jupiter,Sun,Quincunx,0.37,High
2026-06-20,Saturn,Mercury,Sextile,1.3,Medium
2026-06-20,Saturn,Venus,Semi-Square,1.42,Medium
2026-06-20,Uranus,Pluto,Semi-Square,0.76,High
2026-06-20,Neptune,Mercury,Quincunx,0.54,High
2026-06-20,Pluto,Venus,Bi-Quintile,0.82,High
2026-06-20,Pluto,Mars,Bi-Quintile,1.32,Medium
2026-06-20,North Node (Mean),Moon,Quincunx,1.26,Medium
2026-06-21,Sun,Saturn,Square,0.2,High
2026-06-21,Moon,Uranus,Sextile,1.34,Medium
2026-06-21,Moon,Neptune,Conjunction,0.2,High
2026-06-21,Moon,Pluto,Sextile,0.51,High
2026-06-21,Mercury,Saturn,Quintile,1.09,Medium
2026-06-21,Mercury,Uranus,Trine,0.42,High
2026-06-21,Venus,Sun,Trine,0.11,High
2026-06-21,Venus,Mercury,Bi-Quintile,0.55,High
2026-06-21,Mars,Neptune,Square,1.25,Medium
2026-06-21,Mars,Pluto,Semi-Sextile,0.54,High
2026-06-21,Jupiter,Sun,Quincunx,0.58,High
2026-06-21,Uranus,Pluto,Semi-Square,0.74,High
2026-06-21,Neptune,Mercury,Quincunx,1.18,Medium
2026-06-21,Pluto,Sun,Opposition,1.21,Medium
2026-06-21,Pluto,Mars,Bi-Quintile,0.6,High
2026-06-21,North Node (Mean),Moon,Sesquiquadrate,0.6,High
2026-06-21,North Node (Mean),Venus,Opposition,1.49,Medium
2026-06-22,Sun,Saturn,Square,0.25,High
2026-06-22,Moon,Uranus,Sextile,1.28,Medium
2026-06-22,Moon,Neptune,Conjunction,0.2,High
2026-06-22,Moon,Pluto,Sextile,0.49,High
2026-06-22,Mercury,Saturn,Quintile,1.03,Medium
2026-06-22,Mercury,Uranus,Trine,0.47,High
2026-06-22,Venus,Sun,Trine,0.84,High
2026-06-22,Venus,Mercury,Bi-Quintile,0.02,High
2026-06-22,Venus,Saturn,Semi-Square,1.49,Medium
2026-06-22,Mars,Venus,Bi-Quintile,1.12,Medium
2026-06-22,Mars,Neptune,Square,1.24,Medium
2026-06-22,Mars,Pluto,Semi-Sextile,0.56,High
2026-06-22,Uranus,Pluto,Semi-Square,0.72,High
2026-06-22,Neptune,Moon,Sesquiquadrate,0.47,High
2026-06-22,Pluto,Sun,Opposition,0.26,High
2026-06-22,Pluto,Mars,Bi-Quintile,0.12,High
2026-06-22,North Node (Mean),Venus,Opposition,0.33,High
2026-06-23,Sun,Saturn,Square,0.31,High
2026-06-23,Moon,Uranus,Sextile,1.23,Medium
2026-06-23,Moon,Neptune,Conjunction,0.19,High
2026-06-23,Moon,Pluto,Sextile,0.47,High
2026-06-23,Mercury,Sun,Quincunx,0.74,High
2026-06-23,Mercury,Saturn,Quintile,0.97,High
2026-06-23,Mercury,Uranus,Trine,0.53,High
2026-06-23,Venus,Mercury,Bi-Quintile,0.52,High
2026-06-23,Venus,Saturn,Semi-Square,1.43,Medium
2026-06-23,Mars,Venus,Bi-Quintile,0.03,High
2026-06-23,Mars,Neptune,Square,1.24,Medium
2026-06-23,Mars,Pluto,Semi-Sextile,0.58,High
2026-06-23,Saturn,Moon,Semi-Sextile,1.31,Medium
2026-06-23,Uranus,Moon,Quincunx,1.13,Medium
2026-06-23,Uranus,Pluto,Semi-Square,0.7,High
2026-06-23,Pluto,Sun,Opposition,0.7,High
2026-06-23,Pluto,Moon,Quintile,1.09,Medium
2026-06-23,Pluto,Mars,Bi-Quintile,0.84,High
2026-06-23,North Node (Mean),Venus,Opposition,0.82,High
2026-06-24,Sun,Moon,Quintile,1.16,Medium
2026-06-24,Sun,Venus,Quincunx,0.73,High
2026-06-24,Sun,Saturn,Square,0.36,High
2026-06-24,Moon,Uranus,Sextile,1.18,Medium
2026-06-24,Moon,Neptune,Conjunction,0.18,High
2026-06-24,Moon,Pluto,Sextile,0.45,High
2026-06-24,Mercury,Sun,Quincunx,0.21,High
2026-06-24,Mercury,Moon,Square,0.12,High
2026-06-24,Mercury,Saturn,Quintile,0.92,High
2026-06-24,Mercury,Uranus,Trine,0.58,High
2026-06-24,Venus,Mercury,Bi-Quintile,0.95,High
2026-06-24,Venus,Jupiter,Quincunx,1.47,Medium
2026-06-24,Venus,Saturn,Semi-Square,1.38,Medium
2026-06-24,Mars,Venus,Bi-Quintile,1.18,Medium
2026-06-24,Mars,Neptune,Square,1.23,Medium
2026-06-24,Mars,Pluto,Semi-Sextile,0.6,High
2026-06-24,Uranus,Venus,Bi-Quintile,0.54,High
2026-06-24,Uranus,Pluto,Semi-Square,0.69,High
2026-06-24,Pluto,Moon,Sextile,1.32,Medium
2026-06-25,Sun,Moon,Sextile,1.22,Medium
2026-06-25,Sun,Venus,Quincunx,0.41,High
2026-06-25,Sun,Mars,Sesquiquadrate,0.88,High
2026-06-25,Sun,Saturn,Square,0.41,High
2026-06-25,Moon,Sun,Square,0.59,High
2026-06-25,Moon,Uranus,Sextile,1.13,Medium
2026-06-25,Moon,Neptune,Conjunction,0.17,High
2026-06-25,Moon,Pluto,Sextile,0.43,High
2026-06-25,Mercury,Sun,Quincunx,1.16,Medium
2026-06-25,Mercury,Saturn,Quintile,0.87,High
2026-06-25,Mercury,Uranus,Trine,0.63,High
2026-06-25,Venus,Mercury,Bi-Quintile,1.31,Medium
2026-06-25,Venus,Jupiter,Quincunx,1.26,Medium
2026-06-25,Venus,Saturn,Semi-Square,1.33,Medium
2026-06-25,Mars,Neptune,Square,1.22,Medium
2026-06-25,Mars,Pluto,Semi-Sextile,0.62,High
2026-06-25,Uranus,Venus,Bi-Quintile,0.61,High
2026-06-25,Uranus,Pluto,Semi-Square,0.67,High
2026-06-25,North Node (Mean),Sun,Bi-Quintile,0.86,High
2026-06-26,Sun,Mars,Sesquiquadrate,0.17,High
2026-06-26,Sun,Saturn,Square,0.46,High
2026-06-26,Moon,Sun,Square,0.36,High
2026-06-26,Moon,Uranus,Sextile,1.07,Medium
2026-06-26,Moon,Neptune,Conjunction,0.17,High
2026-06-26,Moon,Pluto,Sextile,0.41,High
2026-06-26,Mercury,Saturn,Quintile,0.82,High
2026-06-26,Mercury,Uranus,Trine,0.68,High
2026-06-26,Venus,Jupiter,Quincunx,1.05,Medium
2026-06-26,Venus,Saturn,Semi-Square,1.28,Medium
2026-06-26,Mars,Sun,Opposition,0.69,High
2026-06-26,Mars,Neptune,Square,1.22,Medium
2026-06-26,Mars,Pluto,Semi-Sextile,0.63,High
2026-06-26,Jupiter,Mars,Trine,1.21,Medium
2026-06-26,Uranus,Pluto,Semi-Square,0.65,High
2026-06-26,Pluto,Venus,Sesquiquadrate,1.29,Medium
2026-06-26,North Node (Mean),Sun,Bi-Quintile,0.1,High
2026-06-27,Sun,Mars,Sesquiquadrate,0.55,High
2026-06-27,Sun,Saturn,Square,0.51,High
2026-06-27,Moon,Sun,Square,1.31,Medium
2026-06-27,Moon,Uranus,Sextile,1.02,Medium
2026-06-27,Moon,Neptune,Conjunction,0.16,High
2026-06-27,Moon,Pluto,Sextile,0.39,High
2026-06-27,Mercury,Saturn,Quintile,0.77,High
2026-06-27,Mercury,Uranus,Trine,0.74,High
2026-06-27,Venus,Mars,Square,1.19,Medium
2026-06-27,Venus,Jupiter,Quincunx,0.84,High
2026-06-27,Venus,Saturn,Semi-Square,1.23,Medium
2026-06-27,Mars,Sun,Opposition,0.27,High
2026-06-27,Mars,Neptune,Square,1.21,Medium
2026-06-27,Mars,Pluto,Semi-Sextile,0.65,High
2026-06-27,Jupiter,Mars,Trine,0.5,High
2026-06-27,Uranus,Pluto,Semi-Square,0.63,High
2026-06-27,Pluto,Venus,Sesquiquadrate,0.14,High
2026-06-27,North Node (Mean),Sun,Bi-Quintile,1.05,Medium
2026-06-28,Sun,Mars,Sesquiquadrate,1.26,Medium
2026-06-28,Sun,Saturn,Square,0.56,High
2026-06-28,Moon,Uranus,Sextile,0.97,High
2026-06-28,Moon,Neptune,Conjunction,0.16,High
2026-06-28,Moon,Pluto,Sextile,0.37,High
2026-06-28,Mercury,Saturn,Quintile,0.72,High
2026-06-28,Mercury,Uranus,Trine,0.79,High
2026-06-28,Venus,Mars,Square,0.48,High
2026-06-28,Venus,Jupiter,Quincunx,0.63,High
2026-06-28,Venus,Saturn,Semi-Square,1.18,Medium
2026-06-28,Mars,Sun,Opposition,1.22,Medium
2026-06-28,Mars,Neptune,Square,1.2,Medium
2026-06-28,Mars,Pluto,Semi-Sextile,0.67,High
2026-06-28,Jupiter,Mars,Trine,0.22,High
2026-06-28,Saturn,Moon,Square,1.31,Medium
2026-06-28,Uranus,Moon,Square,1.13,Medium
2026-06-28,Uranus,Pluto,Semi-Square,0.61,High
2026-06-28,Neptune,Sun,Sesquiquadrate,0.7,High
2026-06-28,Pluto,Venus,Sesquiquadrate,1.0,High
2026-06-29,Sun,Venus,Bi-Quintile,1.02,Medium
2026-06-29,Sun,Saturn,Square,0.61,High
2026-06-29,Moon,Venus,Sesquiquadrate,1.06,Medium
2026-06-29,Moon,Uranus,Sextile,0.92,High
2026-06-29,Moon,Neptune,Conjunction,0.15,High
2026-06-29,Moon,Pluto,Sextile,0.35,High
2026-06-29,Mercury,Moon,Semi-Sextile,0.47,High
2026-06-29,Mercury,Saturn,Quintile,0.67,High
2026-06-29,Mercury,Uranus,Trine,0.84,High
2026-06-29,Venus,Mars,Square,0.24,High
2026-06-29,Venus,Jupiter,Quincunx,0.41,High
2026-06-29,Venus,Saturn,Semi-Square,1.14,Medium
2026-06-29,Mars,Neptune,Square,1.2,Medium
2026-06-29,Mars,Pluto,Semi-Sextile,0.69,High
2026-06-29,Jupiter,Mars,Trine,0.93,High
2026-06-29,Uranus,Venus,Quincunx,0.83,High
2026-06-29,Uranus,Mars,Quintile,0.83,High
2026-06-29,Uranus,Pluto,Semi-Square,0.59,High
2026-06-29,Neptune,Sun,Sesquiquadrate,0.26,High
2026-06-29,Pluto,Moon,Conjunction,0.97,High
2026-06-29,Pluto,Mars,Quincunx,0.87,High
2026-06-30,Sun,Moon,Conjunction,0.72,High
2026-06-30,Sun,Venus,Bi-Quintile,0.11,High
2026-06-30,Sun,Saturn,Square,0.65,High
2026-06-30,Moon,Venus,Sesquiquadrate,0.07,High
2026-06-30,Moon,Uranus,Sextile,0.87,High
2026-06-30,Moon,Neptune,Conjunction,0.15,High
2026-06-30,Moon,Pluto,Sextile,0.33,High
2026-06-30,Mercury,Saturn,Quintile,0.63,High
2026-06-30,Mercury,Uranus,Trine,0.89,High
2026-06-30,Venus,Moon,Semi-Square,1.02,Medium
2026-06-30,Venus,Mars,Square,0.95,High
2026-06-30,Venus,Jupiter,Quincunx,0.2,High
2026-06-30,Venus,Saturn,Semi-Square,1.09,Medium
2026-06-30,Mars,Venus,Sesquiquadrate,0.97,High
2026-06-30,Mars,Neptune,Square,1.2,Medium
2026-06-30,Mars,Pluto,Semi-Sextile,0.71,High
2026-06-30,Saturn,Sun,Quintile,1.03,Medium
2026-06-30,Uranus,Venus,Quincunx,0.31,High
2026-06-30,Uranus,Mars,Quintile,0.12,High
2026-06-30,Uranus,Pluto,Semi-Square,0.57,High
2026-06-30,Neptune,Sun,Sesquiquadrate,1.21,Medium
2026-06-30,Pluto,Mars,Quincunx,0.15,High
2026-06-30,Pluto,Jupiter,Quincunx,1.3,Medium
2026-07-01,Sun,Venus,Bi-Quintile,1.25,Medium
2026-07-01,Sun,Saturn,Square,0.69,High
2026-07-01,Moon,Venus,Sesquiquadrate,1.21,Medium
2026-07-01,Moon,Uranus,Sextile,0.82,High
2026-07-01,Moon,Neptune,Conjunction,0.14,High
2026-07-01,Moon,Pluto,Sextile,0.31,High
2026-07-01,Mercury,Mars,Trine,0.88,High
2026-07-01,Mercury,Saturn,Quintile,0.59,High
2026-07-01,Mercury,Uranus,Trine,0.94,High
2026-07-01,Venus,Jupiter,Quincunx,0.01,High
2026-07-01,Venus,Saturn,Semi-Square,1.05,Medium
2026-07-01,Mars,Venus,Sesquiquadrate,0.16,High
2026-07-01,Mars,Neptune,Square,1.19,Medium
2026-07-01,Mars,Pluto,Semi-Sextile,0.74,High
2026-07-01,Saturn,Sun,Quintile,0.08,High
2026-07-01,Saturn,Venus,Semi-Sextile,1.0,High
2026-07-01,Uranus,Venus,Quincunx,1.44,Medium
2026-07-01,Uranus,Mars,Quintile,0.6,High
2026-07-01,Uranus,Pluto,Semi-Square,0.55,High
2026-07-01,Pluto,Mars,Quincunx,0.56,High
2026-07-01,Pluto,Jupiter,Quincunx,1.09,Medium
2026-07-01,North Node (Mean),Sun,Quincunx,1.14,Medium
2026-07-02,Sun,Saturn,Square,0.74,High
2026-07-02,Moon,Uranus,Sextile,0.77,High
2026-07-02,Moon,Neptune,Conjunction,0.14,High
2026-07-02,Moon,Pluto,Sextile,0.29,High
2026-07-02,Mercury,Mars,Trine,0.17,High
2026-07-02,Mercury,Saturn,Quintile,0.54,High
2026-07-02,Mercury,Uranus,Trine,0.99,High
2026-07-02,Venus,Jupiter,Quincunx,0.23,High
2026-07-02,Venus,Saturn,Semi-Square,1.01,Medium
2026-07-02,Mars,Venus,Sesquiquadrate,1.29,Medium
2026-07-02,Mars,Neptune,Square,1.19,Medium
2026-07-02,Mars,Pluto,Semi-Sextile,0.76,High
2026-07-02,Saturn,Sun,Quintile,0.87,High
2026-07-02,Saturn,Venus,Semi-Sextile,0.13,High
2026-07-02,Uranus,Mars,Quintile,1.31,Medium
2026-07-02,Uranus,Pluto,Semi-Square,0.53,High
2026-07-02,Neptune,Venus,Opposition,0.63,High
2026-07-02,Pluto,Mars,Quincunx,1.27,Medium
2026-07-02,Pluto,Jupiter,Quincunx,0.87,High
2026-07-02,North Node (Mean),Sun,Quincunx,0.18,High
2026-07-03,Sun,Saturn,Square,0.78,High
2026-07-03,Moon,Mars,Sextile,1.22,Medium
2026-07-03,Moon,Uranus,Sextile,0.72,High
2026-07-03,Moon,Neptune,Conjunction,0.14,High
2026-07-03,Moon,Pluto,Sextile,0.27,High
2026-07-03,Mercury,Mars,Trine,0.54,High
2026-07-03,Mercury,Saturn,Quintile,0.5,High
2026-07-03,Mercury,Uranus,Trine,1.04,Medium
2026-07-03,Venus,Mercury,Bi-Quintile,1.47,Medium
2026-07-03,Venus,Jupiter,Quincunx,0.44,High
2026-07-03,Venus,Saturn,Semi-Square,0.97,High
2026-07-03,Mars,Moon,Semi-Square,0.12,High
2026-07-03,Mars,Neptune,Square,1.19,Medium
2026-07-03,Mars,Pluto,Semi-Sextile,0.78,High
2026-07-03,Saturn,Moon,Quincunx,1.28,Medium
2026-07-03,Saturn,Venus,Semi-Sextile,1.26,Medium
2026-07-03,Uranus,Moon,Semi-Sextile,1.16,Medium
2026-07-03,Uranus,Pluto,Semi-Square,0.51,High
2026-07-03,Neptune,Venus,Opposition,0.5,High
2026-07-03,Pluto,Jupiter,Quincunx,0.66,High
2026-07-03,North Node (Mean),Sun,Quincunx,0.77,High
2026-07-04,Sun,Saturn,Square,0.81,High
2026-07-04,Moon,Mars,Sextile,0.51,High
2026-07-04,Moon,Uranus,Sextile,0.67,High
2026-07-04,Moon,Neptune,Conjunction,0.14,High
2026-07-04,Moon,Pluto,Sextile,0.25,High
2026-07-04,Mercury,Moon,Semi-Sextile,0.06,High
2026-07-04,Mercury,Mars,Trine,1.25,Medium
2026-07-04,Mercury,Saturn,Quintile,0.47,High
2026-07-04,Mercury,Uranus,Trine,1.09,Medium
2026-07-04,Venus,Mercury,Bi-Quintile,1.15,Medium
2026-07-04,Venus,Jupiter,Quincunx,0.66,High
2026-07-04,Venus,Saturn,Semi-Square,0.93,High
2026-07-04,Mars,Neptune,Square,1.19,Medium
2026-07-04,Mars,Pluto,Semi-Sextile,0.8,High
2026-07-04,Uranus,Pluto,Semi-Square,0.48,High
2026-07-04,Pluto,Moon,Sextile,1.49,Medium
2026-07-04,Pluto,Jupiter,Quincunx,0.44,High
2026-07-05,Sun,Saturn,Square,0.85,High
2026-07-05,Moon,Mars,Sextile,0.19,High
2026-07-05,Moon,Uranus,Sextile,0.63,High
2026-07-05,Moon,Neptune,Conjunction,0.14,High
2026-07-05,Moon,Pluto,Sextile,0.23,High
2026-07-05,Mercury,Saturn,Quintile,0.43,High
2026-07-05,Mercury,Uranus,Trine,1.13,Medium
2026-07-05,Venus,Mercury,Bi-Quintile,0.77,High
2026-07-05,Venus,Jupiter,Quincunx,0.88,High
2026-07-05,Venus,Saturn,Semi-Square,0.89,High
2026-07-05,Mars,Neptune,Square,1.18,Medium
2026-07-05,Mars,Pluto,Semi-Sextile,0.82,High
2026-07-05,Jupiter,Moon,Semi-Square,0.88,High
2026-07-05,Uranus,Pluto,Semi-Square,0.46,High
2026-07-05,Pluto,Jupiter,Quincunx,0.23,High
2026-07-06,Sun,Saturn,Square,0.89,High
2026-07-06,Moon,Mars,Sextile,0.9,High
2026-07-06,Moon,Uranus,Sextile,0.58,High
2026-07-06,Moon,Neptune,Conjunction,0.14,High
2026-07-06,Moon,Pluto,Sextile,0.21,High
2026-07-06,Mercury,Jupiter,Opposition,1.45,Medium
2026-07-06,Mercury,Saturn,Quintile,0.4,High
2026-07-06,Mercury,Uranus,Trine,1.18,Medium
2026-07-06,Venus,Sun,Sesquiquadrate,0.81,High
2026-07-06,Venus,Mercury,Bi-Quintile,0.33,High
2026-07-06,Venus,Jupiter,Quincunx,1.09,Medium
2026-07-06,Venus,Saturn,Semi-Square,0.86,High
2026-07-06,Mars,Neptune,Square,1.18,Medium
2026-07-06,Mars,Pluto,Semi-Sextile,0.84,High
2026-07-06,Jupiter,Moon,Sextile,1.26,Medium
2026-07-06,Uranus,Pluto,Semi-Square,0.44,High
2026-07-06,Pluto,Jupiter,Quincunx,0.01,High
2026-07-07,Sun,Venus,Sesquiquadrate,1.0,High
2026-07-07,Sun,Mars,Bi-Quintile,1.36,Medium
2026-07-07,Sun,Saturn,Square,0.92,High
2026-07-07,Moon,Venus,Bi-Quintile,1.04,Medium
2026-07-07,Moon,Uranus,Sextile,0.53,High
2026-07-07,Moon,Neptune,Conjunction,0.14,High
2026-07-07,Moon,Pluto,Sextile,0.18,High
2026-07-07,Mercury,Jupiter,Opposition,1.23,Medium
2026-07-07,Mercury,Saturn,Quintile,0.36,High
2026-07-07,Mercury,Uranus,Trine,1.23,Medium
2026-07-07,Venus,Sun,Sesquiquadrate,0.14,High
2026-07-07,Venus,Mercury,Bi-Quintile,0.17,High
2026-07-07,Venus,Jupiter,Quincunx,1.31,Medium
2026-07-07,Venus,Saturn,Semi-Square,0.82,High
2026-07-07,Mars,Neptune,Square,1.18,Medium
2026-07-07,Mars,Pluto,Semi-Sextile,0.86,High
2026-07-07,Jupiter,Moon,Quintile,0.06,High
2026-07-07,Uranus,Pluto,Semi-Square,0.42,High
2026-07-07,Neptune,Sun,Bi-Quintile,1.12,Medium
2026-07-07,Pluto,Jupiter,Quincunx,0.21,High
2026-07-07,North Node (Mean),Moon,Sextile,0.69,High
2026-07-08,Sun,Venus,Sesquiquadrate,0.12,High
2026-07-08,Sun,Mars,Bi-Quintile,0.65,High
2026-07-08,Sun,Saturn,Square,0.95,High
2026-07-08,Moon,Venus,Bi-Quintile,0.08,High
2026-07-08,Moon,Uranus,Sextile,0.48,High
2026-07-08,Moon,Neptune,Conjunction,0.14,High
2026-07-08,Moon,Pluto,Sextile,0.16,High
2026-07-08,Mercury,Jupiter,Opposition,1.01,Medium
2026-07-08,Mercury,Saturn,Quintile,0.33,High
2026-07-08,Mercury,Uranus,Trine,1.28,Medium
2026-07-08,Venus,Sun,Sesquiquadrate,1.1,Medium
2026-07-08,Venus,Mercury,Bi-Quintile,0.71,High
2026-07-08,Venus,Saturn,Semi-Square,0.79,High
2026-07-08,Mars,Neptune,Square,1.18,Medium
2026-07-08,Mars,Pluto,Semi-Sextile,0.88,High
2026-07-08,Jupiter,Venus,Quincunx,0.93,High
2026-07-08,Uranus,Pluto,Semi-Square,0.4,High
2026-07-08,Neptune,Sun,Bi-Quintile,0.16,High
2026-07-08,Neptune,Mercury,Quincunx,1.02,Medium
2026-07-08,Pluto,Jupiter,Quincunx,0.43,High
2026-07-09,Sun,Venus,Sesquiquadrate,1.24,Medium
2026-07-09,Sun,Mars,Bi-Quintile,0.05,High
2026-07-09,Sun,Saturn,Square,0.98,High
2026-07-09,Moon,Venus,Bi-Quintile,1.2,Medium
2026-07-09,Moon,Uranus,Sextile,0.44,High
2026-07-09,Moon,Neptune,Conjunction,0.14,High
2026-07-09,Moon,Pluto,Sextile,0.14,High
2026-07-09,Mercury,Jupiter,Opposition,0.79,High
2026-07-09,Mercury,Saturn,Quintile,0.3,High
2026-07-09,Mercury,Uranus,Trine,1.32,Medium
2026-07-09,Venus,Mercury,Bi-Quintile,1.3,Medium
2026-07-09,Venus,Saturn,Semi-Square,0.76,High
2026-07-09,Mars,Uranus,Quincunx,1.48,Medium
2026-07-09,Mars,Neptune,Square,1.18,Medium
2026-07-09,Mars,Pluto,Semi-Sextile,0.91,High
2026-07-09,Jupiter,Venus,Quincunx,0.19,High
2026-07-09,Saturn,Mercury,Sextile,1.2,Medium
2026-07-09,Uranus,Pluto,Semi-Square,0.38,High
2026-07-09,Neptune,Sun,Bi-Quintile,0.79,High
2026-07-09,Neptune,Mercury,Quincunx,0.44,High
2026-07-09,Pluto,Jupiter,Quincunx,0.64,High
2026-07-10,Sun,Mars,Bi-Quintile,0.75,High
2026-07-10,Sun,Saturn,Square,1.01,Medium
2026-07-10,Moon,Uranus,Sextile,0.39,High
2026-07-10,Moon,Neptune,Conjunction,0.14,High
2026-07-10,Moon,Pluto,Sextile,0.12,High
2026-07-10,Mercury,Jupiter,Opposition,0.58,High
2026-07-10,Mercury,Saturn,Quintile,0.27,High
2026-07-10,Mercury,Uranus,Trine,1.37,Medium
2026-07-10,Venus,Saturn,Semi-Square,0.73,High
2026-07-10,Mars,Uranus,Quincunx,1.44,Medium
2026-07-10,Mars,Neptune,Square,1.19,Medium
2026-07-10,Mars,Pluto,Semi-Sextile,0.93,High
2026-07-10,Jupiter,Venus,Quincunx,1.3,Medium
2026-07-10,Saturn,Mercury,Sextile,0.58,High
2026-07-10,Uranus,Sun,Trine,1.06,Medium
2026-07-10,Uranus,Pluto,Semi-Square,0.35,High
2026-07-10,Neptune,Moon,Square,0.95,High
2026-07-10,Neptune,Mercury,Quincunx,0.17,High
2026-07-10,Pluto,Venus,Trine,0.49,High
2026-07-10,Pluto,Jupiter,Quincunx,0.86,High
2026-07-11,Sun,Moon,Bi-Quintile,0.7,High
2026-07-11,Sun,Mars,Bi-Quintile,1.45,Medium
2026-07-11,Sun,Saturn,Square,1.04,Medium
2026-07-11,Moon,Uranus,Sextile,0.35,High
2026-07-11,Moon,Neptune,Conjunction,0.14,High
2026-07-11,Moon,Pluto,Sextile,0.1,High
2026-07-11,Mercury,Venus,Quincunx,0.82,High
2026-07-11,Mercury,Jupiter,Opposition,0.36,High
2026-07-11,Mercury,Saturn,Quintile,0.24,High
2026-07-11,Mercury,Uranus,Trine,1.41,Medium
2026-07-11,Venus,Saturn,Semi-Square,0.71,High
2026-07-11,Mars,Uranus,Quincunx,1.39,Medium
2026-07-11,Mars,Neptune,Square,1.19,Medium
2026-07-11,Mars,Pluto,Semi-Sextile,0.95,High
2026-07-11,Saturn,Mercury,Sextile,0.05,High
2026-07-11,Uranus,Sun,Trine,0.1,High
2026-07-11,Uranus,Pluto,Semi-Square,0.33,High
2026-07-11,Neptune,Mercury,Quincunx,0.81,High
2026-07-11,Pluto,Venus,Trine,0.62,High
2026-07-11,Pluto,Jupiter,Quincunx,1.08,Medium
2026-07-12,Sun,Saturn,Square,1.06,Medium
2026-07-12,Moon,Venus,Quincunx,1.47,Medium
2026-07-12,Moon,Uranus,Sextile,0.3,High
2026-07-12,Moon,Neptune,Conjunction,0.14,High
2026-07-12,Moon,Pluto,Sextile,0.07,High
2026-07-12,Mercury,Venus,Quincunx,0.29,High
2026-07-12,Mercury,Jupiter,Opposition,0.14,High
2026-07-12,Mercury,Saturn,Quintile,0.22,High
2026-07-12,Mercury,Uranus,Trine,1.46,Medium
2026-07-12,Venus,Saturn,Semi-Square,0.68,High
2026-07-12,Mars,Uranus,Quincunx,1.35,Medium
2026-07-12,Mars,Neptune,Square,1.19,Medium
2026-07-12,Mars,Pluto,Semi-Sextile,0.97,High
2026-07-12,Jupiter,Moon,Bi-Quintile,0.34,High
2026-07-12,Saturn,Moon,Square,1.46,Medium
2026-07-12,Saturn,Mercury,Sextile,0.7,High
2026-07-12,Uranus,Sun,Trine,0.85,High
2026-07-12,Uranus,Pluto,Semi-Square,0.31,High
2026-07-12,Neptune,Moon,Trine,0.7,High
2026-07-12,Neptune,Mercury,Quincunx,1.45,Medium
2026-07-12,Pluto,Jupiter,Quincunx,1.3,Medium
2026-07-12,North Node (Mean),Mars,Trine,1.15,Medium
2026-07-13,Sun,Saturn,Square,1.08,Medium
2026-07-13,Moon,Venus,Quincunx,0.36,High
2026-07-13,Moon,Uranus,Sextile,0.26,High
2026-07-13,Moon,Neptune,Conjunction,0.14,High
2026-07-13,Moon,Pluto,Sextile,0.05,High
2026-07-13,Mercury,Venus,Quincunx,1.39,Medium
2026-07-13,Mercury,Jupiter,Opposition,0.08,High
2026-07-13,Mercury,Saturn,Quintile,0.2,High
2026-07-13,Mercury,Uranus,Trine,1.5,Medium
2026-07-13,Venus,Saturn,Semi-Square,0.66,High
2026-07-13,Mars,Venus,Trine,1.41,Medium
2026-07-13,Mars,Uranus,Quincunx,1.3,Medium
2026-07-13,Mars,Neptune,Square,1.19,Medium
2026-07-13,Mars,Pluto,Semi-Sextile,1.0,High
2026-07-13,Jupiter,Venus,Bi-Quintile,1.37,Medium
2026-07-13,Saturn,Sun,Sextile,0.64,High
2026-07-13,Saturn,Moon,Quintile,1.42,Medium
2026-07-13,Saturn,Mercury,Sextile,1.34,Medium
2026-07-13,Uranus,Mercury,Trine,1.1,Medium
2026-07-13,Uranus,Jupiter,Sesquiquadrate,1.44,Medium
2026-07-13,Uranus,Pluto,Semi-Square,0.29,High
2026-07-13,Neptune,Sun,Quincunx,1.39,Medium
2026-07-13,Neptune,Moon,Sesquiquadrate,0.82,High
2026-07-13,North Node (Mean),Mars,Trine,0.45,High
2026-07-14,Sun,Saturn,Square,1.11,Medium
2026-07-14,Moon,Venus,Quincunx,0.74,High
2026-07-14,Moon,Jupiter,Trine,1.46,Medium
2026-07-14,Moon,Uranus,Sextile,0.21,High
2026-07-14,Moon,Neptune,Conjunction,0.15,High
2026-07-14,Moon,Pluto,Sextile,0.03,High
2026-07-14,Mercury,Jupiter,Opposition,0.3,High
2026-07-14,Mercury,Saturn,Quintile,0.17,High
2026-07-14,Venus,Moon,Bi-Quintile,0.85,High
2026-07-14,Venus,Saturn,Semi-Square,0.63,High
2026-07-14,Mars,Venus,Trine,0.31,High
2026-07-14,Mars,Uranus,Quincunx,1.26,Medium
2026-07-14,Mars,Neptune,Square,1.2,Medium
2026-07-14,Mars,Pluto,Semi-Sextile,1.02,Medium
2026-07-14,Jupiter,Venus,Bi-Quintile,0.27,High
2026-07-14,Saturn,Sun,Sextile,0.32,High
2026-07-14,Uranus,Mercury,Trine,0.47,High
2026-07-14,Uranus,Jupiter,Sesquiquadrate,1.22,Medium
2026-07-14,Uranus,Pluto,Semi-Square,0.26,High
2026-07-14,Neptune,Sun,Quincunx,0.44,High
2026-07-14,Neptune,Moon,Quincunx,0.89,High
2026-07-14,North Node (Mean),Mars,Trine,0.25,High
2026-07-15,Sun,Saturn,Square,1.13,Medium
2026-07-15,Moon,Jupiter,Trine,1.24,Medium
2026-07-15,Moon,Uranus,Sextile,0.17,High
2026-07-15,Moon,Neptune,Conjunction,0.15,High
2026-07-15,Moon,Pluto,Sextile,0.01,High
2026-07-15,Mercury,Jupiter,Opposition,0.52,High
2026-07-15,Mercury,Saturn,Quintile,0.15,High
2026-07-15,Venus,Sun,Bi-Quintile,1.22,Medium
2026-07-15,Venus,Saturn,Semi-Square,0.61,High
2026-07-15,Mars,Venus,Trine,0.79,High
2026-07-15,Mars,Uranus,Quincunx,1.22,Medium
2026-07-15,Mars,Neptune,Square,1.2,Medium
2026-07-15,Mars,Pluto,Semi-Sextile,1.04,Medium
2026-07-15,Jupiter,Venus,Bi-Quintile,0.83,High
2026-07-15,Saturn,Sun,Sextile,1.27,Medium
2026-07-15,Uranus,Mercury,Trine,0.14,High
2026-07-15,Uranus,Jupiter,Sesquiquadrate,1.0,High
2026-07-15,Uranus,Pluto,Semi-Square,0.24,High
2026-07-15,Neptune,Sun,Quincunx,0.51,High
2026-07-15,Pluto,Moon,Bi-Quintile,0.92,High
2026-07-15,North Node (Mean),Mars,Trine,0.94,High
2026-07-16,Sun,Mars,Quincunx,1.06,Medium
2026-07-16,Sun,Saturn,Square,1.15,Medium
2026-07-16,Moon,Jupiter,Trine,1.02,Medium
2026-07-16,Moon,Uranus,Sextile,0.13,High
2026-07-16,Moon,Neptune,Conjunction,0.16,High
2026-07-16,Moon,Pluto,Sextile,0.02,High
2026-07-16,Mercury,Venus,Bi-Quintile,1.3,Medium
2026-07-16,Mercury,Jupiter,Opposition,0.74,High
2026-07-16,Mercury,Saturn,Quintile,0.14,High
2026-07-16,Venus,Sun,Bi-Quintile,0.27,High
2026-07-16,Venus,Saturn,Semi-Square,0.6,High
2026-07-16,Mars,Uranus,Quincunx,1.17,Medium
2026-07-16,Mars,Neptune,Square,1.2,Medium
2026-07-16,Mars,Pluto,Semi-Sextile,1.06,Medium
2026-07-16,Saturn,Moon,Semi-Sextile,1.05,Medium
2026-07-16,Uranus,Mercury,Trine,0.71,High
2026-07-16,Uranus,Jupiter,Sesquiquadrate,0.78,High
2026-07-16,Uranus,Pluto,Semi-Square,0.22,High
2026-07-16,Neptune,Sun,Quincunx,1.47,Medium
2026-07-16,Neptune,Moon,Opposition,0.3,High
2026-07-17,Sun,Mars,Quincunx,0.37,High
2026-07-17,Sun,Saturn,Square,1.16,Medium
2026-07-17,Moon,Jupiter,Trine,0.8,High
2026-07-17,Moon,Uranus,Sextile,0.08,High
2026-07-17,Moon,Neptune,Conjunction,0.16,High
2026-07-17,Moon,Pluto,Sextile,0.04,High
2026-07-17,Mercury,Venus,Bi-Quintile,0.21,High
2026-07-17,Mercury,Jupiter,Opposition,0.96,High
2026-07-17,Mercury,Saturn,Quintile,0.12,High
2026-07-17,Venus,Sun,Bi-Quintile,0.68,High
2026-07-17,Venus,Saturn,Semi-Square,0.58,High
2026-07-17,Mars,Moon,Trine,1.34,Medium
2026-07-17,Mars,Uranus,Quincunx,1.13,Medium
2026-07-17,Mars,Neptune,Square,1.21,Medium
2026-07-17,Mars,Pluto,Semi-Sextile,1.09,Medium
2026-07-17,Jupiter,Moon,Bi-Quintile,1.38,Medium
2026-07-17,Jupiter,Mars,Sesquiquadrate,1.41,Medium
2026-07-17,Uranus,Mercury,Trine,1.24,Medium
2026-07-17,Uranus,Jupiter,Sesquiquadrate,0.56,High
2026-07-17,Uranus,Pluto,Semi-Square,0.2,High
2026-07-18,Sun,Mars,Quincunx,0.32,High
2026-07-18,Sun,Saturn,Square,1.18,Medium
2026-07-18,Moon,Jupiter,Trine,0.58,High
2026-07-18,Moon,Uranus,Sextile,0.04,High
2026-07-18,Moon,Neptune,Conjunction,0.17,High
2026-07-18,Moon,Pluto,Sextile,0.06,High
2026-07-18,Mercury,Venus,Bi-Quintile,0.88,High
2026-07-18,Mercury,Jupiter,Opposition,1.18,Medium
2026-07-18,Mercury,Saturn,Quintile,0.1,High
2026-07-18,Venus,Saturn,Semi-Square,0.56,High
2026-07-18,Mars,Uranus,Quincunx,1.09,Medium
2026-07-18,Mars,Neptune,Square,1.22,Medium
2026-07-18,Mars,Pluto,Semi-Sextile,1.11,Medium
2026-07-18,Jupiter,Mars,Sesquiquadrate,0.72,High
2026-07-18,Saturn,Moon,Conjunction,1.15,Medium
2026-07-18,Uranus,Moon,Opposition,1.29,Medium
2026-07-18,Uranus,Jupiter,Sesquiquadrate,0.34,High
2026-07-18,Uranus,Pluto,Semi-Square,0.17,High
2026-07-18,Neptune,Mercury,Bi-Quintile,1.09,Medium
2026-07-18,North Node (Mean),Venus,Quincunx,1.14,Medium
2026-07-19,Sun,Mars,Quincunx,1.02,Medium
2026-07-19,Sun,Saturn,Square,1.19,Medium
2026-07-19,Moon,Jupiter,Trine,0.36,High
2026-07-19,Moon,Uranus,Sextile,0.0,High
2026-07-19,Moon,Neptune,Conjunction,0.17,High
2026-07-19,Moon,Pluto,Sextile,0.09,High
2026-07-19,Mercury,Moon,Trine,1.05,Medium
2026-07-19,Mercury,Jupiter,Opposition,1.4,Medium
2026-07-19,Mercury,Saturn,Quintile,0.09,High
2026-07-19,Venus,Saturn,Semi-Square,0.55,High
2026-07-19,Mars,Jupiter,Quincunx,1.41,Medium
2026-07-19,Mars,Uranus,Quincunx,1.05,Medium
2026-07-19,Mars,Neptune,Square,1.22,Medium
2026-07-19,Mars,Pluto,Semi-Sextile,1.13,Medium
2026-07-19,Jupiter,Mars,Sesquiquadrate,0.03,High
2026-07-19,Uranus,Jupiter,Sesquiquadrate,0.12,High
2026-07-19,Uranus,Pluto,Semi-Square,0.15,High
2026-07-19,Neptune,Mercury,Bi-Quintile,0.68,High
2026-07-19,North Node (Mean),Venus,Quincunx,0.05,High
2026-07-20,Sun,Saturn,Square,1.2,Medium
2026-07-20,Moon,Mars,Quintile,1.33,Medium
2026-07-20,Moon,Jupiter,Trine,0.14,High
2026-07-20,Moon,Uranus,Sextile,0.04,High
2026-07-20,Moon,Neptune,Conjunction,0.18,High
2026-07-20,Moon,Pluto,Sextile,0.11,High
2026-07-20,Mercury,Saturn,Quintile,0.08,High
2026-07-20,Venus,Moon,Sesquiquadrate,1.43,Medium
2026-07-20,Venus,Saturn,Semi-Square,0.54,High
2026-07-20,Mars,Jupiter,Quincunx,1.18,Medium
2026-07-20,Mars,Uranus,Quincunx,1.01,Medium
2026-07-20,Mars,Neptune,Square,1.23,Medium
2026-07-20,Mars,Pluto,Semi-Sextile,1.16,Medium
2026-07-20,Jupiter,Mars,Sesquiquadrate,0.66,High
2026-07-20,Uranus,Jupiter,Sesquiquadrate,0.1,High
2026-07-20,Uranus,Pluto,Semi-Square,0.13,High
2026-07-20,Neptune,Mercury,Bi-Quintile,0.34,High
2026-07-20,North Node (Mean),Venus,Quincunx,1.03,Medium
2026-07-21,Sun,Venus,Trine,0.58,High
2026-07-21,Sun,Saturn,Square,1.21,Medium
2026-07-21,Moon,Mars,Quintile,0.64,High
2026-07-21,Moon,Jupiter,Trine,0.08,High
2026-07-21,Moon,Uranus,Sextile,0.08,High
2026-07-21,Moon,Neptune,Conjunction,0.19,High
2026-07-21,Moon,Pluto,Sextile,0.13,High
2026-07-21,Mercury,Saturn,Quintile,0.07,High
2026-07-21,Venus,Sun,Quincunx,1.5,Medium
2026-07-21,Venus,Moon,Trine,1.07,Medium
2026-07-21,Venus,Mercury,Sesquiquadrate,1.34,Medium
2026-07-21,Venus,Saturn,Semi-Square,0.53,High
2026-07-21,Mars,Jupiter,Quincunx,0.96,High
2026-07-21,Mars,Uranus,Quincunx,0.97,High
2026-07-21,Mars,Neptune,Square,1.24,Medium
2026-07-21,Mars,Pluto,Semi-Sextile,1.18,Medium
2026-07-21,Jupiter,Sun,Opposition,0.8,High
2026-07-21,Jupiter,Moon,Square,0.37,High
2026-07-21,Jupiter,Mars,Sesquiquadrate,1.35,Medium
2026-07-21,Uranus,Jupiter,Sesquiquadrate,0.32,High
2026-07-21,Uranus,Pluto,Semi-Square,0.1,High
2026-07-21,Neptune,Mercury,Bi-Quintile,0.08,High
2026-07-22,Sun,Venus,Trine,0.49,High
2026-07-22,Sun,Saturn,Square,1.22,Medium
2026-07-22,Moon,Mars,Quintile,0.04,High
2026-07-22,Moon,Jupiter,Trine,0.31,High
2026-07-22,Moon,Uranus,Sextile,0.12,High
2026-07-22,Moon,Neptune,Conjunction,0.2,High
2026-07-22,Moon,Pluto,Sextile,0.16,High
2026-07-22,Mercury,Mars,Sesquiquadrate,1.2,Medium
2026-07-22,Mercury,Saturn,Quintile,0.06,High
2026-07-22,Venus,Sun,Quincunx,0.54,High
2026-07-22,Venus,Mercury,Sesquiquadrate,1.16,Medium
2026-07-22,Venus,Saturn,Semi-Square,0.52,High
2026-07-22,Mars,Jupiter,Quincunx,0.74,High
2026-07-22,Mars,Uranus,Quincunx,0.93,High
2026-07-22,Mars,Neptune,Square,1.24,Medium
2026-07-22,Mars,Pluto,Semi-Sextile,1.2,Medium
2026-07-22,Jupiter,Sun,Opposition,0.15,High
2026-07-22,Jupiter,Venus,Sesquiquadrate,0.55,High
2026-07-22,Uranus,Jupiter,Sesquiquadrate,0.54,High
2026-07-22,Uranus,Pluto,Semi-Square,0.08,High
2026-07-22,Neptune,Mercury,Bi-Quintile,0.1,High
2026-07-22,North Node (Mean),Moon,Square,0.61,High
2026-07-23,Sun,Saturn,Square,1.23,Medium
2026-07-23,Moon,Mars,Quintile,0.73,High
2026-07-23,Moon,Jupiter,Trine,0.53,High
2026-07-23,Moon,Uranus,Sextile,0.16,High
2026-07-23,Moon,Neptune,Conjunction,0.2,High
2026-07-23,Moon,Pluto,Sextile,0.18,High
2026-07-23,Mercury,Mars,Sesquiquadrate,0.51,High
2026-07-23,Mercury,Saturn,Quintile,0.05,High
2026-07-23,Venus,Sun,Quincunx,0.41,High
2026-07-23,Venus,Mercury,Sesquiquadrate,1.07,Medium
2026-07-23,Venus,Saturn,Semi-Square,0.51,High
2026-07-23,Mars,Jupiter,Quincunx,0.52,High
2026-07-23,Mars,Uranus,Quincunx,0.89,High
2026-07-23,Mars,Neptune,Square,1.25,Medium
2026-07-23,Mars,Pluto,Semi-Sextile,1.23,Medium
2026-07-23,Jupiter,Sun,Opposition,1.11,Medium
2026-07-23,Jupiter,Venus,Sesquiquadrate,0.52,High
2026-07-23,Uranus,Jupiter,Sesquiquadrate,0.76,High
2026-07-23,Uranus,Pluto,Semi-Square,0.06,High
2026-07-23,Neptune,Moon,Square,0.95,High
2026-07-23,Neptune,Mercury,Bi-Quintile,0.19,High
2026-07-23,Pluto,Sun,Quincunx,0.69,High
2026-07-24,Sun,Saturn,Square,1.23,Medium
2026-07-24,Moon,Mars,Quintile,1.41,Medium
2026-07-24,Moon,Jupiter,Trine,0.75,High
2026-07-24,Moon,Uranus,Sextile,0.19,High
2026-07-24,Moon,Neptune,Conjunction,0.21,High
2026-07-24,Moon,Pluto,Sextile,0.2,High
2026-07-24,Mercury,Sun,Opposition,1.17,Medium
2026-07-24,Mercury,Mars,Sesquiquadrate,0.17,High
2026-07-24,Mercury,Saturn,Quintile,0.05,High
2026-07-24,Venus,Sun,Quincunx,1.37,Medium
2026-07-24,Venus,Mercury,Sesquiquadrate,1.08,Medium
2026-07-24,Venus,Saturn,Semi-Square,0.51,High
2026-07-24,Mars,Moon,Semi-Sextile,0.2,High
2026-07-24,Mars,Jupiter,Quincunx,0.3,High
2026-07-24,Mars,Uranus,Quincunx,0.85,High
2026-07-24,Mars,Neptune,Square,1.26,Medium
2026-07-24,Mars,Pluto,Semi-Sextile,1.25,Medium
2026-07-24,Saturn,Jupiter,Semi-Square,1.46,Medium
2026-07-24,Uranus,Mars,Square,1.35,Medium
2026-07-24,Uranus,Jupiter,Sesquiquadrate,0.98,High
2026-07-24,Uranus,Pluto,Semi-Square,0.03,High
2026-07-24,Neptune,Mercury,Bi-Quintile,0.19,High
2026-07-24,Pluto,Sun,Quincunx,0.27,High
2026-07-24,North Node (Mean),Venus,Bi-Quintile,0.66,High
2026-07-25,Sun,Saturn,Square,1.23,Medium
2026-07-25,Moon,Jupiter,Trine,0.97,High
2026-07-25,Moon,Uranus,Sextile,0.23,High
2026-07-25,Moon,Neptune,Conjunction,0.22,High
2026-07-25,Moon,Pluto,Sextile,0.23,High
2026-07-25,Mercury,Sun,Opposition,0.22,High
2026-07-25,Mercury,Moon,Semi-Square,0.53,High
2026-07-25,Mercury,Venus,Sesquiquadrate,0.57,High
2026-07-25,Mercury,Mars,Sesquiquadrate,0.86,High
2026-07-25,Mercury,Saturn,Quintile,0.05,High
2026-07-25,Venus,Moon,Quintile,0.99,High
2026-07-25,Venus,Mercury,Sesquiquadrate,1.18,Medium
2026-07-25,Venus,Saturn,Semi-Square,0.51,High
2026-07-25,Mars,Jupiter,Quincunx,0.08,High
2026-07-25,Mars,Uranus,Quincunx,0.82,High
2026-07-25,Mars,Neptune,Square,1.27,Medium
2026-07-25,Mars,Pluto,Semi-Sextile,1.27,Medium
2026-07-25,Saturn,Jupiter,Semi-Square,1.24,Medium
2026-07-25,Uranus,Mars,Square,0.67,High
2026-07-25,Uranus,Jupiter,Sesquiquadrate,1.2,Medium
2026-07-25,Uranus,Pluto,Semi-Square,0.01,High
2026-07-25,Neptune,Mercury,Bi-Quintile,0.09,High
2026-07-25,Pluto,Sun,Quincunx,1.22,Medium
2026-07-25,North Node (Mean),Venus,Bi-Quintile,0.4,High
2026-07-26,Sun,Saturn,Square,1.24,Medium
2026-07-26,Moon,Sun,Trine,1.02,Medium
2026-07-26,Moon,Jupiter,Trine,1.19,Medium
2026-07-26,Moon,Uranus,Sextile,0.27,High
2026-07-26,Moon,Neptune,Conjunction,0.23,High
2026-07-26,Moon,Pluto,Sextile,0.25,High
2026-07-26,Mercury,Sun,Opposition,0.74,High
2026-07-26,Mercury,Venus,Sesquiquadrate,0.49,High
2026-07-26,Mercury,Saturn,Quintile,0.04,High
2026-07-26,Venus,Moon,Sextile,1.12,Medium
2026-07-26,Venus,Mercury,Sesquiquadrate,1.37,Medium
2026-07-26,Venus,Saturn,Semi-Square,0.51,High
2026-07-26,Mars,Jupiter,Quincunx,0.14,High
2026-07-26,Mars,Uranus,Quincunx,0.78,High
2026-07-26,Mars,Neptune,Square,1.28,Medium
2026-07-26,Mars,Pluto,Semi-Sextile,1.3,Medium
2026-07-26,Jupiter,Moon,Semi-Sextile,0.42,High
2026-07-26,Saturn,Jupiter,Semi-Square,1.01,Medium
2026-07-26,Uranus,Sun,Sesquiquadrate,0.79,High
2026-07-26,Uranus,Venus,Opposition,1.03,Medium
2026-07-26,Uranus,Mars,Square,0.02,High
2026-07-26,Uranus,Jupiter,Sesquiquadrate,1.43,Medium
2026-07-26,Uranus,Pluto,Semi-Square,0.01,High
2026-07-26,Neptune,Mercury,Bi-Quintile,0.11,High
2026-07-26,North Node (Mean),Venus,Bi-Quintile,1.47,Medium
2026-07-27,Sun,Saturn,Square,1.24,Medium
2026-07-27,Moon,Sun,Trine,0.07,High
2026-07-27,Moon,Jupiter,Trine,1.41,Medium
2026-07-27,Moon,Uranus,Sextile,0.3,High
2026-07-27,Moon,Neptune,Conjunction,0.24,High
2026-07-27,Moon,Pluto,Sextile,0.27,High
2026-07-27,Mercury,Saturn,Quintile,0.04,High
2026-07-27,Mercury,Pluto,Conjunction,1.49,Medium
2026-07-27,Venus,Saturn,Semi-Square,0.51,High
2026-07-27,Mars,Sun,Quincunx,1.11,Medium
2026-07-27,Mars,Jupiter,Quincunx,0.36,High
2026-07-27,Mars,Uranus,Quincunx,0.74,High
2026-07-27,Mars,Neptune,Square,1.29,Medium
2026-07-27,Mars,Pluto,Semi-Sextile,1.32,Medium
2026-07-27,Saturn,Jupiter,Semi-Square,0.79,High
2026-07-27,Uranus,Sun,Sesquiquadrate,0.17,High
2026-07-27,Uranus,Venus,Opposition,0.03,High
2026-07-27,Uranus,Mars,Square,0.7,High
2026-07-27,Uranus,Pluto,Semi-Square,0.04,High
2026-07-27,Neptune,Mercury,Bi-Quintile,0.41,High
2026-07-27,Pluto,Jupiter,Bi-Quintile,1.39,Medium
2026-07-27,North Node (Mean),Moon,Semi-Sextile,0.24,High
2026-07-28,Sun,Saturn,Square,1.23,Medium
2026-07-28,Moon,Sun,Trine,0.89,High
2026-07-28,Moon,Uranus,Sextile,0.34,High
2026-07-28,Moon,Neptune,Conjunction,0.25,High
2026-07-28,Moon,Pluto,Sextile,0.3,High
2026-07-28,Mercury,Saturn,Quintile,0.05,High
2026-07-28,Mercury,Pluto,Conjunction,1.46,Medium
2026-07-28,Venus,Saturn,Semi-Square,0.51,High
2026-07-28,Mars,Sun,Quincunx,0.16,High
2026-07-28,Mars,Jupiter,Quincunx,0.59,High
2026-07-28,Mars,Uranus,Quincunx,0.71,High
2026-07-28,Mars,Neptune,Square,1.3,Medium
2026-07-28,Mars,Pluto,Semi-Sextile,1.34,Medium
2026-07-28,Saturn,Sun,Semi-Square,1.32,Medium
2026-07-28,Saturn,Moon,Trine,1.3,Medium
2026-07-28,Saturn,Venus,Conjunction,1.36,Medium
2026-07-28,Saturn,Mars,Square,1.06,Medium
2026-07-28,Saturn,Jupiter,Semi-Square,0.57,High
2026-07-28,Uranus,Sun,Sesquiquadrate,1.13,Medium
2026-07-28,Uranus,Venus,Opposition,1.08,Medium
2026-07-28,Uranus,Mars,Square,1.38,Medium
2026-07-28,Uranus,Pluto,Semi-Square,0.06,High
2026-07-28,Neptune,Moon,Semi-Sextile,0.54,High
2026-07-28,Neptune,Mercury,Bi-Quintile,0.81,High
2026-07-28,Pluto,Jupiter,Bi-Quintile,1.17,Medium
2026-07-29,Sun,Saturn,Square,1.23,Medium
2026-07-29,Moon,Uranus,Sextile,0.37,High
2026-07-29,Moon,Neptune,Conjunction,0.26,High
2026-07-29,Moon,Pluto,Sextile,0.32,High
2026-07-29,Mercury,Saturn,Quintile,0.05,High
2026-07-29,Mercury,Neptune,Sextile,1.49,Medium
2026-07-29,Mercury,Pluto,Conjunction,1.44,Medium
2026-07-29,Venus,Saturn,Semi-Square,0.51,High
2026-07-29,Mars,Sun,Quincunx,0.8,High
2026-07-29,Mars,Moon,Semi-Sextile,0.42,High
2026-07-29,Mars,Jupiter,Quincunx,0.81,High
2026-07-29,Mars,Uranus,Quincunx,0.67,High
2026-07-29,Mars,Neptune,Square,1.31,Medium
2026-07-29,Mars,Pluto,Semi-Sextile,1.37,Medium
2026-07-29,Saturn,Sun,Semi-Square,0.36,High
2026-07-29,Saturn,Venus,Conjunction,0.31,High
2026-07-29,Saturn,Mars,Square,0.38,High
2026-07-29,Saturn,Jupiter,Semi-Square,0.35,High
2026-07-29,Uranus,Moon,Semi-Square,0.86,High
2026-07-29,Uranus,Mercury,Trine,1.49,Medium
2026-07-29,Uranus,Pluto,Semi-Square,0.08,High
2026-07-29,Neptune,Mercury,Bi-Quintile,1.31,Medium
2026-07-29,Neptune,Venus,Quincunx,1.07,Medium
2026-07-29,Neptune,Mars,Trine,1.14,Medium
2026-07-29,Pluto,Sun,Bi-Quintile,0.96,High
2026-07-29,Pluto,Jupiter,Bi-Quintile,0.95,High
2026-07-30,Sun,Saturn,Square,1.22,Medium
2026-07-30,Moon,Uranus,Sextile,0.41,High
2026-07-30,Moon,Neptune,Conjunction,0.28,High
2026-07-30,Moon,Pluto,Sextile,0.34,High
2026-07-30,Mercury,Saturn,Quintile,0.06,High
2026-07-30,Mercury,Neptune,Sextile,1.48,Medium
2026-07-30,Mercury,Pluto,Conjunction,1.42,Medium
2026-07-30,Venus,Saturn,Semi-Square,0.52,High
2026-07-30,Mars,Jupiter,Quincunx,1.03,Medium
2026-07-30,Mars,Uranus,Quincunx,0.64,High
2026-07-30,Mars,Neptune,Square,1.32,Medium
2026-07-30,Mars,Pluto,Semi-Sextile,1.39,Medium
2026-07-30,Saturn,Sun,Semi-Square,0.6,High
2026-07-30,Saturn,Venus,Conjunction,0.74,High
2026-07-30,Saturn,Mars,Square,0.3,High
2026-07-30,Saturn,Jupiter,Semi-Square,0.13,High
2026-07-30,Uranus,Mercury,Trine,0.89,High
2026-07-30,Uranus,Pluto,Semi-Square,0.11,High
2026-07-30,Neptune,Venus,Quincunx,0.02,High
2026-07-30,Neptune,Mars,Trine,0.46,High
2026-07-30,Pluto,Sun,Bi-Quintile,0.0,High
2026-07-30,Pluto,Moon,Semi-Square,1.09,Medium
2026-07-30,Pluto,Jupiter,Bi-Quintile,0.73,High
2026-07-31,Sun,Moon,Semi-Square,1.37,Medium
2026-07-31,Sun,Saturn,Square,1.22,Medium
2026-07-31,Moon,Uranus,Sextile,0.44,High
2026-07-31,Moon,Neptune,Conjunction,0.29,High
2026-07-31,Moon,Pluto,Sextile,0.37,High
2026-07-31,Mercury,Saturn,Quintile,0.06,High
2026-07-31,Mercury,Neptune,Sextile,1.47,Medium
2026-07-31,Mercury,Pluto,Conjunction,1.39,Medium
2026-07-31,Venus,Moon,Conjunction,0.38,High
2026-07-31,Venus,Saturn,Semi-Square,0.52,High
2026-07-31,Mars,Jupiter,Quincunx,1.25,Medium
2026-07-31,Mars,Uranus,Quincunx,0.61,High
2026-07-31,Mars,Neptune,Square,1.34,Medium
2026-07-31,Mars,Pluto,Semi-Sextile,1.41,Medium
2026-07-31,Jupiter,Moon,Semi-Sextile,0.32,High
2026-07-31,Jupiter,Mars,Bi-Quintile,0.83,High
2026-07-31,Saturn,Mars,Square,0.97,High
2026-07-31,Saturn,Jupiter,Semi-Square,0.09,High
2026-07-31,Uranus,Mercury,Trine,0.19,High
2026-07-31,Uranus,Pluto,Semi-Square,0.13,High
2026-07-31,Neptune,Venus,Quincunx,1.02,Medium
2026-07-31,Neptune,Mars,Trine,0.21,High
2026-07-31,Pluto,Sun,Bi-Quintile,0.96,High
2026-07-31,Pluto,Moon,Sextile,1.48,Medium
2026-07-31,Pluto,Jupiter,Bi-Quintile,0.5,High
2026-08-01,Sun,Moon,Sextile,1.01,Medium
2026-08-01,Sun,Saturn,Square,1.21,Medium
2026-08-01,Moon,Uranus,Sextile,0.47,High
2026-08-01,Moon,Neptune,Conjunction,0.3,High
2026-08-01,Moon,Pluto,Sextile,0.39,High
2026-08-01,Mercury,Saturn,Quintile,0.07,High
2026-08-01,Mercury,Neptune,Sextile,1.46,Medium
2026-08-01,Mercury,Pluto,Conjunction,1.37,Medium
2026-08-01,Venus,Saturn,Semi-Square,0.53,High
2026-08-01,Mars,Jupiter,Quincunx,1.47,Medium
2026-08-01,Mars,Uranus,Quincunx,0.57,High
2026-08-01,Mars,Neptune,Square,1.35,Medium
2026-08-01,Mars,Pluto,Semi-Sextile,1.44,Medium
2026-08-01,Jupiter,Mars,Bi-Quintile,0.15,High
2026-08-01,Saturn,Jupiter,Semi-Square,0.31,High
2026-08-01,Uranus,Mercury,Trine,0.62,High
2026-08-01,Uranus,Pluto,Semi-Square,0.15,High
2026-08-01,Neptune,Mars,Trine,0.89,High
2026-08-01,Pluto,Moon,Quintile,0.86,High
2026-08-01,Pluto,Jupiter,Bi-Quintile,0.28,High
2026-08-01,North Node (Mean),Venus,Sesquiquadrate,1.24,Medium
2026-08-02,Sun,Moon,Quintile,0.18,High
2026-08-02,Sun,Saturn,Square,1.2,Medium
2026-08-02,Moon,Uranus,Sextile,0.5,High
2026-08-02,Moon,Neptune,Conjunction,0.31,High
2026-08-02,Moon,Pluto,Sextile,0.41,High
2026-08-02,Mercury,Saturn,Quintile,0.08,High
2026-08-02,Mercury,Neptune,Sextile,1.45,Medium
2026-08-02,Mercury,Pluto,Conjunction,1.35,Medium
2026-08-02,Venus,Saturn,Semi-Square,0.54,High
2026-08-02,Mars,Sun,Bi-Quintile,1.38,Medium
2026-08-02,Mars,Uranus,Quincunx,0.54,High
2026-08-02,Mars,Neptune,Square,1.36,Medium
2026-08-02,Mars,Pluto,Semi-Sextile,1.46,Medium
2026-08-02,Jupiter,Mars,Bi-Quintile,0.52,High
2026-08-02,Saturn,Mercury,Sextile,0.92,High
2026-08-02,Saturn,Jupiter,Semi-Square,0.54,High
2026-08-02,Uranus,Pluto,Semi-Square,0.18,High
2026-08-02,Pluto,Jupiter,Bi-Quintile,0.06,High
2026-08-02,North Node (Mean),Sun,Opposition,0.59,High
2026-08-02,North Node (Mean),Moon,Semi-Square,0.48,High
2026-08-02,North Node (Mean),Venus,Sesquiquadrate,0.21,High
2026-08-03,Sun,Saturn,Square,1.19,Medium
2026-08-03,Moon,Uranus,Sextile,0.54,High
2026-08-03,Moon,Neptune,Conjunction,0.33,High
2026-08-03,Moon,Pluto,Sextile,0.44,High
2026-08-03,Mercury,Saturn,Quintile,0.09,High
2026-08-03,Mercury,Neptune,Sextile,1.43,Medium
2026-08-03,Mercury,Pluto,Conjunction,1.32,Medium
2026-08-03,Venus,Saturn,Semi-Square,0.56,High
2026-08-03,Mars,Sun,Bi-Quintile,0.42,High
2026-08-03,Mars,Uranus,Quincunx,0.51,High
2026-08-03,Mars,Neptune,Square,1.38,Medium
2026-08-03,Mars,Pluto,Semi-Sextile,1.48,Medium
2026-08-03,Jupiter,Mars,Bi-Quintile,1.19,Medium
2026-08-03,Saturn,Mercury,Sextile,0.07,High
2026-08-03,Saturn,Jupiter,Semi-Square,0.76,High
2026-08-03,Uranus,Pluto,Semi-Square,0.2,High
2026-08-03,Neptune,Moon,Semi-Square,0.89,High
2026-08-03,Neptune,Mercury,Quincunx,0.69,High
2026-08-03,Pluto,Jupiter,Bi-Quintile,0.16,High
2026-08-03,North Node (Mean),Sun,Opposition,0.36,High
2026-08-03,North Node (Mean),Venus,Sesquiquadrate,0.82,High
2026-08-03,North Node (Mean),Mars,Sesquiquadrate,1.06,Medium
2026-08-04,Sun,Saturn,Square,1.17,Medium
2026-08-04,Moon,Uranus,Sextile,0.57,High
2026-08-04,Moon,Neptune,Conjunction,0.34,High
2026-08-04,Moon,Pluto,Sextile,0.46,High
2026-08-04,Mercury,Mars,Bi-Quintile,1.37,Medium
2026-08-04,Mercury,Saturn,Quintile,0.11,High
2026-08-04,Mercury,Neptune,Sextile,1.42,Medium
2026-08-04,Mercury,Pluto,Conjunction,1.3,Medium
2026-08-04,Venus,Mercury,Bi-Quintile,1.33,Medium
2026-08-04,Venus,Saturn,Semi-Square,0.57,High
2026-08-04,Mars,Sun,Bi-Quintile,0.54,High
2026-08-04,Mars,Uranus,Quincunx,0.48,High
2026-08-04,Mars,Neptune,Square,1.39,Medium
2026-08-04,Saturn,Moon,Quincunx,0.01,High
2026-08-04,Saturn,Mercury,Sextile,1.16,Medium
2026-08-04,Saturn,Jupiter,Semi-Square,0.98,High
2026-08-04,Uranus,Sun,Bi-Quintile,1.18,Medium
2026-08-04,Uranus,Pluto,Semi-Square,0.22,High
2026-08-04,Neptune,Moon,Sextile,0.77,High
2026-08-04,Neptune,Mercury,Quincunx,0.41,High
2026-08-04,Neptune,Venus,Bi-Quintile,0.85,High
2026-08-04,Pluto,Jupiter,Bi-Quintile,0.38,High
2026-08-04,North Node (Mean),Sun,Opposition,1.32,Medium
2026-08-04,North Node (Mean),Moon,Quintile,1.06,Medium
2026-08-04,North Node (Mean),Mars,Sesquiquadrate,0.39,High
2026-08-05,Sun,Saturn,Square,1.16,Medium
2026-08-05,Moon,Uranus,Sextile,0.6,High
2026-08-05,Moon,Neptune,Conjunction,0.36,High
2026-08-05,Moon,Pluto,Sextile,0.48,High
2026-08-05,Mercury,Mars,Bi-Quintile,0.7,High
2026-08-05,Mercury,Saturn,Quintile,0.12,High
2026-08-05,Mercury,Neptune,Sextile,1.4,Medium
2026-08-05,Mercury,Pluto,Conjunction,1.28,Medium
2026-08-05,Venus,Mercury,Bi-Quintile,0.15,High
2026-08-05,Venus,Saturn,Semi-Square,0.59,High
2026-08-05,Mars,Sun,Bi-Quintile,1.49,Medium
2026-08-05,Mars,Moon,Trine,0.22,High
2026-08-05,Mars,Uranus,Quincunx,0.45,High
2026-08-05,Mars,Neptune,Square,1.4,Medium
2026-08-05,Jupiter,Venus,Trine,0.88,High
2026-08-05,Saturn,Moon,Sesquiquadrate,1.38,Medium
2026-08-05,Saturn,Jupiter,Semi-Square,1.2,Medium
2026-08-05,Uranus,Sun,Bi-Quintile,0.22,High
2026-08-05,Uranus,Moon,Semi-Square,1.06,Medium
2026-08-05,Uranus,Pluto,Semi-Square,0.25,High
2026-08-05,Neptune,Moon,Quintile,0.86,High
2026-08-05,Neptune,Venus,Bi-Quintile,0.17,High
2026-08-05,Pluto,Jupiter,Bi-Quintile,0.6,High
2026-08-05,North Node (Mean),Mars,Sesquiquadrate,0.28,High
2026-08-06,Sun,Saturn,Square,1.14,Medium
2026-08-06,Moon,Uranus,Sextile,0.62,High
2026-08-06,Moon,Neptune,Conjunction,0.37,High
2026-08-06,Moon,Pluto,Sextile,0.51,High
2026-08-06,Mercury,Mars,Bi-Quintile,0.03,High
2026-08-06,Mercury,Saturn,Quintile,0.14,High
2026-08-06,Mercury,Neptune,Sextile,1.39,Medium
2026-08-06,Mercury,Pluto,Conjunction,1.25,Medium
2026-08-06,Venus,Mercury,Bi-Quintile,1.13,Medium
2026-08-06,Venus,Saturn,Semi-Square,0.6,High
2026-08-06,Mars,Moon,Sesquiquadrate,1.31,Medium
2026-08-06,Mars,Uranus,Quincunx,0.42,High
2026-08-06,Mars,Neptune,Square,1.42,Medium
2026-08-06,Jupiter,Venus,Trine,0.14,High
2026-08-06,Saturn,Jupiter,Semi-Square,1.42,Medium
2026-08-06,Uranus,Sun,Bi-Quintile,0.74,High
2026-08-06,Uranus,Moon,Sextile,0.02,High
2026-08-06,Uranus,Pluto,Semi-Square,0.27,High
2026-08-06,Neptune,Venus,Bi-Quintile,1.18,Medium
2026-08-06,Pluto,Jupiter,Bi-Quintile,0.82,High
2026-08-06,North Node (Mean),Mars,Sesquiquadrate,0.95,High
2026-08-07,Sun,Saturn,Square,1.12,Medium
2026-08-07,Moon,Uranus,Sextile,0.65,High
2026-08-07,Moon,Neptune,Conjunction,0.39,High
2026-08-07,Moon,Pluto,Sextile,0.53,High
2026-08-07,Mercury,Moon,Trine,0.7,High
2026-08-07,Mercury,Mars,Bi-Quintile,0.64,High
2026-08-07,Mercury,Saturn,Quintile,0.16,High
2026-08-07,Mercury,Neptune,Sextile,1.37,Medium
2026-08-07,Mercury,Pluto,Conjunction,1.23,Medium
2026-08-07,Venus,Saturn,Semi-Square,0.62,High
2026-08-07,Mars,Uranus,Quincunx,0.39,High
2026-08-07,Mars,Neptune,Square,1.43,Medium
2026-08-07,Jupiter,Venus,Trine,1.14,Medium
2026-08-07,Uranus,Pluto,Semi-Square,0.29,High
2026-08-07,Pluto,Sun,Sesquiquadrate,1.34,Medium
2026-08-07,Pluto,Venus,Square,0.65,High
2026-08-07,Pluto,Jupiter,Bi-Quintile,1.04,Medium
2026-08-08,Sun,Saturn,Square,1.1,Medium
2026-08-08,Moon,Uranus,Sextile,0.68,High
2026-08-08,Moon,Neptune,Conjunction,0.4,High
2026-08-08,Moon,Pluto,Sextile,0.55,High
2026-08-08,Mercury,Moon,Sesquiquadrate,0.16,High
2026-08-08,Mercury,Venus,Trine,1.09,Medium
2026-08-08,Mercury,Mars,Bi-Quintile,1.31,Medium
2026-08-08,Mercury,Saturn,Quintile,0.18,High
2026-08-08,Mercury,Neptune,Sextile,1.36,Medium
2026-08-08,Mercury,Pluto,Conjunction,1.21,Medium
2026-08-08,Venus,Saturn,Semi-Square,0.64,High
2026-08-08,Mars,Uranus,Quincunx,0.37,High
2026-08-08,Mars,Neptune,Square,1.45,Medium
2026-08-08,Jupiter,Mercury,Opposition,1.38,Medium
2026-08-08,Jupiter,Mars,Quincunx,1.46,Medium
2026-08-08,Uranus,Moon,Square,1.36,Medium
2026-08-08,Uranus,Pluto,Semi-Square,0.32,High
2026-08-08,Pluto,Sun,Sesquiquadrate,0.39,High
2026-08-08,Pluto,Venus,Square,0.35,High
2026-08-08,Pluto,Jupiter,Bi-Quintile,1.26,Medium
2026-08-09,Sun,Saturn,Square,1.08,Medium
2026-08-09,Moon,Uranus,Sextile,0.71,High
2026-08-09,Moon,Neptune,Conjunction,0.42,High
2026-08-09,Moon,Pluto,Sextile,0.57,High
2026-08-09,Mercury,Moon,Quincunx,0.2,High
2026-08-09,Mercury,Venus,Trine,0.09,High
2026-08-09,Mercury,Saturn,Quintile,0.2,High
2026-08-09,Mercury,Neptune,Sextile,1.34,Medium
2026-08-09,Mercury,Pluto,Conjunction,1.18,Medium
2026-08-09,Venus,Mercury,Quincunx,0.55,High
2026-08-09,Venus,Mars,Trine,1.49,Medium
2026-08-09,Venus,Saturn,Semi-Square,0.66,High
2026-08-09,Mars,Uranus,Quincunx,0.34,High
2026-08-09,Mars,Neptune,Square,1.47,Medium
2026-08-09,Jupiter,Mercury,Opposition,0.15,High
2026-08-09,Jupiter,Mars,Quincunx,0.79,High
2026-08-09,Uranus,Pluto,Semi-Square,0.34,High
2026-08-09,Pluto,Sun,Sesquiquadrate,0.57,High
2026-08-09,Pluto,Moon,Opposition,1.24,Medium
2026-08-09,Pluto,Venus,Square,1.35,Medium
2026-08-09,Pluto,Jupiter,Bi-Quintile,1.48,Medium
2026-08-10,Sun,Saturn,Square,1.05,Medium
2026-08-10,Moon,Venus,Opposition,0.86,High
2026-08-10,Moon,Uranus,Sextile,0.73,High
2026-08-10,Moon,Neptune,Conjunction,0.44,High
2026-08-10,Moon,Pluto,Sextile,0.6,High
2026-08-10,Mercury,Venus,Trine,0.9,High
2026-08-10,Mercury,Saturn,Quintile,0.23,High
2026-08-10,Mercury,Neptune,Sextile,1.32,Medium
2026-08-10,Mercury,Pluto,Conjunction,1.16,Medium
2026-08-10,Venus,Mercury,Quincunx,1.05,Medium
2026-08-10,Venus,Mars,Trine,0.82,High
2026-08-10,Venus,Saturn,Semi-Square,0.69,High
2026-08-10,Mars,Uranus,Quincunx,0.31,High
2026-08-10,Mars,Neptune,Square,1.48,Medium
2026-08-10,Jupiter,Mars,Quincunx,0.13,High
2026-08-10,Uranus,Sun,Quincunx,1.43,Medium
2026-08-10,Uranus,Pluto,Semi-Square,0.36,High
2026-08-10,Neptune,Moon,Bi-Quintile,0.82,High
2026-08-10,Pluto,Mercury,Quincunx,0.05,High
2026-08-11,Sun,Saturn,Square,1.03,Medium
2026-08-11,Moon,Sun,Sesquiquadrate,0.7,High
2026-08-11,Moon,Venus,Opposition,0.13,High
2026-08-11,Moon,Uranus,Sextile,0.76,High
2026-08-11,Moon,Neptune,Conjunction,0.45,High
2026-08-11,Moon,Pluto,Sextile,0.62,High
2026-08-11,Mercury,Moon,Opposition,0.74,High
2026-08-11,Mercury,Saturn,Quintile,0.25,High
2026-08-11,Mercury,Neptune,Sextile,1.31,Medium
2026-08-11,Mercury,Pluto,Conjunction,1.14,Medium
2026-08-11,Venus,Mars,Trine,0.16,High
2026-08-11,Venus,Saturn,Semi-Square,0.71,High
2026-08-11,Mars,Venus,Square,0.92,High
2026-08-11,Mars,Uranus,Quincunx,0.29,High
2026-08-11,Mars,Neptune,Square,1.5,Medium
2026-08-11,Jupiter,Mars,Quincunx,0.54,High
2026-08-11,Uranus,Sun,Quincunx,0.47,High
2026-08-11,Uranus,Mercury,Sesquiquadrate,1.35,Medium
2026-08-11,Uranus,Pluto,Semi-Square,0.38,High
2026-08-11,Pluto,Moon,Quincunx,0.7,High
2026-08-11,Pluto,Mars,Opposition,1.26,Medium
2026-08-12,Sun,Saturn,Square,1.0,High
2026-08-12,Moon,Sun,Sesquiquadrate,0.26,High
2026-08-12,Moon,Mercury,Trine,0.14,High
2026-08-12,Moon,Venus,Opposition,1.11,Medium
2026-08-12,Moon,Uranus,Sextile,0.78,High
2026-08-12,Moon,Neptune,Conjunction,0.47,High
2026-08-12,Moon,Pluto,Sextile,0.64,High
2026-08-12,Mercury,Saturn,Quintile,0.28,High
2026-08-12,Mercury,Neptune,Sextile,1.29,Medium
2026-08-12,Mercury,Pluto,Conjunction,1.12,Medium
2026-08-12,Venus,Mars,Trine,0.5,High
2026-08-12,Venus,Saturn,Semi-Square,0.74,High
2026-08-12,Mars,Sun,Sesquiquadrate,0.79,High
2026-08-12,Mars,Mercury,Quincunx,0.9,High
2026-08-12,Mars,Venus,Square,0.06,High
2026-08-12,Mars,Uranus,Quincunx,0.26,High
2026-08-12,Jupiter,Mars,Quincunx,1.2,Medium
2026-08-12,Uranus,Sun,Quincunx,0.49,High
2026-08-12,Uranus,Mercury,Sesquiquadrate,0.38,High
2026-08-12,Uranus,Pluto,Semi-Square,0.41,High
2026-08-12,Pluto,Moon,Sesquiquadrate,0.3,High
2026-08-12,Pluto,Mars,Opposition,0.6,High
2026-08-12,North Node (Mean),Jupiter,Opposition,1.32,Medium
2026-08-13,Sun,Saturn,Square,0.97,High
2026-08-13,Moon,Sun,Sesquiquadrate,1.22,Medium
2026-08-13,Moon,Uranus,Sextile,0.81,High
2026-08-13,Moon,Neptune,Conjunction,0.49,High
2026-08-13,Moon,Pluto,Sextile,0.66,High
2026-08-13,Mercury,Mars,Quincunx,1.38,Medium
2026-08-13,Mercury,Saturn,Quintile,0.31,High
2026-08-13,Mercury,Neptune,Sextile,1.27,Medium
2026-08-13,Mercury,Pluto,Conjunction,1.1,Medium
2026-08-13,Venus,Moon,Opposition,0.75,High
2026-08-13,Venus,Mars,Trine,1.16,Medium
2026-08-13,Venus,Saturn,Semi-Square,0.77,High
2026-08-13,Mars,Sun,Sesquiquadrate,0.17,High
2026-08-13,Mars,Mercury,Quincunx,0.88,High
2026-08-13,Mars,Venus,Square,1.04,Medium
2026-08-13,Mars,Uranus,Quincunx,0.24,High
2026-08-13,Jupiter,Moon,Quincunx,1.44,Medium
2026-08-13,Saturn,Sun,Semi-Sextile,0.99,High
2026-08-13,Saturn,Mercury,Semi-Square,0.28,High
2026-08-13,Uranus,Sun,Quincunx,1.45,Medium
2026-08-13,Uranus,Pluto,Semi-Square,0.43,High
2026-08-13,Neptune,Venus,Sesquiquadrate,0.88,High
2026-08-13,Pluto,Moon,Trine,0.35,High
2026-08-13,Pluto,Mercury,Bi-Quintile,0.87,High
2026-08-13,Pluto,Mars,Opposition,0.06,High
2026-08-13,North Node (Mean),Jupiter,Opposition,1.1,Medium
2026-08-14,Sun,Saturn,Square,0.94,High
2026-08-14,Moon,Uranus,Sextile,0.83,High
2026-08-14,Moon,Neptune,Conjunction,0.51,High
2026-08-14,Moon,Pluto,Sextile,0.69,High
2026-08-14,Mercury,Mars,Quincunx,0.72,High
2026-08-14,Mercury,Saturn,Quintile,0.34,High
2026-08-14,Mercury,Neptune,Sextile,1.25,Medium
2026-08-14,Mercury,Pluto,Conjunction,1.07,Medium
2026-08-14,Venus,Saturn,Semi-Square,0.8,High
2026-08-14,Mars,Sun,Sesquiquadrate,1.13,Medium
2026-08-14,Mars,Uranus,Quincunx,0.22,High
2026-08-14,Jupiter,Moon,Sesquiquadrate,0.48,High
2026-08-14,Saturn,Sun,Semi-Sextile,0.03,High
2026-08-14,Uranus,Pluto,Semi-Square,0.45,High
2026-08-14,Neptune,Sun,Opposition,0.79,High
2026-08-14,Neptune,Venus,Sesquiquadrate,0.09,High
2026-08-14,Pluto,Mercury,Bi-Quintile,0.96,High
2026-08-14,Pluto,Mars,Opposition,0.72,High
2026-08-14,North Node (Mean),Jupiter,Opposition,0.88,High
2026-08-15,Sun,Saturn,Square,0.91,High
2026-08-15,Moon,Uranus,Sextile,0.85,High
2026-08-15,Moon,Neptune,Conjunction,0.53,High
2026-08-15,Moon,Pluto,Sextile,0.71,High
2026-08-15,Mercury,Mars,Quincunx,0.06,High
2026-08-15,Mercury,Saturn,Quintile,0.37,High
2026-08-15,Mercury,Neptune,Sextile,1.23,Medium
2026-08-15,Mercury,Pluto,Conjunction,1.05,Medium
2026-08-15,Venus,Saturn,Semi-Square,0.83,High
2026-08-15,Mars,Mercury,Bi-Quintile,1.4,Medium
2026-08-15,Mars,Jupiter,Bi-Quintile,1.44,Medium
2026-08-15,Mars,Uranus,Quincunx,0.19,High
2026-08-15,Jupiter,Moon,Trine,0.87,High
2026-08-15,Saturn,Sun,Semi-Sextile,0.93,High
2026-08-15,Uranus,Pluto,Semi-Square,0.47,High
2026-08-15,Neptune,Sun,Opposition,0.17,High
2026-08-15,Neptune,Moon,Bi-Quintile,0.18,High
2026-08-15,Neptune,Venus,Sesquiquadrate,1.05,Medium
2026-08-15,Pluto,Mars,Opposition,1.38,Medium
2026-08-15,North Node (Mean),Mercury,Opposition,0.62,High
2026-08-15,North Node (Mean),Jupiter,Opposition,0.66,High
2026-08-16,Sun,Mercury,Quincunx,1.4,Medium
2026-08-16,Sun,Saturn,Square,0.88,High
2026-08-16,Moon,Mars,Square,1.16,Medium
2026-08-16,Moon,Uranus,Sextile,0.87,High
2026-08-16,Moon,Neptune,Conjunction,0.54,High
2026-08-16,Moon,Pluto,Sextile,0.73,High
2026-08-16,Mercury,Mars,Quincunx,0.6,High
2026-08-16,Mercury,Saturn,Quintile,0.4,High
2026-08-16,Mercury,Neptune,Sextile,1.21,Medium
2026-08-16,Mercury,Pluto,Conjunction,1.03,Medium
2026-08-16,Venus,Saturn,Semi-Square,0.87,High
2026-08-16,Mars,Mercury,Bi-Quintile,0.52,High
2026-08-16,Mars,Jupiter,Bi-Quintile,1.23,Medium
2026-08-16,Mars,Uranus,Quincunx,0.17,High
2026-08-16,Uranus,Mercury,Bi-Quintile,1.2,Medium
2026-08-16,Uranus,Pluto,Semi-Square,0.49,High
2026-08-16,Neptune,Sun,Opposition,1.13,Medium
2026-08-16,North Node (Mean),Moon,Trine,1.15,Medium
2026-08-16,North Node (Mean),Mercury,Opposition,1.3,Medium
2026-08-16,North Node (Mean),Venus,Trine,1.3,Medium
2026-08-16,North Node (Mean),Mars,Bi-Quintile,1.42,Medium
2026-08-16,North Node (Mean),Jupiter,Opposition,0.44,High
2026-08-17,Sun,Mercury,Quincunx,0.55,High
2026-08-17,Sun,Saturn,Square,0.84,High
2026-08-17,Moon,Mars,Square,0.5,High
2026-08-17,Moon,Uranus,Sextile,0.89,High
2026-08-17,Moon,Neptune,Conjunction,0.56,High
2026-08-17,Moon,Pluto,Sextile,0.75,High
2026-08-17,Mercury,Mars,Quincunx,1.25,Medium
2026-08-17,Mercury,Saturn,Quintile,0.44,High
2026-08-17,Mercury,Neptune,Sextile,1.19,Medium
2026-08-17,Mercury,Pluto,Conjunction,1.01,Medium
2026-08-17,Venus,Saturn,Semi-Square,0.9,High
2026-08-17,Mars,Moon,Quintile,1.25,Medium
2026-08-17,Mars,Jupiter,Bi-Quintile,1.01,Medium
2026-08-17,Mars,Uranus,Quincunx,0.15,High
2026-08-17,Uranus,Moon,Bi-Quintile,0.47,High
2026-08-17,Uranus,Mercury,Bi-Quintile,0.75,High
2026-08-17,Uranus,Pluto,Semi-Square,0.52,High
2026-08-17,North Node (Mean),Venus,Trine,0.35,High
2026-08-17,North Node (Mean),Mars,Bi-Quintile,0.77,High
2026-08-17,North Node (Mean),Jupiter,Opposition,0.22,High
2026-08-18,Sun,Saturn,Square,0.8,High
2026-08-18,Moon,Mars,Square,0.15,High
2026-08-18,Moon,Uranus,Sextile,0.91,High
2026-08-18,Moon,Neptune,Conjunction,0.58,High
2026-08-18,Moon,Pluto,Sextile,0.77,High
2026-08-18,Mercury,Saturn,Quintile,0.48,High
2026-08-18,Mercury,Neptune,Sextile,1.17,Medium
2026-08-18,Mercury,Pluto,Conjunction,0.99,High
2026-08-18,Venus,Saturn,Semi-Square,0.94,High
2026-08-18,Mars,Jupiter,Bi-Quintile,0.79,High
2026-08-18,Mars,Uranus,Quincunx,0.13,High
2026-08-18,Saturn,Moon,Semi-Square,0.65,High
2026-08-18,Uranus,Pluto,Semi-Square,0.54,High
2026-08-18,Pluto,Mercury,Sesquiquadrate,0.32,High
2026-08-18,North Node (Mean),Venus,Trine,0.59,High
2026-08-18,North Node (Mean),Mars,Bi-Quintile,0.11,High
2026-08-18,North Node (Mean),Jupiter,Opposition,0.01,High
2026-08-19,Sun,Mercury,Bi-Quintile,1.48,Medium
2026-08-19,Sun,Venus,Square,1.18,Medium
2026-08-19,Sun,Saturn,Square,0.77,High
2026-08-19,Moon,Mars,Square,0.8,High
2026-08-19,Moon,Uranus,Sextile,0.93,High
2026-08-19,Moon,Neptune,Conjunction,0.6,High
2026-08-19,Moon,Pluto,Sextile,0.79,High
2026-08-19,Mercury,Moon,Quintile,1.11,Medium
2026-08-19,Mercury,Saturn,Quintile,0.51,High
2026-08-19,Mercury,Neptune,Sextile,1.15,Medium
2026-08-19,Mercury,Pluto,Conjunction,0.96,High
2026-08-19,Venus,Saturn,Semi-Square,0.98,High
2026-08-19,Mars,Moon,Semi-Square,0.92,High
2026-08-19,Mars,Jupiter,Bi-Quintile,0.57,High
2026-08-19,Mars,Uranus,Quincunx,0.11,High
2026-08-19,Uranus,Moon,Trine,0.36,High
2026-08-19,Uranus,Mercury,Quincunx,1.29,Medium
2026-08-19,Uranus,Pluto,Semi-Square,0.56,High
2026-08-19,North Node (Mean),Mars,Bi-Quintile,0.54,High
2026-08-19,North Node (Mean),Jupiter,Opposition,0.21,High
2026-08-20,Sun,Mercury,Bi-Quintile,0.52,High
2026-08-20,Sun,Venus,Square,0.26,High
2026-08-20,Sun,Saturn,Square,0.73,High
2026-08-20,Moon,Sun,Bi-Quintile,1.05,Medium
2026-08-20,Moon,Mercury,Sesquiquadrate,0.48,High
2026-08-20,Moon,Mars,Square,1.45,Medium
2026-08-20,Moon,Uranus,Sextile,0.95,High
2026-08-20,Moon,Neptune,Conjunction,0.63,High
2026-08-20,Moon,Pluto,Sextile,0.82,High
2026-08-20,Mercury,Moon,Sextile,1.05,Medium
2026-08-20,Mercury,Saturn,Quintile,0.55,High
2026-08-20,Mercury,Neptune,Sextile,1.13,Medium
2026-08-20,Mercury,Pluto,Conjunction,0.94,High
2026-08-20,Venus,Moon,Square,1.49,Medium
2026-08-20,Venus,Saturn,Semi-Square,1.02,Medium
2026-08-20,Mars,Mercury,Sesquiquadrate,0.56,High
2026-08-20,Mars,Jupiter,Bi-Quintile,0.36,High
2026-08-20,Mars,Uranus,Quincunx,0.1,High
2026-08-20,Uranus,Mercury,Quincunx,0.72,High
2026-08-20,Uranus,Pluto,Semi-Square,0.58,High
2026-08-20,Pluto,Moon,Semi-Sextile,0.39,High
2026-08-20,North Node (Mean),Mars,Bi-Quintile,1.19,Medium
2026-08-20,North Node (Mean),Jupiter,Opposition,0.43,High
2026-08-21,Sun,Moon,Semi-Sextile,0.17,High
2026-08-21,Sun,Venus,Square,0.66,High
2026-08-21,Sun,Saturn,Square,0.68,High
2026-08-21,Moon,Sun,Bi-Quintile,0.09,High
2026-08-21,Moon,Uranus,Sextile,0.97,High
2026-08-21,Moon,Neptune,Conjunction,0.65,High
2026-08-21,Moon,Pluto,Sextile,0.84,High
2026-08-21,Mercury,Saturn,Quintile,0.6,High
2026-08-21,Mercury,Neptune,Sextile,1.11,Medium
2026-08-21,Mercury,Pluto,Conjunction,0.92,High
2026-08-21,Venus,Saturn,Semi-Square,1.06,Medium
2026-08-21,Mars,Mercury,Sesquiquadrate,1.45,Medium
2026-08-21,Mars,Jupiter,Bi-Quintile,0.14,High
2026-08-21,Mars,Uranus,Quincunx,0.08,High
2026-08-21,Jupiter,Sun,Quincunx,1.1,Medium
2026-08-21,Jupiter,Moon,Semi-Square,0.88,High
2026-08-21,Saturn,Mercury,Semi-Sextile,0.29,High
2026-08-21,Uranus,Pluto,Semi-Square,0.6,High
2026-08-21,Neptune,Mercury,Opposition,0.47,High
2026-08-21,Neptune,Mars,Sesquiquadrate,0.86,High
2026-08-21,North Node (Mean),Jupiter,Opposition,0.64,High
2026-08-22,Sun,Saturn,Square,0.64,High
2026-08-22,Moon,Sun,Bi-Quintile,0.87,High
2026-08-22,Moon,Uranus,Sextile,0.99,High
2026-08-22,Moon,Neptune,Conjunction,0.67,High
2026-08-22,Moon,Pluto,Sextile,0.86,High
2026-08-22,Mercury,Saturn,Quintile,0.64,High
2026-08-22,Mercury,Neptune,Sextile,1.09,Medium
2026-08-22,Mercury,Pluto,Conjunction,0.9,High
2026-08-22,Venus,Sun,Opposition,0.83,High
2026-08-22,Venus,Saturn,Semi-Square,1.1,Medium
2026-08-22,Mars,Jupiter,Bi-Quintile,0.08,High
2026-08-22,Mars,Uranus,Quincunx,0.06,High
2026-08-22,Jupiter,Sun,Quincunx,0.14,High
2026-08-22,Uranus,Pluto,Semi-Square,0.62,High
2026-08-22,Neptune,Mars,Sesquiquadrate,0.21,High
2026-08-22,North Node (Mean),Moon,Semi-Square,0.26,High
2026-08-22,North Node (Mean),Jupiter,Opposition,0.86,High
2026-08-23,Sun,Saturn,Square,0.6,High
2026-08-23,Moon,Uranus,Sextile,1.0,High
2026-08-23,Moon,Neptune,Conjunction,0.69,High
2026-08-23,Moon,Pluto,Sextile,0.88,High
2026-08-23,Mercury,Saturn,Quintile,0.68,High
2026-08-23,Mercury,Neptune,Sextile,1.07,Medium
2026-08-23,Mercury,Pluto,Conjunction,0.88,High
2026-08-23,Venus,Sun,Opposition,0.13,High
2026-08-23,Venus,Saturn,Semi-Square,1.14,Medium
2026-08-23,Mars,Jupiter,Bi-Quintile,0.29,High
2026-08-23,Mars,Uranus,Quincunx,0.05,High
2026-08-23,Jupiter,Sun,Quincunx,0.83,High
2026-08-23,Uranus,Moon,Quintile,0.12,High
2026-08-23,Uranus,Jupiter,Bi-Quintile,1.43,Medium
2026-08-23,Uranus,Pluto,Semi-Square,0.64,High
2026-08-23,Neptune,Moon,Semi-Square,0.07,High
2026-08-23,Neptune,Mars,Sesquiquadrate,0.43,High
2026-08-23,Pluto,Sun,Trine,0.97,High
2026-08-23,North Node (Mean),Jupiter,Opposition,1.08,Medium
2026-08-24,Sun,Mercury,Sesquiquadrate,0.43,High
2026-08-24,Sun,Jupiter,Quincunx,1.41,Medium
2026-08-24,Sun,Saturn,Square,0.55,High
2026-08-24,Moon,Mercury,Bi-Quintile,0.47,High
2026-08-24,Moon,Uranus,Sextile,1.02,Medium
2026-08-24,Moon,Neptune,Conjunction,0.71,High
2026-08-24,Moon,Pluto,Sextile,0.9,High
2026-08-24,Mercury,Sun,Quincunx,1.44,Medium
2026-08-24,Mercury,Saturn,Quintile,0.73,High
2026-08-24,Mercury,Neptune,Sextile,1.05,Medium
2026-08-24,Mercury,Pluto,Conjunction,0.86,High
2026-08-24,Venus,Sun,Opposition,1.1,Medium
2026-08-24,Venus,Saturn,Semi-Square,1.19,Medium
2026-08-24,Mars,Jupiter,Bi-Quintile,0.51,High
2026-08-24,Mars,Uranus,Quincunx,0.03,High
2026-08-24,Jupiter,Mercury,Quincunx,1.48,Medium
2026-08-24,Saturn,Mars,Quintile,1.16,Medium
2026-08-24,Uranus,Moon,Sextile,0.09,High
2026-08-24,Uranus,Jupiter,Bi-Quintile,1.21,Medium
2026-08-24,Uranus,Pluto,Semi-Square,0.66,High
2026-08-24,Neptune,Mars,Sesquiquadrate,1.08,Medium
2026-08-24,Pluto,Sun,Trine,0.0,High
2026-08-24,North Node (Mean),Jupiter,Opposition,1.29,Medium
2026-08-25,Sun,Jupiter,Quincunx,1.19,Medium
2026-08-25,Sun,Saturn,Square,0.5,High
2026-08-25,Moon,Uranus,Sextile,1.03,Medium
2026-08-25,Moon,Neptune,Conjunction,0.73,High
2026-08-25,Moon,Pluto,Sextile,0.92,High
2026-08-25,Mercury,Sun,Quincunx,0.48,High
2026-08-25,Mercury,Moon,Conjunction,1.29,Medium
2026-08-25,Mercury,Saturn,Quintile,0.78,High
2026-08-25,Mercury,Neptune,Sextile,1.02,Medium
2026-08-25,Mercury,Pluto,Conjunction,0.84,High
2026-08-25,Venus,Moon,Semi-Sextile,1.25,Medium
2026-08-25,Venus,Mercury,Opposition,0.18,High
2026-08-25,Venus,Saturn,Semi-Square,1.24,Medium
2026-08-25,Mars,Jupiter,Bi-Quintile,0.72,High
2026-08-25,Mars,Uranus,Quincunx,0.02,High
2026-08-25,Jupiter,Mercury,Quincunx,0.52,High
2026-08-25,Saturn,Mars,Quintile,0.52,High
2026-08-25,Uranus,Jupiter,Bi-Quintile,1.0,High
2026-08-25,Uranus,Pluto,Semi-Square,0.68,High
2026-08-25,Pluto,Sun,Trine,0.96,High
2026-08-25,Pluto,Moon,Semi-Sextile,0.15,High
2026-08-25,Pluto,Mercury,Trine,1.28,Medium
2026-08-25,North Node (Mean),Jupiter,Opposition,1.5,Medium
2026-08-26,Sun,Moon,Semi-Sextile,0.27,High
2026-08-26,Sun,Jupiter,Quincunx,0.98,High
2026-08-26,Sun,Saturn,Square,0.46,High
2026-08-26,Moon,Sun,Quincunx,1.27,Medium
2026-08-26,Moon,Uranus,Sextile,1.04,Medium
2026-08-26,Moon,Neptune,Conjunction,0.76,High
2026-08-26,Moon,Pluto,Sextile,0.94,High
2026-08-26,Mercury,Sun,Quincunx,0.49,High
2026-08-26,Mercury,Saturn,Quintile,0.82,High
2026-08-26,Mercury,Neptune,Sextile,1.0,High
2026-08-26,Mercury,Pluto,Conjunction,0.82,High
2026-08-26,Venus,Saturn,Semi-Square,1.28,Medium
2026-08-26,Mars,Jupiter,Bi-Quintile,0.93,High
2026-08-26,Mars,Uranus,Quincunx,0.0,High
2026-08-26,Saturn,Mars,Quintile,0.13,High
2026-08-26,Uranus,Venus,Quincunx,0.72,High
2026-08-26,Uranus,Jupiter,Bi-Quintile,0.78,High
2026-08-26,Uranus,Pluto,Semi-Square,0.7,High
2026-08-26,Pluto,Mercury,Trine,0.71,High
2026-08-26,Pluto,Venus,Quintile,0.75,High
2026-08-26,North Node (Mean),Mars,Quincunx,0.93,High
2026-08-27,Sun,Jupiter,Quincunx,0.77,High
2026-08-27,Sun,Saturn,Square,0.41,High
2026-08-27,Moon,Sun,Quincunx,0.31,High
2026-08-27,Moon,Mercury,Quincunx,0.52,High
2026-08-27,Moon,Uranus,Sextile,1.06,Medium
2026-08-27,Moon,Neptune,Conjunction,0.78,High
2026-08-27,Moon,Pluto,Sextile,0.96,High
2026-08-27,Mercury,Sun,Quincunx,1.45,Medium
2026-08-27,Mercury,Saturn,Quintile,0.87,High
2026-08-27,Mercury,Neptune,Sextile,0.98,High
2026-08-27,Mercury,Pluto,Conjunction,0.8,High
2026-08-27,Venus,Saturn,Semi-Square,1.33,Medium
2026-08-27,Mars,Sun,Trine,1.35,Medium
2026-08-27,Mars,Jupiter,Bi-Quintile,1.15,Medium
2026-08-27,Mars,Uranus,Quincunx,0.01,High
2026-08-27,Jupiter,Sun,Bi-Quintile,1.31,Medium
2026-08-27,Saturn,Mars,Quintile,0.77,High
2026-08-27,Uranus,Venus,Quincunx,0.14,High
2026-08-27,Uranus,Jupiter,Bi-Quintile,0.57,High
2026-08-27,Uranus,Pluto,Semi-Square,0.72,High
2026-08-27,Pluto,Venus,Quintile,0.1,High
2026-08-27,North Node (Mean),Mars,Quincunx,0.29,High
2026-08-28,Sun,Jupiter,Quincunx,0.55,High
2026-08-28,Sun,Saturn,Square,0.36,High
2026-08-28,Moon,Sun,Quincunx,0.66,High
2026-08-28,Moon,Mercury,Quincunx,1.44,Medium
2026-08-28,Moon,Uranus,Sextile,1.07,Medium
2026-08-28,Moon,Neptune,Conjunction,0.8,High
2026-08-28,Moon,Pluto,Sextile,0.98,High
2026-08-28,Mercury,Saturn,Quintile,0.92,High
2026-08-28,Mercury,Neptune,Sextile,0.96,High
2026-08-28,Mercury,Pluto,Conjunction,0.78,High
2026-08-28,Venus,Saturn,Semi-Square,1.39,Medium
2026-08-28,Mars,Sun,Trine,0.39,High
2026-08-28,Mars,Mercury,Trine,0.39,High
2026-08-28,Mars,Jupiter,Bi-Quintile,1.36,Medium
2026-08-28,Mars,Uranus,Quincunx,0.02,High
2026-08-28,Jupiter,Sun,Bi-Quintile,0.35,High
2026-08-28,Jupiter,Mercury,Bi-Quintile,0.43,High
2026-08-28,Saturn,Venus,Semi-Sextile,1.45,Medium
2026-08-28,Saturn,Mars,Quintile,1.41,Medium
2026-08-28,Uranus,Venus,Quincunx,0.99,High
2026-08-28,Uranus,Jupiter,Bi-Quintile,0.36,High
2026-08-28,Uranus,Pluto,Semi-Square,0.74,High
2026-08-28,Pluto,Venus,Quintile,0.95,High
2026-08-28,North Node (Mean),Mars,Quincunx,0.35,High
2026-08-29,Sun,Jupiter,Quincunx,0.34,High
2026-08-29,Sun,Saturn,Square,0.3,High
2026-08-29,Moon,Uranus,Sextile,1.08,Medium
2026-08-29,Moon,Neptune,Conjunction,0.83,High
2026-08-29,Moon,Pluto,Sextile,1.0,High
2026-08-29,Mercury,Saturn,Quintile,0.98,High
2026-08-29,Mercury,Neptune,Sextile,0.93,High
2026-08-29,Mercury,Pluto,Conjunction,0.76,High
2026-08-29,Venus,Saturn,Semi-Square,1.44,Medium
2026-08-29,Mars,Sun,Trine,0.58,High
2026-08-29,Mars,Uranus,Quincunx,0.03,High
2026-08-29,Jupiter,Sun,Bi-Quintile,0.62,High
2026-08-29,Saturn,Moon,Opposition,0.22,High
2026-08-29,Saturn,Venus,Semi-Sextile,0.62,High
2026-08-29,Uranus,Jupiter,Bi-Quintile,0.15,High
2026-08-29,Uranus,Pluto,Semi-Square,0.76,High
2026-08-29,Neptune,Moon,Semi-Sextile,0.54,High
2026-08-29,Neptune,Venus,Trine,1.38,Medium
2026-08-29,North Node (Mean),Mars,Quincunx,0.99,High
2026-08-30,Sun,Mars,Opposition,1.07,Medium
2026-08-30,Sun,Jupiter,Quincunx,0.13,High
2026-08-30,Sun,Saturn,Square,0.25,High
2026-08-30,Moon,Uranus,Sextile,1.09,Medium
2026-08-30,Moon,Neptune,Conjunction,0.85,High
2026-08-30,Moon,Pluto,Sextile,1.01,Medium
2026-08-30,Mercury,Saturn,Quintile,1.03,Medium
2026-08-30,Mercury,Neptune,Sextile,0.91,High
2026-08-30,Mercury,Pluto,Conjunction,0.75,High
2026-08-30,Venus,Saturn,Semi-Square,1.49,Medium
2026-08-30,Mars,Moon,Square,0.42,High
2026-08-30,Mars,Uranus,Quincunx,0.04,High
2026-08-30,Saturn,Venus,Semi-Sextile,0.2,High
2026-08-30,Uranus,Jupiter,Bi-Quintile,0.07,High
2026-08-30,Uranus,Pluto,Semi-Square,0.78,High
2026-08-30,Neptune,Venus,Trine,0.56,High
2026-08-30,North Node (Mean),Mercury,Quincunx,0.96,High
2026-08-31,Sun,Mars,Opposition,0.44,High
2026-08-31,Sun,Jupiter,Quincunx,0.08,High
2026-08-31,Sun,Saturn,Square,0.19,High
2026-08-31,Moon,Uranus,Sextile,1.1,Medium
2026-08-31,Moon,Neptune,Conjunction,0.88,High
2026-08-31,Moon,Pluto,Sextile,1.03,Medium
2026-08-31,Mercury,Sun,Bi-Quintile,0.68,High
2026-08-31,Mercury,Saturn,Quintile,1.09,Medium
2026-08-31,Mercury,Neptune,Sextile,0.88,High
2026-08-31,Mercury,Pluto,Conjunction,0.73,High
2026-08-31,Mars,Venus,Quintile,0.83,High
2026-08-31,Mars,Uranus,Quincunx,0.05,High
2026-08-31,Saturn,Venus,Semi-Sextile,1.01,Medium
2026-08-31,Uranus,Moon,Semi-Sextile,0.69,High
2026-08-31,Uranus,Jupiter,Bi-Quintile,0.28,High
2026-08-31,Uranus,Pluto,Semi-Square,0.8,High
2026-08-31,Neptune,Venus,Trine,0.25,High
2026-08-31,North Node (Mean),Mercury,Quincunx,0.94,High
2026-09-01,Sun,Mercury,Trine,0.13,High
2026-09-01,Sun,Mars,Opposition,0.2,High
2026-09-01,Sun,Jupiter,Quincunx,0.29,High
2026-09-01,Sun,Saturn,Square,0.14,High
2026-09-01,Moon,Uranus,Sextile,1.11,Medium
2026-09-01,Moon,Neptune,Conjunction,0.9,High
2026-09-01,Moon,Pluto,Sextile,1.05,Medium
2026-09-01,Mercury,Sun,Bi-Quintile,0.28,High
2026-09-01,Mercury,Moon,Square,0.52,High
2026-09-01,Mercury,Saturn,Quintile,1.14,Medium
2026-09-01,Mercury,Neptune,Sextile,0.86,High
2026-09-01,Mercury,Pluto,Conjunction,0.71,High
2026-09-01,Mars,Venus,Quintile,0.03,High
2026-09-01,Mars,Uranus,Quincunx,0.06,High
2026-09-01,Jupiter,Mercury,Sesquiquadrate,0.92,High
2026-09-01,Uranus,Jupiter,Bi-Quintile,0.49,High
2026-09-01,Uranus,Pluto,Semi-Square,0.82,High
2026-09-01,Neptune,Venus,Trine,1.05,Medium
2026-09-01,Pluto,Moon,Trine,0.92,High
2026-09-02,Sun,Mars,Opposition,0.83,High
2026-09-02,Sun,Jupiter,Quincunx,0.5,High
2026-09-02,Sun,Saturn,Square,0.08,High
2026-09-02,Moon,Uranus,Sextile,1.11,Medium
2026-09-02,Moon,Neptune,Conjunction,0.92,High
2026-09-02,Moon,Pluto,Sextile,1.07,Medium
2026-09-02,Mercury,Sun,Bi-Quintile,1.25,Medium
2026-09-02,Mercury,Saturn,Quintile,1.2,Medium
2026-09-02,Mercury,Neptune,Sextile,0.83,High
2026-09-02,Mercury,Pluto,Conjunction,0.69,High
2026-09-02,Venus,Mars,Sesquiquadrate,0.91,High
2026-09-02,Mars,Venus,Quintile,0.75,High
2026-09-02,Mars,Uranus,Quincunx,0.07,High
2026-09-02,Jupiter,Mercury,Sesquiquadrate,0.94,High
2026-09-02,Uranus,Venus,Bi-Quintile,0.96,High
2026-09-02,Uranus,Jupiter,Bi-Quintile,0.7,High
2026-09-02,Uranus,Pluto,Semi-Square,0.83,High
2026-09-02,Pluto,Moon,Sesquiquadrate,0.24,High
2026-09-02,North Node (Mean),Sun,Quincunx,0.77,High
2026-09-02,North Node (Mean),Mercury,Bi-Quintile,1.31,Medium
2026-09-03,Sun,Mars,Opposition,1.46,Medium
2026-09-03,Sun,Jupiter,Quincunx,0.71,High
2026-09-03,Sun,Saturn,Square,0.02,High
2026-09-03,Moon,Uranus,Sextile,1.12,Medium
2026-09-03,Moon,Neptune,Conjunction,0.95,High
2026-09-03,Moon,Pluto,Sextile,1.09,Medium
2026-09-03,Mercury,Saturn,Quintile,1.26,Medium
2026-09-03,Mercury,Neptune,Sextile,0.81,High
2026-09-03,Mercury,Pluto,Conjunction,0.67,High
2026-09-03,Venus,Moon,Square,0.13,High
2026-09-03,Venus,Mars,Sesquiquadrate,0.28,High
2026-09-03,Mars,Moon,Bi-Quintile,0.52,High
2026-09-03,Mars,Uranus,Quincunx,0.07,High
2026-09-03,Jupiter,Moon,Trine,0.56,High
2026-09-03,Uranus,Moon,Quintile,1.19,Medium
2026-09-03,Uranus,Venus,Bi-Quintile,0.19,High
2026-09-03,Uranus,Jupiter,Bi-Quintile,0.9,High
2026-09-03,Uranus,Pluto,Semi-Square,0.85,High
2026-09-03,Pluto,Moon,Quincunx,1.23,Medium
2026-09-03,North Node (Mean),Sun,Quincunx,0.2,High
2026-09-03,North Node (Mean),Mercury,Bi-Quintile,0.53,High
2026-09-04,Sun,Moon,Quincunx,0.75,High
2026-09-04,Sun,Jupiter,Quincunx,0.92,High
2026-09-04,Sun,Saturn,Square,0.04,High
2026-09-04,Moon,Uranus,Sextile,1.13,Medium
2026-09-04,Moon,Neptune,Conjunction,0.97,High
2026-09-04,Moon,Pluto,Sextile,1.1,Medium
2026-09-04,Mercury,Saturn,Quintile,1.32,Medium
2026-09-04,Mercury,Neptune,Sextile,0.78,High
2026-09-04,Mercury,Pluto,Conjunction,0.66,High
2026-09-04,Venus,Mars,Sesquiquadrate,0.35,High
2026-09-04,Mars,Uranus,Quincunx,0.08,High
2026-09-04,Jupiter,Moon,Sesquiquadrate,0.3,High
2026-09-04,Uranus,Mercury,Opposition,0.15,High
2026-09-04,Uranus,Venus,Bi-Quintile,0.57,High
2026-09-04,Uranus,Jupiter,Bi-Quintile,1.11,Medium
2026-09-04,Uranus,Pluto,Semi-Square,0.87,High
2026-09-04,Neptune,Mars,Bi-Quintile,0.91,High
2026-09-04,North Node (Mean),Sun,Quincunx,1.17,Medium
2026-09-05,Sun,Jupiter,Quincunx,1.12,Medium
2026-09-05,Sun,Saturn,Square,0.1,High
2026-09-05,Moon,Uranus,Sextile,1.13,Medium
2026-09-05,Moon,Neptune,Conjunction,1.0,High
2026-09-05,Moon,Pluto,Sextile,1.12,Medium
2026-09-05,Mercury,Saturn,Quintile,1.38,Medium
2026-09-05,Mercury,Neptune,Sextile,0.76,High
2026-09-05,Mercury,Pluto,Conjunction,0.64,High
2026-09-05,Venus,Mars,Sesquiquadrate,0.98,High
2026-09-05,Mars,Uranus,Quincunx,0.08,High
2026-09-05,Jupiter,Moon,Quincunx,1.05,Medium
2026-09-05,Saturn,Mercury,Conjunction,0.78,High
2026-09-05,Uranus,Venus,Bi-Quintile,1.31,Medium
2026-09-05,Uranus,Jupiter,Bi-Quintile,1.32,Medium
2026-09-05,Uranus,Pluto,Semi-Square,0.89,High
2026-09-05,Neptune,Mars,Bi-Quintile,0.28,High
2026-09-06,Sun,Moon,Opposition,0.7,High
2026-09-06,Sun,Jupiter,Quincunx,1.33,Medium
2026-09-06,Sun,Saturn,Square,0.16,High
2026-09-06,Moon,Uranus,Sextile,1.14,Medium
2026-09-06,Moon,Neptune,Conjunction,1.03,Medium
2026-09-06,Moon,Pluto,Sextile,1.14,Medium
2026-09-06,Mercury,Saturn,Quintile,1.44,Medium
2026-09-06,Mercury,Neptune,Sextile,0.73,High
2026-09-06,Mercury,Pluto,Conjunction,0.62,High
2026-09-06,Mars,Uranus,Quincunx,0.09,High
2026-09-06,Jupiter,Sun,Sesquiquadrate,0.64,High
2026-09-06,Saturn,Mercury,Conjunction,1.0,High
2026-09-06,Uranus,Pluto,Semi-Square,0.9,High
2026-09-06,Neptune,Mercury,Quincunx,0.24,High
2026-09-06,Neptune,Mars,Bi-Quintile,0.34,High
2026-09-07,Sun,Saturn,Square,0.22,High
2026-09-07,Moon,Uranus,Sextile,1.14,Medium
2026-09-07,Moon,Neptune,Conjunction,1.05,Medium
2026-09-07,Moon,Pluto,Sextile,1.15,Medium
2026-09-07,Mercury,Saturn,Quintile,1.5,Medium
2026-09-07,Mercury,Neptune,Sextile,0.71,High
2026-09-07,Mercury,Pluto,Conjunction,0.61,High
2026-09-07,Mars,Uranus,Quincunx,0.09,High
2026-09-07,Jupiter,Sun,Sesquiquadrate,0.33,High
2026-09-07,Jupiter,Venus,Square,1.49,Medium
2026-09-07,Uranus,Pluto,Semi-Square,0.92,High
2026-09-07,Neptune,Mars,Bi-Quintile,0.97,High
2026-09-07,Pluto,Jupiter,Sesquiquadrate,1.31,Medium
2026-09-07,North Node (Mean),Mercury,Sesquiquadrate,1.3,Medium
2026-09-08,Sun,Saturn,Square,0.29,High
2026-09-08,Moon,Uranus,Sextile,1.14,Medium
2026-09-08,Moon,Neptune,Conjunction,1.08,Medium
2026-09-08,Moon,Pluto,Sextile,1.17,Medium
2026-09-08,Mercury,Neptune,Sextile,0.68,High
2026-09-08,Mercury,Pluto,Conjunction,0.59,High
2026-09-08,Mars,Moon,Bi-Quintile,0.2,High
2026-09-08,Mars,Uranus,Quincunx,0.09,High
2026-09-08,Jupiter,Sun,Sesquiquadrate,1.3,Medium
2026-09-08,Jupiter,Venus,Square,0.8,High
2026-09-08,Uranus,Mars,Trine,1.21,Medium
2026-09-08,Uranus,Pluto,Semi-Square,0.93,High
2026-09-08,Pluto,Jupiter,Sesquiquadrate,1.1,Medium
2026-09-08,North Node (Mean),Sun,Bi-Quintile,0.95,High
2026-09-08,North Node (Mean),Moon,Opposition,0.58,High
2026-09-08,North Node (Mean),Mercury,Sesquiquadrate,0.45,High
2026-09-09,Sun,Saturn,Square,0.35,High
2026-09-09,Moon,Uranus,Sextile,1.14,Medium
2026-09-09,Moon,Neptune,Conjunction,1.1,Medium
2026-09-09,Moon,Pluto,Sextile,1.18,Medium
2026-09-09,Mercury,Sun,Sesquiquadrate,0.96,High
2026-09-09,Mercury,Neptune,Sextile,0.66,High
2026-09-09,Mercury,Pluto,Conjunction,0.57,High
2026-09-09,Mars,Uranus,Quincunx,0.1,High
2026-09-09,Jupiter,Venus,Square,0.12,High
2026-09-09,Uranus,Mars,Trine,0.59,High
2026-09-09,Uranus,Pluto,Semi-Square,0.95,High
2026-09-09,Neptune,Mercury,Bi-Quintile,0.53,High
2026-09-09,Pluto,Jupiter,Sesquiquadrate,0.9,High
2026-09-09,North Node (Mean),Sun,Bi-Quintile,0.02,High
2026-09-10,Sun,Venus,Quintile,1.41,Medium
2026-09-10,Sun,Saturn,Square,0.42,High
2026-09-10,Moon,Uranus,Sextile,1.14,Medium
2026-09-10,Moon,Neptune,Conjunction,1.13,Medium
2026-09-10,Moon,Pluto,Sextile,1.2,Medium
2026-09-10,Mercury,Sun,Sesquiquadrate,0.01,High
2026-09-10,Mercury,Moon,Bi-Quintile,0.75,High
2026-09-10,Mercury,Neptune,Sextile,0.63,High
2026-09-10,Mercury,Pluto,Conjunction,0.56,High
2026-09-10,Venus,Mercury,Quincunx,0.56,High
2026-09-10,Mars,Uranus,Quincunx,0.1,High
2026-09-10,Jupiter,Mercury,Trine,0.13,High
2026-09-10,Jupiter,Venus,Square,0.55,High
2026-09-10,Uranus,Mars,Trine,0.03,High
2026-09-10,Uranus,Pluto,Semi-Square,0.97,High
2026-09-10,Neptune,Mercury,Bi-Quintile,1.18,Medium
2026-09-10,Pluto,Venus,Sextile,1.25,Medium
2026-09-10,Pluto,Jupiter,Sesquiquadrate,0.69,High
2026-09-10,North Node (Mean),Sun,Bi-Quintile,0.99,High
2026-09-10,North Node (Mean),Moon,Quincunx,1.27,Medium
2026-09-11,Sun,Venus,Quintile,0.76,High
2026-09-11,Sun,Saturn,Square,0.49,High
2026-09-11,Moon,Uranus,Sextile,1.14,Medium
2026-09-11,Moon,Neptune,Conjunction,1.16,Medium
2026-09-11,Moon,Pluto,Sextile,1.22,Medium
2026-09-11,Mercury,Sun,Sesquiquadrate,0.98,High
2026-09-11,Mercury,Neptune,Sextile,0.6,High
2026-09-11,Mercury,Pluto,Conjunction,0.54,High
2026-09-11,Venus,Mercury,Quincunx,1.12,Medium
2026-09-11,Mars,Uranus,Quincunx,0.1,High
2026-09-11,Jupiter,Venus,Square,1.19,Medium
2026-09-11,Jupiter,Saturn,Quintile,1.47,Medium
2026-09-11,Uranus,Sun,Opposition,0.54,High
2026-09-11,Uranus,Mars,Trine,0.65,High
2026-09-11,Uranus,Pluto,Semi-Square,0.98,High
2026-09-11,Neptune,Moon,Quincunx,0.79,High
2026-09-11,Pluto,Mercury,Square,0.02,High
2026-09-11,Pluto,Venus,Sextile,0.61,High
2026-09-11,Pluto,Jupiter,Sesquiquadrate,0.49,High
2026-09-12,Sun,Venus,Quintile,0.14,High
2026-09-12,Sun,Saturn,Square,0.56,High
2026-09-12,Moon,Uranus,Sextile,1.14,Medium
2026-09-12,Moon,Neptune,Conjunction,1.18,Medium
2026-09-12,Moon,Pluto,Sextile,1.23,Medium
2026-09-12,Mercury,Venus,Square,1.42,Medium
2026-09-12,Mercury,Neptune,Sextile,0.58,High
2026-09-12,Mercury,Pluto,Conjunction,0.53,High
2026-09-12,Venus,Moon,Bi-Quintile,0.52,High
2026-09-12,Mars,Moon,Square,1.18,Medium
2026-09-12,Mars,Uranus,Quincunx,0.09,High
2026-09-12,Jupiter,Saturn,Quintile,1.4,Medium
2026-09-12,Saturn,Mars,Sextile,1.17,Medium
2026-09-12,Uranus,Sun,Opposition,0.43,High
2026-09-12,Uranus,Mars,Trine,1.27,Medium
2026-09-12,Uranus,Pluto,Semi-Square,0.99,High
2026-09-12,Neptune,Moon,Sesquiquadrate,0.74,High
2026-09-12,Pluto,Venus,Sextile,0.02,High
2026-09-12,Pluto,Jupiter,Sesquiquadrate,0.29,High
2026-09-13,Sun,Venus,Quintile,0.47,High
2026-09-13,Sun,Saturn,Square,0.62,High
2026-09-13,Moon,Mercury,Opposition,0.14,High
2026-09-13,Moon,Uranus,Sextile,1.14,Medium
2026-09-13,Moon,Neptune,Conjunction,1.21,Medium
2026-09-13,Moon,Pluto,Sextile,1.24,Medium
2026-09-13,Mercury,Venus,Square,0.81,High
2026-09-13,Mercury,Neptune,Sextile,0.55,High
2026-09-13,Mercury,Pluto,Conjunction,0.51,High
2026-09-13,Mars,Mercury,Square,0.91,High
2026-09-13,Mars,Uranus,Quincunx,0.09,High
2026-09-13,Jupiter,Saturn,Quintile,1.33,Medium
2026-09-13,Saturn,Sun,Conjunction,1.03,Medium
2026-09-13,Saturn,Mars,Sextile,0.55,High
2026-09-13,Uranus,Sun,Opposition,1.41,Medium
2026-09-13,Uranus,Moon,Quincunx,0.63,High
2026-09-13,Uranus,Pluto,Semi-Square,1.01,Medium
2026-09-13,Neptune,Mars,Quincunx,1.31,Medium
2026-09-13,Pluto,Moon,Quintile,0.59,High
2026-09-13,Pluto,Venus,Sextile,0.62,High
2026-09-13,Pluto,Jupiter,Sesquiquadrate,0.09,High
2026-09-14,Sun,Moon,Quintile,1.28,Medium
2026-09-14,Sun,Venus,Quintile,1.05,Medium
2026-09-14,Sun,Saturn,Square,0.69,High
2026-09-14,Moon,Uranus,Sextile,1.14,Medium
2026-09-14,Moon,Neptune,Conjunction,1.24,Medium
2026-09-14,Moon,Pluto,Sextile,1.26,Medium
2026-09-14,Mercury,Moon,Square,0.0,High
2026-09-14,Mercury,Venus,Square,0.23,High
2026-09-14,Mercury,Neptune,Sextile,0.52,High
2026-09-14,Mercury,Pluto,Conjunction,0.5,High
2026-09-14,Venus,Mercury,Bi-Quintile,0.07,High
2026-09-14,Mars,Mercury,Square,0.72,High
2026-09-14,Mars,Uranus,Quincunx,0.09,High
2026-09-14,Jupiter,Saturn,Quintile,1.26,Medium
2026-09-14,Saturn,Sun,Conjunction,0.06,High
2026-09-14,Saturn,Mars,Sextile,0.06,High
2026-09-14,Uranus,Pluto,Semi-Square,1.02,Medium
2026-09-14,Neptune,Sun,Quincunx,0.82,High
2026-09-14,Neptune,Mercury,Sesquiquadrate,1.19,Medium
2026-09-14,Neptune,Mars,Quincunx,0.7,High
2026-09-14,Pluto,Moon,Sextile,1.44,Medium
2026-09-14,Pluto,Venus,Sextile,1.21,Medium
2026-09-14,Pluto,Jupiter,Sesquiquadrate,0.11,High
2026-09-15,Sun,Saturn,Square,0.77,High
2026-09-15,Moon,Venus,Quincunx,1.43,Medium
2026-09-15,Moon,Uranus,Sextile,1.13,Medium
2026-09-15,Moon,Neptune,Conjunction,1.26,Medium
2026-09-15,Moon,Pluto,Sextile,1.27,Medium
2026-09-15,Mercury,Venus,Square,0.33,High
2026-09-15,Mercury,Neptune,Sextile,0.5,High
2026-09-15,Mercury,Pluto,Conjunction,0.49,High
2026-09-15,Mars,Uranus,Quincunx,0.09,High
2026-09-15,Jupiter,Saturn,Quintile,1.19,Medium
2026-09-15,Saturn,Sun,Conjunction,0.91,High
2026-09-15,Saturn,Mars,Sextile,0.67,High
2026-09-15,Uranus,Venus,Sesquiquadrate,1.19,Medium
2026-09-15,Uranus,Pluto,Semi-Square,1.04,Medium
2026-09-15,Neptune,Sun,Quincunx,0.16,High
2026-09-15,Neptune,Mercury,Sesquiquadrate,0.42,High
2026-09-15,Neptune,Mars,Quincunx,0.09,High
2026-09-15,Pluto,Moon,Semi-Square,1.01,Medium
2026-09-15,Pluto,Jupiter,Sesquiquadrate,0.31,High
2026-09-16,Sun,Moon,Semi-Square,0.89,High
2026-09-16,Sun,Saturn,Square,0.84,High
2026-09-16,Moon,Venus,Quincunx,0.89,High
2026-09-16,Moon,Uranus,Sextile,1.13,Medium
2026-09-16,Moon,Neptune,Conjunction,1.29,Medium
2026-09-16,Moon,Pluto,Sextile,1.28,Medium
2026-09-16,Mercury,Venus,Square,0.87,High
2026-09-16,Mercury,Neptune,Sextile,0.47,High
2026-09-16,Mercury,Pluto,Conjunction,0.47,High
2026-09-16,Venus,Mars,Bi-Quintile,1.22,Medium
2026-09-16,Mars,Uranus,Quincunx,0.08,High
2026-09-16,Jupiter,Saturn,Quintile,1.12,Medium
2026-09-16,Saturn,Mars,Sextile,1.28,Medium
2026-09-16,Uranus,Venus,Sesquiquadrate,0.65,High
2026-09-16,Uranus,Pluto,Semi-Square,1.05,Medium
2026-09-16,Neptune,Sun,Quincunx,1.13,Medium
2026-09-16,Neptune,Mars,Quincunx,0.52,High
2026-09-16,Pluto,Jupiter,Sesquiquadrate,0.5,High
2026-09-16,North Node (Mean),Moon,Quintile,1.19,Medium
2026-09-16,North Node (Mean),Mercury,Trine,1.29,Medium
2026-09-17,Sun,Saturn,Square,0.91,High
2026-09-17,Moon,Venus,Quincunx,0.37,High
2026-09-17,Moon,Uranus,Sextile,1.12,Medium
2026-09-17,Moon,Neptune,Conjunction,1.32,Medium
2026-09-17,Moon,Pluto,Sextile,1.3,Medium
2026-09-17,Mercury,Venus,Square,1.39,Medium
2026-09-17,Mercury,Neptune,Sextile,0.44,High
2026-09-17,Mercury,Pluto,Conjunction,0.46,High
2026-09-17,Venus,Mars,Bi-Quintile,0.61,High
2026-09-17,Mars,Venus,Sextile,1.42,Medium
2026-09-17,Mars,Uranus,Quincunx,0.08,High
2026-09-17,Jupiter,Saturn,Quintile,1.04,Medium
2026-09-17,Uranus,Venus,Sesquiquadrate,0.13,High
2026-09-17,Uranus,Pluto,Semi-Square,1.06,Medium
2026-09-17,Neptune,Moon,Quintile,0.82,High
2026-09-17,Neptune,Mars,Quincunx,1.13,Medium
2026-09-17,Pluto,Jupiter,Sesquiquadrate,0.7,High
2026-09-17,North Node (Mean),Sun,Sesquiquadrate,1.19,Medium
2026-09-17,North Node (Mean),Moon,Sextile,1.11,Medium
2026-09-17,North Node (Mean),Mercury,Trine,0.29,High
2026-09-18,Sun,Mercury,Square,0.85,High
2026-09-18,Sun,Saturn,Square,0.98,High
2026-09-18,Moon,Venus,Quincunx,0.13,High
2026-09-18,Moon,Uranus,Sextile,1.12,Medium
2026-09-18,Moon,Neptune,Conjunction,1.35,Medium
2026-09-18,Moon,Pluto,Sextile,1.31,Medium
2026-09-18,Mercury,Neptune,Sextile,0.41,High
2026-09-18,Mercury,Pluto,Conjunction,0.45,High
2026-09-18,Venus,Mars,Bi-Quintile,0.0,High
2026-09-18,Mars,Venus,Sextile,0.92,High
2026-09-18,Mars,Uranus,Quincunx,0.07,High
2026-09-18,Jupiter,Saturn,Quintile,0.97,High
2026-09-18,Saturn,Moon,Square,0.12,High
2026-09-18,Uranus,Venus,Sesquiquadrate,0.36,High
2026-09-18,Uranus,Pluto,Semi-Square,1.08,Medium
2026-09-18,Neptune,Moon,Sextile,0.88,High
2026-09-18,Pluto,Jupiter,Sesquiquadrate,0.9,High
2026-09-18,North Node (Mean),Sun,Sesquiquadrate,0.22,High
2026-09-19,Sun,Mercury,Square,0.69,High
2026-09-19,Sun,Saturn,Square,1.06,Medium
2026-09-19,Moon,Venus,Quincunx,0.59,High
2026-09-19,Moon,Uranus,Sextile,1.11,Medium
2026-09-19,Moon,Neptune,Conjunction,1.37,Medium
2026-09-19,Moon,Pluto,Sextile,1.32,Medium
2026-09-19,Mercury,Moon,Semi-Sextile,0.71,High
2026-09-19,Mercury,Neptune,Sextile,0.39,High
2026-09-19,Mercury,Pluto,Conjunction,0.44,High
2026-09-19,Venus,Mercury,Sesquiquadrate,1.05,Medium
2026-09-19,Venus,Mars,Bi-Quintile,0.61,High
2026-09-19,Mars,Venus,Sextile,0.45,High
2026-09-19,Mars,Uranus,Quincunx,0.06,High
2026-09-19,Jupiter,Saturn,Quintile,0.9,High
2026-09-19,Uranus,Venus,Sesquiquadrate,0.83,High
2026-09-19,Uranus,Pluto,Semi-Square,1.09,Medium
2026-09-19,Pluto,Jupiter,Sesquiquadrate,1.09,Medium
2026-09-19,North Node (Mean),Sun,Sesquiquadrate,0.76,High
2026-09-20,Sun,Saturn,Square,1.13,Medium
2026-09-20,Moon,Venus,Quincunx,1.03,Medium
2026-09-20,Moon,Uranus,Sextile,1.1,Medium
2026-09-20,Moon,Neptune,Conjunction,1.4,Medium
2026-09-20,Moon,Pluto,Sextile,1.33,Medium
2026-09-20,Mercury,Neptune,Sextile,0.36,High
2026-09-20,Mercury,Pluto,Conjunction,0.43,High
2026-09-20,Venus,Moon,Semi-Square,0.13,High
2026-09-20,Venus,Mercury,Sesquiquadrate,0.48,High
2026-09-20,Venus,Mars,Bi-Quintile,1.21,Medium
2026-09-20,Mars,Venus,Sextile,0.01,High
2026-09-20,Mars,Uranus,Quincunx,0.06,High
2026-09-20,Jupiter,Saturn,Quintile,0.82,High
2026-09-20,Saturn,Venus,Semi-Square,1.17,Medium
2026-09-20,Uranus,Venus,Sesquiquadrate,1.27,Medium
2026-09-20,Uranus,Pluto,Semi-Square,1.1,Medium
2026-09-20,Neptune,Sun,Bi-Quintile,0.96,High
2026-09-20,Pluto,Jupiter,Sesquiquadrate,1.28,Medium
2026-09-21,Sun,Saturn,Square,1.2,Medium
2026-09-21,Moon,Venus,Quincunx,1.45,Medium
2026-09-21,Moon,Uranus,Sextile,1.1,Medium
2026-09-21,Moon,Neptune,Conjunction,1.43,Medium
2026-09-21,Moon,Pluto,Sextile,1.34,Medium
2026-09-21,Mercury,Neptune,Sextile,0.33,High
2026-09-21,Mercury,Pluto,Conjunction,0.41,High
2026-09-21,Mars,Venus,Sextile,0.4,High
2026-09-21,Mars,Uranus,Quincunx,0.05,High
2026-09-21,Jupiter,Sun,Trine,1.03,Medium
2026-09-21,Jupiter,Saturn,Quintile,0.75,High
2026-09-21,Saturn,Venus,Semi-Square,0.76,High
2026-09-21,Uranus,Jupiter,Quincunx,1.49,Medium
2026-09-21,Uranus,Pluto,Semi-Square,1.11,Medium
2026-09-21,Neptune,Sun,Bi-Quintile,0.01,High
2026-09-21,Pluto,Jupiter,Sesquiquadrate,1.48,Medium
2026-09-21,North Node (Mean),Saturn,Sextile,1.49,Medium
2026-09-22,Sun,Jupiter,Bi-Quintile,1.49,Medium
2026-09-22,Sun,Saturn,Square,1.28,Medium
2026-09-22,Moon,Uranus,Sextile,1.09,Medium
2026-09-22,Moon,Neptune,Conjunction,1.46,Medium
2026-09-22,Moon,Pluto,Sextile,1.36,Medium
2026-09-22,Mercury,Neptune,Sextile,0.3,High
2026-09-22,Mercury,Pluto,Conjunction,0.4,High
2026-09-22,Venus,Sun,Quincunx,0.75,High
2026-09-22,Mars,Venus,Sextile,0.79,High
2026-09-22,Mars,Uranus,Quincunx,0.04,High
2026-09-22,Jupiter,Sun,Trine,0.05,High
2026-09-22,Jupiter,Saturn,Quintile,0.67,High
2026-09-22,Saturn,Venus,Semi-Square,0.37,High
2026-09-22,Uranus,Mercury,Quincunx,0.59,High
2026-09-22,Uranus,Jupiter,Quincunx,1.3,Medium
2026-09-22,Uranus,Pluto,Semi-Square,1.12,Medium
2026-09-22,Neptune,Sun,Bi-Quintile,0.99,High
2026-09-22,Pluto,Mercury,Quintile,0.62,High
2026-09-22,North Node (Mean),Moon,Conjunction,1.3,Medium
2026-09-22,North Node (Mean),Saturn,Sextile,1.42,Medium
2026-09-23,Sun,Jupiter,Bi-Quintile,1.3,Medium
2026-09-23,Sun,Saturn,Square,1.36,Medium
2026-09-23,Moon,Jupiter,Sesquiquadrate,1.34,Medium
2026-09-23,Moon,Uranus,Sextile,1.08,Medium
2026-09-23,Moon,Neptune,Conjunction,1.48,Medium
2026-09-23,Moon,Pluto,Sextile,1.37,Medium
2026-09-23,Mercury,Neptune,Sextile,0.28,High
2026-09-23,Mercury,Pluto,Conjunction,0.39,High
2026-09-23,Venus,Sun,Quincunx,0.23,High
2026-09-23,Mars,Moon,Semi-Square,1.3,Medium
2026-09-23,Mars,Venus,Sextile,1.15,Medium
2026-09-23,Mars,Uranus,Quincunx,0.03,High
2026-09-23,Jupiter,Sun,Trine,0.92,High
2026-09-23,Jupiter,Saturn,Quintile,0.6,High
2026-09-23,Saturn,Moon,Quincunx,0.15,High
2026-09-23,Saturn,Venus,Semi-Square,0.01,High
2026-09-23,Uranus,Mercury,Quincunx,0.89,High
2026-09-23,Uranus,Jupiter,Quincunx,1.11,Medium
2026-09-23,Uranus,Pluto,Semi-Square,1.13,Medium
2026-09-23,Neptune,Moon,Conjunction,0.61,High
2026-09-23,Pluto,Sun,Square,0.87,High
2026-09-23,Pluto,Mercury,Quintile,0.85,High
2026-09-23,North Node (Mean),Saturn,Sextile,1.34,Medium
2026-09-24,Sun,Jupiter,Bi-Quintile,1.12,Medium
2026-09-24,Sun,Saturn,Square,1.43,Medium
2026-09-24,Moon,Jupiter,Sesquiquadrate,1.15,Medium
2026-09-24,Moon,Uranus,Sextile,1.06,Medium
2026-09-24,Moon,Pluto,Sextile,1.38,Medium
2026-09-24,Mercury,Sun,Trine,1.33,Medium
2026-09-24,Mercury,Neptune,Sextile,0.25,High
2026-09-24,Mercury,Pluto,Conjunction,0.38,High
2026-09-24,Venus,Sun,Quincunx,1.21,Medium
2026-09-24,Mars,Moon,Sextile,1.02,Medium
2026-09-24,Mars,Venus,Sextile,1.47,Medium
2026-09-24,Mars,Uranus,Quincunx,0.02,High
2026-09-24,Jupiter,Saturn,Quintile,0.52,High
2026-09-24,Saturn,Mercury,Semi-Sextile,0.1,High
2026-09-24,Saturn,Venus,Semi-Square,0.31,High
2026-09-24,Uranus,Jupiter,Quincunx,0.92,High
2026-09-24,Uranus,Pluto,Semi-Square,1.14,Medium
2026-09-24,Neptune,Mercury,Trine,0.86,High
2026-09-24,Pluto,Sun,Square,0.11,High
2026-09-24,North Node (Mean),Saturn,Sextile,1.27,Medium
2026-09-25,Sun,Jupiter,Bi-Quintile,0.93,High
2026-09-25,Moon,Jupiter,Sesquiquadrate,0.97,High
2026-09-25,Moon,Uranus,Sextile,1.05,Medium
2026-09-25,Moon,Pluto,Sextile,1.39,Medium
2026-09-25,Mercury,Sun,Trine,0.35,High
2026-09-25,Mercury,Moon,Semi-Square,0.21,High
2026-09-25,Mercury,Neptune,Sextile,0.22,High
2026-09-25,Mercury,Pluto,Conjunction,0.37,High
2026-09-25,Mars,Moon,Quintile,0.02,High
2026-09-25,Mars,Mercury,Quintile,0.5,High
2026-09-25,Mars,Uranus,Quincunx,0.0,High
2026-09-25,Jupiter,Mars,Opposition,1.11,Medium
2026-09-25,Jupiter,Saturn,Quintile,0.45,High
2026-09-25,Saturn,Mercury,Semi-Sextile,1.34,Medium
2026-09-25,Saturn,Venus,Semi-Square,0.61,High
2026-09-25,Uranus,Jupiter,Quincunx,0.73,High
2026-09-25,Uranus,Pluto,Semi-Square,1.15,Medium
2026-09-25,Neptune,Mercury,Trine,0.58,High
2026-09-25,Pluto,Sun,Square,1.09,Medium
2026-09-25,North Node (Mean),Saturn,Sextile,1.19,Medium
2026-09-26,Sun,Jupiter,Bi-Quintile,0.74,High
2026-09-26,Moon,Sun,Opposition,1.13,Medium
2026-09-26,Moon,Jupiter,Sesquiquadrate,0.78,High
2026-09-26,Moon,Uranus,Sextile,1.04,Medium
2026-09-26,Moon,Pluto,Sextile,1.39,Medium
2026-09-26,Mercury,Sun,Trine,0.63,High
2026-09-26,Mercury,Neptune,Sextile,0.19,High
2026-09-26,Mercury,Pluto,Conjunction,0.36,High
2026-09-26,Venus,Moon,Semi-Sextile,0.65,High
2026-09-26,Venus,Mars,Quincunx,1.21,Medium
2026-09-26,Mars,Mercury,Quintile,0.92,High
2026-09-26,Mars,Uranus,Quincunx,0.01,High
2026-09-26,Jupiter,Moon,Sextile,1.35,Medium
2026-09-26,Jupiter,Mars,Opposition,0.51,High
2026-09-26,Jupiter,Saturn,Quintile,0.37,High
2026-09-26,Saturn,Venus,Semi-Square,0.87,High
2026-09-26,Uranus,Mercury,Bi-Quintile,0.8,High
2026-09-26,Uranus,Jupiter,Quincunx,0.55,High
2026-09-26,Uranus,Pluto,Semi-Square,1.16,Medium
2026-09-26,Pluto,Moon,Square,0.45,High
2026-09-26,North Node (Mean),Saturn,Sextile,1.11,Medium
2026-09-27,Sun,Moon,Square,1.03,Medium
2026-09-27,Sun,Jupiter,Bi-Quintile,0.56,High
2026-09-27,Moon,Sun,Opposition,0.15,High
2026-09-27,Moon,Jupiter,Sesquiquadrate,0.6,High
2026-09-27,Moon,Uranus,Sextile,1.03,Medium
2026-09-27,Moon,Pluto,Sextile,1.4,Medium
2026-09-27,Mercury,Moon,Quintile,0.25,High
2026-09-27,Mercury,Neptune,Sextile,0.16,High
2026-09-27,Mercury,Pluto,Conjunction,0.36,High
2026-09-27,Venus,Moon,Semi-Square,0.71,High
2026-09-27,Venus,Mars,Quincunx,0.62,High
2026-09-27,Mars,Sun,Square,1.2,Medium
2026-09-27,Mars,Uranus,Quincunx,0.02,High
2026-09-27,Jupiter,Mars,Opposition,0.08,High
2026-09-27,Jupiter,Saturn,Quintile,0.29,High
2026-09-27,Saturn,Venus,Semi-Square,1.1,Medium
2026-09-27,Uranus,Mercury,Bi-Quintile,0.6,High
2026-09-27,Uranus,Jupiter,Quincunx,0.36,High
2026-09-27,Uranus,Pluto,Semi-Square,1.17,Medium
2026-09-27,North Node (Mean),Saturn,Sextile,1.03,Medium
2026-09-28,Sun,Jupiter,Bi-Quintile,0.37,High
2026-09-28,Moon,Sun,Opposition,0.83,High
2026-09-28,Moon,Jupiter,Sesquiquadrate,0.41,High
2026-09-28,Moon,Uranus,Sextile,1.01,Medium
2026-09-28,Moon,Pluto,Sextile,1.41,Medium
2026-09-28,Mercury,Neptune,Sextile,0.14,High
2026-09-28,Mercury,Pluto,Conjunction,0.35,High
2026-09-28,Venus,Sun,Bi-Quintile,0.87,High
2026-09-28,Venus,Mars,Quincunx,0.03,High
2026-09-28,Mars,Sun,Square,0.22,High
2026-09-28,Mars,Jupiter,Sesquiquadrate,1.46,Medium
2026-09-28,Mars,Uranus,Quincunx,0.04,High
2026-09-28,Jupiter,Moon,Square,1.12,Medium
2026-09-28,Jupiter,Mars,Opposition,0.66,High
2026-09-28,Jupiter,Saturn,Quintile,0.21,High
2026-09-28,Saturn,Moon,Bi-Quintile,0.68,High
2026-09-28,Saturn,Venus,Semi-Square,1.3,Medium
2026-09-28,Uranus,Jupiter,Quincunx,0.18,High
2026-09-28,Uranus,Pluto,Semi-Square,1.18,Medium
2026-09-28,Pluto,Mars,Quincunx,1.13,Medium
2026-09-28,North Node (Mean),Saturn,Sextile,0.96,High
2026-09-29,Sun,Moon,Trine,0.97,High
2026-09-29,Sun,Jupiter,Bi-Quintile,0.19,High
2026-09-29,Moon,Jupiter,Sesquiquadrate,0.23,High
2026-09-29,Moon,Uranus,Sextile,1.0,High
2026-09-29,Moon,Pluto,Sextile,1.42,Medium
2026-09-29,Mercury,Neptune,Sextile,0.11,High
2026-09-29,Mercury,Pluto,Conjunction,0.34,High
2026-09-29,Venus,Sun,Bi-Quintile,0.11,High
2026-09-29,Venus,Moon,Quintile,0.29,High
2026-09-29,Venus,Mars,Quincunx,0.56,High
2026-09-29,Mars,Sun,Square,0.76,High
2026-09-29,Mars,Jupiter,Sesquiquadrate,1.28,Medium
2026-09-29,Mars,Uranus,Quincunx,0.05,High
2026-09-29,Jupiter,Mercury,Square,0.89,High
2026-09-29,Jupiter,Mars,Opposition,1.25,Medium
2026-09-29,Jupiter,Saturn,Quintile,0.13,High
2026-09-29,Saturn,Venus,Semi-Square,1.46,Medium
2026-09-29,Uranus,Jupiter,Quincunx,0.0,High
2026-09-29,Uranus,Pluto,Semi-Square,1.18,Medium
2026-09-29,Neptune,Sun,Sesquiquadrate,1.15,Medium
2026-09-29,Pluto,Mars,Quincunx,0.54,High
2026-09-29,North Node (Mean),Saturn,Sextile,0.88,High
2026-09-30,Sun,Mercury,Quintile,1.5,Medium
2026-09-30,Sun,Jupiter,Bi-Quintile,0.01,High
2026-09-30,Moon,Jupiter,Sesquiquadrate,0.05,High
2026-09-30,Moon,Uranus,Sextile,0.98,High
2026-09-30,Moon,Pluto,Sextile,1.43,Medium
2026-09-30,Mercury,Mars,Opposition,1.4,Medium
2026-09-30,Mercury,Neptune,Sextile,0.08,High
2026-09-30,Mercury,Pluto,Conjunction,0.33,High
2026-09-30,Venus,Sun,Bi-Quintile,1.09,Medium
2026-09-30,Venus,Mercury,Trine,0.24,High
2026-09-30,Venus,Mars,Quincunx,1.14,Medium
2026-09-30,Mars,Jupiter,Sesquiquadrate,1.1,Medium
2026-09-30,Mars,Uranus,Quincunx,0.07,High
2026-09-30,Jupiter,Mercury,Square,0.45,High
2026-09-30,Jupiter,Saturn,Quintile,0.06,High
2026-09-30,Uranus,Jupiter,Quincunx,0.18,High
2026-09-30,Uranus,Pluto,Semi-Square,1.19,Medium
2026-09-30,Neptune,Sun,Sesquiquadrate,0.17,High
2026-09-30,Pluto,Moon,Bi-Quintile,1.41,Medium
2026-09-30,Pluto,Mercury,Sextile,1.34,Medium
2026-09-30,Pluto,Mars,Quincunx,0.04,High
2026-09-30,North Node (Mean),Saturn,Sextile,0.8,High
2026-10-01,Sun,Mercury,Quintile,0.18,High
2026-10-01,Sun,Jupiter,Bi-Quintile,0.17,High
2026-10-01,Moon,Jupiter,Sesquiquadrate,0.13,High
2026-10-01,Moon,Uranus,Sextile,0.96,High
2026-10-01,Moon,Pluto,Sextile,1.43,Medium
2026-10-01,Mercury,Mars,Opposition,0.81,High
2026-10-01,Mercury,Neptune,Sextile,0.05,High
2026-10-01,Mercury,Pluto,Conjunction,0.32,High
2026-10-01,Venus,Mercury,Trine,1.08,Medium
2026-10-01,Mars,Jupiter,Sesquiquadrate,0.92,High
2026-10-01,Mars,Uranus,Quincunx,0.08,High
2026-10-01,Jupiter,Saturn,Quintile,0.02,High
2026-10-01,Uranus,Jupiter,Quincunx,0.36,High
2026-10-01,Uranus,Pluto,Semi-Square,1.2,Medium
2026-10-01,Neptune,Sun,Sesquiquadrate,0.81,High
2026-10-01,Pluto,Mercury,Sextile,0.02,High
2026-10-01,Pluto,Mars,Quincunx,0.62,High
2026-10-01,Pluto,Neptune,Square,1.49,Medium
2026-10-01,North Node (Mean),Moon,Trine,0.23,High
2026-10-01,North Node (Mean),Saturn,Sextile,0.72,High
2026-10-02,Sun,Mercury,Quintile,1.13,Medium
2026-10-02,Sun,Jupiter,Bi-Quintile,0.34,High
2026-10-02,Moon,Jupiter,Sesquiquadrate,0.31,High
2026-10-02,Moon,Uranus,Sextile,0.95,High
2026-10-02,Moon,Pluto,Sextile,1.44,Medium
2026-10-02,Mercury,Moon,Bi-Quintile,1.48,Medium
2026-10-02,Mercury,Mars,Opposition,0.23,High
2026-10-02,Mercury,Neptune,Sextile,0.03,High
2026-10-02,Mercury,Pluto,Conjunction,0.32,High
2026-10-02,Mars,Jupiter,Sesquiquadrate,0.74,High
2026-10-02,Mars,Uranus,Quincunx,0.1,High
2026-10-02,Jupiter,Saturn,Quintile,0.1,High
2026-10-02,Uranus,Jupiter,Quincunx,0.54,High
2026-10-02,Uranus,Pluto,Semi-Square,1.21,Medium
2026-10-02,Pluto,Mercury,Sextile,1.29,Medium
2026-10-02,Pluto,Mars,Quincunx,1.2,Medium
2026-10-02,Pluto,Neptune,Square,1.46,Medium
2026-10-02,North Node (Mean),Sun,Trine,1.5,Medium
2026-10-02,North Node (Mean),Moon,Sesquiquadrate,0.5,High
2026-10-02,North Node (Mean),Saturn,Sextile,0.64,High
2026-10-03,Sun,Jupiter,Bi-Quintile,0.52,High
2026-10-03,Moon,Mercury,Quincunx,0.63,High
2026-10-03,Moon,Mars,Trine,1.41,Medium
2026-10-03,Moon,Jupiter,Sesquiquadrate,0.48,High
2026-10-03,Moon,Uranus,Sextile,0.93,High
2026-10-03,Moon,Pluto,Sextile,1.45,Medium
2026-10-03,Mercury,Mars,Opposition,0.34,High
2026-10-03,Mercury,Neptune,Sextile,0.0,High
2026-10-03,Mercury,Pluto,Conjunction,0.31,High
2026-10-03,Mars,Jupiter,Sesquiquadrate,0.57,High
2026-10-03,Mars,Uranus,Quincunx,0.12,High
2026-10-03,Jupiter,Saturn,Quintile,0.18,High
2026-10-03,Saturn,Moon,Quintile,0.24,High
2026-10-03,Uranus,Mercury,Sesquiquadrate,0.39,High
2026-10-03,Uranus,Mars,Sesquiquadrate,1.18,Medium
2026-10-03,Uranus,Jupiter,Quincunx,0.72,High
2026-10-03,Uranus,Pluto,Semi-Square,1.21,Medium
2026-10-03,Pluto,Neptune,Square,1.44,Medium
2026-10-03,North Node (Mean),Sun,Trine,0.52,High
2026-10-03,North Node (Mean),Moon,Quincunx,1.3,Medium
2026-10-03,North Node (Mean),Saturn,Sextile,0.57,High
2026-10-04,Sun,Jupiter,Bi-Quintile,0.7,High
2026-10-04,Moon,Mercury,Quincunx,0.63,High
2026-10-04,Moon,Mars,Trine,0.84,High
2026-10-04,Moon,Jupiter,Sesquiquadrate,0.66,High
2026-10-04,Moon,Uranus,Sextile,0.91,High
2026-10-04,Moon,Pluto,Sextile,1.45,Medium
2026-10-04,Mercury,Mars,Opposition,0.92,High
2026-10-04,Mercury,Neptune,Sextile,0.03,High
2026-10-04,Mercury,Pluto,Conjunction,0.31,High
2026-10-04,Venus,Moon,Bi-Quintile,0.63,High
2026-10-04,Mars,Mercury,Sextile,0.42,High
2026-10-04,Mars,Jupiter,Sesquiquadrate,0.39,High
2026-10-04,Mars,Uranus,Quincunx,0.14,High
2026-10-04,Jupiter,Saturn,Quintile,0.26,High
2026-10-04,Uranus,Mercury,Sesquiquadrate,0.86,High
2026-10-04,Uranus,Mars,Sesquiquadrate,0.6,High
2026-10-04,Uranus,Jupiter,Quincunx,0.89,High
2026-10-04,Uranus,Pluto,Semi-Square,1.22,Medium
2026-10-04,Neptune,Moon,Quincunx,1.11,Medium
2026-10-04,Pluto,Neptune,Square,1.41,Medium
2026-10-04,North Node (Mean),Sun,Trine,0.47,High
2026-10-04,North Node (Mean),Saturn,Sextile,0.49,High
2026-10-05,Sun,Jupiter,Bi-Quintile,0.87,High
2026-10-05,Moon,Mars,Trine,0.26,High
2026-10-05,Moon,Jupiter,Sesquiquadrate,0.83,High
2026-10-05,Moon,Uranus,Sextile,0.89,High
2026-10-05,Moon,Pluto,Sextile,1.46,Medium
2026-10-05,Mercury,Mars,Opposition,1.5,Medium
2026-10-05,Mercury,Neptune,Sextile,0.06,High
2026-10-05,Mercury,Pluto,Conjunction,0.3,High
2026-10-05,Mars,Mercury,Sextile,0.81,High
2026-10-05,Mars,Jupiter,Sesquiquadrate,0.22,High
2026-10-05,Mars,Uranus,Quincunx,0.16,High
2026-10-05,Jupiter,Saturn,Quintile,0.34,High
2026-10-05,Saturn,Moon,Semi-Square,0.86,High
2026-10-05,Saturn,Mercury,Semi-Square,0.34,High
2026-10-05,Saturn,Jupiter,Semi-Sextile,1.38,Medium
2026-10-05,Uranus,Mars,Sesquiquadrate,0.03,High
2026-10-05,Uranus,Jupiter,Quincunx,1.06,Medium
2026-10-05,Uranus,Pluto,Semi-Square,1.22,Medium
2026-10-05,Pluto,Moon,Bi-Quintile,0.26,High
2026-10-05,Pluto,Neptune,Square,1.38,Medium
2026-10-05,North Node (Mean),Sun,Trine,1.45,Medium
2026-10-05,North Node (Mean),Saturn,Sextile,0.41,High
2026-10-06,Sun,Jupiter,Bi-Quintile,1.04,Medium
2026-10-06,Moon,Mars,Trine,0.31,High
2026-10-06,Moon,Jupiter,Sesquiquadrate,1.0,High
2026-10-06,Moon,Uranus,Sextile,0.87,High
2026-10-06,Moon,Pluto,Sextile,1.46,Medium
2026-10-06,Mercury,Neptune,Sextile,0.08,High
2026-10-06,Mercury,Pluto,Conjunction,0.3,High
2026-10-06,Mars,Moon,Sesquiquadrate,0.88,High
2026-10-06,Mars,Jupiter,Sesquiquadrate,0.05,High
2026-10-06,Mars,Uranus,Quincunx,0.18,High
2026-10-06,Jupiter,Saturn,Quintile,0.41,High
2026-10-06,Saturn,Moon,Semi-Sextile,0.28,High
2026-10-06,Saturn,Mercury,Semi-Square,0.86,High
2026-10-06,Saturn,Jupiter,Semi-Sextile,1.2,Medium
2026-10-06,Uranus,Mars,Sesquiquadrate,0.55,High
2026-10-06,Uranus,Jupiter,Quincunx,1.24,Medium
2026-10-06,Uranus,Pluto,Semi-Square,1.23,Medium
2026-10-06,Neptune,Moon,Opposition,1.04,Medium
2026-10-06,Pluto,Neptune,Square,1.36,Medium
2026-10-06,North Node (Mean),Saturn,Sextile,0.33,High
2026-10-07,Sun,Jupiter,Bi-Quintile,1.21,Medium
2026-10-07,Moon,Mars,Trine,0.88,High
2026-10-07,Moon,Jupiter,Sesquiquadrate,1.17,Medium
2026-10-07,Moon,Uranus,Sextile,0.85,High
2026-10-07,Moon,Pluto,Sextile,1.47,Medium
2026-10-07,Mercury,Neptune,Sextile,0.11,High
2026-10-07,Mercury,Pluto,Conjunction,0.29,High
2026-10-07,Venus,Sun,Sesquiquadrate,1.02,Medium
2026-10-07,Mars,Moon,Trine,0.41,High
2026-10-07,Mars,Jupiter,Sesquiquadrate,0.12,High
2026-10-07,Mars,Uranus,Quincunx,0.2,High
2026-10-07,Jupiter,Moon,Bi-Quintile,0.37,High
2026-10-07,Jupiter,Saturn,Quintile,0.49,High
2026-10-07,Saturn,Venus,Semi-Square,1.39,Medium
2026-10-07,Saturn,Mars,Semi-Square,1.33,Medium
2026-10-07,Saturn,Jupiter,Semi-Sextile,1.03,Medium
2026-10-07,Uranus,Mars,Sesquiquadrate,1.12,Medium
2026-10-07,Uranus,Jupiter,Quincunx,1.41,Medium
2026-10-07,Uranus,Pluto,Semi-Square,1.23,Medium
2026-10-07,Pluto,Neptune,Square,1.33,Medium
2026-10-07,North Node (Mean),Saturn,Sextile,0.25,High
2026-10-08,Sun,Jupiter,Bi-Quintile,1.38,Medium
2026-10-08,Moon,Mercury,Bi-Quintile,0.61,High
2026-10-08,Moon,Mars,Trine,1.45,Medium
2026-10-08,Moon,Jupiter,Sesquiquadrate,1.34,Medium
2026-10-08,Moon,Uranus,Sextile,0.83,High
2026-10-08,Moon,Pluto,Sextile,1.47,Medium
2026-10-08,Mercury,Moon,Sesquiquadrate,0.95,High
2026-10-08,Mercury,Neptune,Sextile,0.14,High
2026-10-08,Mercury,Pluto,Conjunction,0.29,High
2026-10-08,Venus,Sun,Sesquiquadrate,0.03,High
2026-10-08,Mars,Jupiter,Sesquiquadrate,0.29,High
2026-10-08,Mars,Uranus,Quincunx,0.22,High
2026-10-08,Jupiter,Saturn,Quintile,0.57,High
2026-10-08,Saturn,Venus,Semi-Square,1.2,Medium
2026-10-08,Saturn,Mars,Semi-Square,0.76,High
2026-10-08,Saturn,Jupiter,Semi-Sextile,0.87,High
2026-10-08,Uranus,Moon,Opposition,0.57,High
2026-10-08,Uranus,Pluto,Semi-Square,1.24,Medium
2026-10-08,Pluto,Mars,Bi-Quintile,1.35,Medium
2026-10-08,Pluto,Neptune,Square,1.3,Medium
2026-10-08,North Node (Mean),Mercury,Square,0.87,High
2026-10-08,North Node (Mean),Saturn,Sextile,0.17,High
2026-10-09,Moon,Mercury,Bi-Quintile,0.51,High
2026-10-09,Moon,Uranus,Sextile,0.8,High
2026-10-09,Moon,Pluto,Sextile,1.47,Medium
2026-10-09,Mercury,Moon,Trine,0.68,High
2026-10-09,Mercury,Neptune,Sextile,0.16,High
2026-10-09,Mercury,Pluto,Conjunction,0.28,High
2026-10-09,Venus,Sun,Sesquiquadrate,0.96,High
2026-10-09,Mars,Jupiter,Sesquiquadrate,0.46,High
2026-10-09,Mars,Uranus,Quincunx,0.24,High
2026-10-09,Jupiter,Saturn,Quintile,0.65,High
2026-10-09,Saturn,Venus,Semi-Square,0.98,High
2026-10-09,Saturn,Mars,Semi-Square,0.19,High
2026-10-09,Saturn,Jupiter,Semi-Sextile,0.7,High
2026-10-09,Uranus,Pluto,Semi-Square,1.24,Medium
2026-10-09,Neptune,Jupiter,Opposition,1.46,Medium
2026-10-09,Pluto,Moon,Square,0.76,High
2026-10-09,Pluto,Mars,Bi-Quintile,0.79,High
2026-10-09,Pluto,Neptune,Square,1.27,Medium
2026-10-09,North Node (Mean),Mercury,Square,0.25,High
2026-10-09,North Node (Mean),Saturn,Sextile,0.09,High
2026-10-10,Sun,Mercury,Sextile,1.37,Medium
2026-10-10,Moon,Uranus,Sextile,0.78,High
2026-10-10,Moon,Pluto,Sextile,1.48,Medium
2026-10-10,Mercury,Neptune,Sextile,0.19,High
2026-10-10,Mercury,Pluto,Conjunction,0.28,High
2026-10-10,Venus,Moon,Sesquiquadrate,0.02,High
2026-10-10,Mars,Jupiter,Sesquiquadrate,0.62,High
2026-10-10,Mars,Uranus,Quincunx,0.27,High
2026-10-10,Jupiter,Saturn,Quintile,0.73,High
2026-10-10,Saturn,Venus,Semi-Square,0.71,High
2026-10-10,Saturn,Mars,Semi-Square,0.37,High
2026-10-10,Saturn,Jupiter,Semi-Sextile,0.53,High
2026-10-10,Uranus,Pluto,Semi-Square,1.24,Medium
2026-10-10,Neptune,Jupiter,Opposition,1.29,Medium
2026-10-10,Pluto,Mars,Bi-Quintile,0.23,High
2026-10-10,Pluto,Neptune,Square,1.25,Medium
2026-10-10,North Node (Mean),Mercury,Square,1.33,Medium
2026-10-10,North Node (Mean),Saturn,Sextile,0.02,High
2026-10-11,Sun,Mercury,Sextile,0.33,High
2026-10-11,Moon,Uranus,Sextile,0.76,High
2026-10-11,Moon,Pluto,Sextile,1.48,Medium
2026-10-11,Mercury,Neptune,Sextile,0.22,High
2026-10-11,Mercury,Pluto,Conjunction,0.28,High
2026-10-11,Mars,Jupiter,Sesquiquadrate,0.79,High
2026-10-11,Mars,Uranus,Quincunx,0.29,High
2026-10-11,Jupiter,Moon,Square,1.35,Medium
2026-10-11,Jupiter,Saturn,Quintile,0.81,High
2026-10-11,Saturn,Venus,Semi-Square,0.41,High
2026-10-11,Saturn,Mars,Semi-Square,0.93,High
2026-10-11,Saturn,Jupiter,Semi-Sextile,0.37,High
2026-10-11,Uranus,Sun,Quincunx,1.13,Medium
2026-10-11,Uranus,Pluto,Semi-Square,1.24,Medium
2026-10-11,Neptune,Jupiter,Opposition,1.13,Medium
2026-10-11,Pluto,Sun,Quintile,1.16,Medium
2026-10-11,Pluto,Mars,Bi-Quintile,0.34,High
2026-10-11,Pluto,Neptune,Square,1.22,Medium
2026-10-11,North Node (Mean),Saturn,Sextile,0.06,High
2026-10-12,Sun,Mercury,Sextile,0.67,High
2026-10-12,Moon,Uranus,Sextile,0.73,High
2026-10-12,Moon,Pluto,Sextile,1.48,Medium
2026-10-12,Mercury,Neptune,Sextile,0.24,High
2026-10-12,Mercury,Pluto,Conjunction,0.28,High
2026-10-12,Mars,Venus,Sextile,1.22,Medium
2026-10-12,Mars,Jupiter,Sesquiquadrate,0.95,High
2026-10-12,Mars,Uranus,Quincunx,0.32,High
2026-10-12,Jupiter,Saturn,Quintile,0.88,High
2026-10-12,Saturn,Venus,Semi-Square,0.07,High
2026-10-12,Saturn,Mars,Semi-Square,1.49,Medium
2026-10-12,Saturn,Jupiter,Semi-Sextile,0.21,High
2026-10-12,Uranus,Sun,Quincunx,0.14,High
2026-10-12,Uranus,Pluto,Semi-Square,1.25,Medium
2026-10-12,Neptune,Jupiter,Opposition,0.97,High
2026-10-12,Pluto,Sun,Quintile,0.17,High
2026-10-12,Pluto,Mars,Bi-Quintile,0.89,High
2026-10-12,Pluto,Neptune,Square,1.19,Medium
2026-10-12,North Node (Mean),Moon,Square,0.09,High
2026-10-12,North Node (Mean),Saturn,Sextile,0.14,High
2026-10-13,Moon,Uranus,Sextile,0.71,High
2026-10-13,Moon,Pluto,Sextile,1.48,Medium
2026-10-13,Mercury,Neptune,Sextile,0.27,High
2026-10-13,Mercury,Pluto,Conjunction,0.28,High
2026-10-13,Mars,Venus,Sextile,0.85,High
2026-10-13,Mars,Jupiter,Sesquiquadrate,1.11,Medium
2026-10-13,Mars,Uranus,Quincunx,0.34,High
2026-10-13,Jupiter,Saturn,Quintile,0.96,High
2026-10-13,Saturn,Venus,Semi-Square,0.31,High
2026-10-13,Saturn,Jupiter,Semi-Sextile,0.05,High
2026-10-13,Uranus,Sun,Quincunx,0.85,High
2026-10-13,Uranus,Pluto,Semi-Square,1.25,Medium
2026-10-13,Neptune,Moon,Square,0.84,High
2026-10-13,Neptune,Jupiter,Opposition,0.81,High
2026-10-13,Pluto,Sun,Quintile,0.82,High
2026-10-13,Pluto,Mercury,Semi-Square,1.22,Medium
2026-10-13,Pluto,Mars,Bi-Quintile,1.45,Medium
2026-10-13,Pluto,Neptune,Square,1.17,Medium
2026-10-13,North Node (Mean),Saturn,Sextile,0.22,High
2026-10-14,Moon,Venus,Quincunx,1.48,Medium
2026-10-14,Moon,Uranus,Sextile,0.68,High
2026-10-14,Moon,Pluto,Sextile,1.48,Medium
2026-10-14,Mercury,Neptune,Sextile,0.3,High
2026-10-14,Mercury,Pluto,Conjunction,0.27,High
2026-10-14,Mars,Moon,Semi-Sextile,0.02,High
2026-10-14,Mars,Venus,Sextile,0.43,High
2026-10-14,Mars,Jupiter,Sesquiquadrate,1.27,Medium
2026-10-14,Mars,Uranus,Quincunx,0.37,High
2026-10-14,Jupiter,Saturn,Quintile,1.04,Medium
2026-10-14,Saturn,Sun,Semi-Sextile,0.6,High
2026-10-14,Saturn,Venus,Semi-Square,0.72,High
2026-10-14,Saturn,Jupiter,Semi-Sextile,0.11,High
2026-10-14,Uranus,Pluto,Semi-Square,1.25,Medium
2026-10-14,Neptune,Sun,Trine,1.36,Medium
2026-10-14,Neptune,Jupiter,Opposition,0.65,High
2026-10-14,Pluto,Mercury,Semi-Square,0.31,High
2026-10-14,Pluto,Neptune,Square,1.14,Medium
2026-10-14,North Node (Mean),Mars,Opposition,1.46,Medium
2026-10-14,North Node (Mean),Saturn,Sextile,0.29,High
2026-10-15,Moon,Venus,Quincunx,1.04,Medium
2026-10-15,Moon,Uranus,Sextile,0.65,High
2026-10-15,Moon,Pluto,Sextile,1.48,Medium
2026-10-15,Mercury,Moon,Semi-Square,0.17,High
2026-10-15,Mercury,Neptune,Sextile,0.32,High
2026-10-15,Mercury,Pluto,Conjunction,0.27,High
2026-10-15,Venus,Moon,Quintile,0.63,High
2026-10-15,Mars,Sun,Quintile,1.45,Medium
2026-10-15,Mars,Venus,Sextile,0.01,High
2026-10-15,Mars,Jupiter,Sesquiquadrate,1.43,Medium
2026-10-15,Mars,Uranus,Quincunx,0.4,High
2026-10-15,Jupiter,Mercury,Quintile,0.67,High
2026-10-15,Jupiter,Saturn,Quintile,1.11,Medium
2026-10-15,Saturn,Sun,Semi-Sextile,0.39,High
2026-10-15,Saturn,Venus,Semi-Square,1.17,Medium
2026-10-15,Saturn,Jupiter,Semi-Sextile,0.27,High
2026-10-15,Uranus,Venus,Sesquiquadrate,1.27,Medium
2026-10-15,Uranus,Pluto,Semi-Square,1.25,Medium
2026-10-15,Neptune,Sun,Trine,0.36,High
2026-10-15,Neptune,Jupiter,Opposition,0.49,High
2026-10-15,Pluto,Mercury,Semi-Square,0.54,High
2026-10-15,Pluto,Neptune,Square,1.12,Medium
2026-10-15,North Node (Mean),Mars,Opposition,0.9,High
2026-10-15,North Node (Mean),Saturn,Sextile,0.37,High
2026-10-16,Moon,Venus,Quincunx,0.56,High
2026-10-16,Moon,Uranus,Sextile,0.62,High
2026-10-16,Moon,Pluto,Sextile,1.48,Medium
2026-10-16,Mercury,Neptune,Sextile,0.35,High
2026-10-16,Mercury,Pluto,Conjunction,0.27,High
2026-10-16,Venus,Moon,Sextile,0.73,High
2026-10-16,Mars,Sun,Quintile,0.46,High
2026-10-16,Mars,Venus,Sextile,0.49,High
2026-10-16,Mars,Uranus,Quincunx,0.42,High
2026-10-16,Jupiter,Moon,Semi-Sextile,0.03,High
2026-10-16,Jupiter,Mercury,Quintile,0.12,High
2026-10-16,Jupiter,Saturn,Quintile,1.19,Medium
2026-10-16,Saturn,Sun,Semi-Sextile,1.39,Medium
2026-10-16,Saturn,Jupiter,Semi-Sextile,0.42,High
2026-10-16,Uranus,Venus,Sesquiquadrate,0.8,High
2026-10-16,Uranus,Pluto,Semi-Square,1.25,Medium
2026-10-16,Neptune,Sun,Trine,0.63,High
2026-10-16,Neptune,Jupiter,Opposition,0.34,High
2026-10-16,Pluto,Mercury,Semi-Square,1.33,Medium
2026-10-16,Pluto,Neptune,Square,1.09,Medium
2026-10-16,North Node (Mean),Mars,Opposition,0.36,High
2026-10-16,North Node (Mean),Saturn,Sextile,0.45,High
2026-10-17,Moon,Mercury,Sesquiquadrate,1.15,Medium
2026-10-17,Moon,Venus,Quincunx,0.06,High
2026-10-17,Moon,Uranus,Sextile,0.6,High
2026-10-17,Moon,Pluto,Sextile,1.48,Medium
2026-10-17,Mercury,Neptune,Sextile,0.37,High
2026-10-17,Mercury,Pluto,Conjunction,0.27,High
2026-10-17,Mars,Sun,Quintile,0.54,High
2026-10-17,Mars,Venus,Sextile,0.99,High
2026-10-17,Mars,Uranus,Quincunx,0.45,High
2026-10-17,Jupiter,Mercury,Quintile,0.85,High
2026-10-17,Jupiter,Saturn,Quintile,1.26,Medium
2026-10-17,Saturn,Jupiter,Semi-Sextile,0.57,High
2026-10-17,Uranus,Sun,Bi-Quintile,1.18,Medium
2026-10-17,Uranus,Mercury,Trine,0.91,High
2026-10-17,Uranus,Venus,Sesquiquadrate,0.29,High
2026-10-17,Uranus,Pluto,Semi-Square,1.25,Medium
2026-10-17,Neptune,Jupiter,Opposition,0.18,High
2026-10-17,Pluto,Neptune,Square,1.07,Medium
2026-10-17,North Node (Mean),Moon,Semi-Sextile,0.55,High
2026-10-17,North Node (Mean),Mars,Opposition,0.19,High
2026-10-17,North Node (Mean),Saturn,Sextile,0.52,High
2026-10-18,Moon,Mercury,Sesquiquadrate,0.5,High
2026-10-18,Moon,Venus,Quincunx,0.48,High
2026-10-18,Moon,Uranus,Sextile,0.57,High
2026-10-18,Moon,Pluto,Sextile,1.48,Medium
2026-10-18,Mercury,Venus,Square,1.28,Medium
2026-10-18,Mercury,Neptune,Sextile,0.4,High
2026-10-18,Mercury,Pluto,Conjunction,0.28,High
2026-10-18,Mars,Uranus,Quincunx,0.48,High
2026-10-18,Jupiter,Mercury,Quintile,1.5,Medium
2026-10-18,Jupiter,Saturn,Quintile,1.34,Medium
2026-10-18,Saturn,Moon,Trine,1.46,Medium
2026-10-18,Saturn,Jupiter,Semi-Sextile,0.73,High
2026-10-18,Uranus,Sun,Bi-Quintile,0.19,High
2026-10-18,Uranus,Mercury,Trine,0.26,High
2026-10-18,Uranus,Venus,Sesquiquadrate,0.24,High
2026-10-18,Uranus,Pluto,Semi-Square,1.25,Medium
2026-10-18,Neptune,Moon,Semi-Sextile,0.7,High
2026-10-18,Neptune,Jupiter,Opposition,0.03,High
2026-10-18,Pluto,Neptune,Square,1.04,Medium
2026-10-18,North Node (Mean),Mars,Opposition,0.73,High
2026-10-18,North Node (Mean),Saturn,Sextile,0.6,High
2026-10-19,Sun,Mars,Quincunx,1.42,Medium
2026-10-19,Moon,Mercury,Sesquiquadrate,0.07,High
2026-10-19,Moon,Venus,Quincunx,1.03,Medium
2026-10-19,Moon,Uranus,Sextile,0.54,High
2026-10-19,Moon,Pluto,Sextile,1.48,Medium
2026-10-19,Mercury,Venus,Square,0.73,High
2026-10-19,Mercury,Neptune,Sextile,0.42,High
2026-10-19,Mercury,Pluto,Conjunction,0.28,High
2026-10-19,Mars,Moon,Semi-Sextile,0.44,High
2026-10-19,Mars,Mercury,Semi-Square,0.97,High
2026-10-19,Mars,Uranus,Quincunx,0.51,High
2026-10-19,Jupiter,Saturn,Quintile,1.41,Medium
2026-10-19,Saturn,Jupiter,Semi-Sextile,0.87,High
2026-10-19,Uranus,Sun,Bi-Quintile,0.8,High
2026-10-19,Uranus,Moon,Semi-Square,0.84,High
2026-10-19,Uranus,Mercury,Trine,0.31,High
2026-10-19,Uranus,Venus,Sesquiquadrate,0.79,High
2026-10-19,Uranus,Mars,Bi-Quintile,1.23,Medium
2026-10-19,Uranus,Pluto,Semi-Square,1.25,Medium
2026-10-19,Neptune,Jupiter,Opposition,0.12,High
2026-10-19,Pluto,Neptune,Square,1.02,Medium
2026-10-19,North Node (Mean),Mars,Opposition,1.28,Medium
2026-10-19,North Node (Mean),Saturn,Sextile,0.67,High
2026-10-20,Sun,Venus,Quintile,1.44,Medium
2026-10-20,Sun,Mars,Quincunx,0.88,High
2026-10-20,Moon,Mercury,Sesquiquadrate,0.56,High
2026-10-20,Moon,Uranus,Sextile,0.51,High
2026-10-20,Moon,Pluto,Sextile,1.48,Medium
2026-10-20,Mercury,Venus,Square,0.16,High
2026-10-20,Mercury,Neptune,Sextile,0.45,High
2026-10-20,Mercury,Pluto,Conjunction,0.28,High
2026-10-20,Mars,Mercury,Semi-Square,0.49,High
2026-10-20,Mars,Uranus,Quincunx,0.54,High
2026-10-20,Jupiter,Saturn,Quintile,1.49,Medium
2026-10-20,Saturn,Jupiter,Semi-Sextile,1.02,Medium
2026-10-20,Uranus,Mercury,Trine,0.79,High
2026-10-20,Uranus,Venus,Sesquiquadrate,1.37,Medium
2026-10-20,Uranus,Mars,Bi-Quintile,0.69,High
2026-10-20,Uranus,Pluto,Semi-Square,1.25,Medium
2026-10-20,Neptune,Jupiter,Opposition,0.26,High
2026-10-20,Pluto,Moon,Semi-Square,0.94,High
2026-10-20,Pluto,Neptune,Square,0.99,High
2026-10-20,North Node (Mean),Saturn,Sextile,0.74,High
2026-10-21,Sun,Moon,Semi-Square,1.18,Medium
2026-10-21,Sun,Venus,Quintile,0.85,High
2026-10-21,Sun,Mars,Quincunx,0.35,High
2026-10-21,Moon,Mercury,Sesquiquadrate,0.94,High
2026-10-21,Moon,Uranus,Sextile,0.48,High
2026-10-21,Moon,Pluto,Sextile,1.48,Medium
2026-10-21,Mercury,Venus,Square,0.43,High
2026-10-21,Mercury,Neptune,Sextile,0.47,High
2026-10-21,Mercury,Pluto,Conjunction,0.28,High
2026-10-21,Venus,Moon,Conjunction,0.56,High
2026-10-21,Mars,Mercury,Semi-Square,0.11,High
2026-10-21,Mars,Uranus,Quincunx,0.57,High
2026-10-21,Jupiter,Sun,Square,1.45,Medium
2026-10-21,Jupiter,Moon,Semi-Sextile,0.13,High
2026-10-21,Saturn,Mercury,Sextile,1.26,Medium
2026-10-21,Saturn,Jupiter,Semi-Sextile,1.17,Medium
2026-10-21,Uranus,Mercury,Trine,1.18,Medium
2026-10-21,Uranus,Mars,Bi-Quintile,0.15,High
2026-10-21,Uranus,Pluto,Semi-Square,1.24,Medium
2026-10-21,Neptune,Jupiter,Opposition,0.41,High
2026-10-21,Pluto,Venus,Sextile,1.01,Medium
2026-10-21,Pluto,Neptune,Square,0.97,High
2026-10-21,North Node (Mean),Saturn,Sextile,0.82,High
2026-10-22,Sun,Moon,Sextile,1.07,Medium
2026-10-22,Sun,Venus,Quintile,0.25,High
2026-10-22,Sun,Mars,Quincunx,0.19,High
2026-10-22,Moon,Mercury,Sesquiquadrate,1.22,Medium
2026-10-22,Moon,Uranus,Sextile,0.45,High
2026-10-22,Moon,Pluto,Sextile,1.48,Medium
2026-10-22,Mercury,Venus,Square,1.03,Medium
2026-10-22,Mercury,Neptune,Sextile,0.5,High
2026-10-22,Mercury,Pluto,Conjunction,0.28,High
2026-10-22,Venus,Sun,Trine,1.15,Medium
2026-10-22,Mars,Mercury,Semi-Square,0.17,High
2026-10-22,Mars,Uranus,Quincunx,0.6,High
2026-10-22,Jupiter,Sun,Square,0.46,High
2026-10-22,Saturn,Mercury,Sextile,0.99,High
2026-10-22,Saturn,Jupiter,Semi-Sextile,1.31,Medium
2026-10-22,Uranus,Mercury,Trine,1.46,Medium
2026-10-22,Uranus,Mars,Bi-Quintile,0.38,High
2026-10-22,Uranus,Pluto,Semi-Square,1.24,Medium
2026-10-22,Neptune,Jupiter,Opposition,0.55,High
2026-10-22,Pluto,Moon,Quintile,0.92,High
2026-10-22,Pluto,Venus,Sextile,0.4,High
2026-10-22,Pluto,Neptune,Square,0.94,High
2026-10-22,North Node (Mean),Saturn,Sextile,0.89,High
2026-10-23,Sun,Moon,Quintile,0.07,High
2026-10-23,Sun,Venus,Quintile,0.36,High
2026-10-23,Sun,Mars,Quincunx,0.72,High
2026-10-23,Moon,Mercury,Sesquiquadrate,1.38,Medium
2026-10-23,Moon,Uranus,Sextile,0.41,High
2026-10-23,Moon,Pluto,Sextile,1.47,Medium
2026-10-23,Mercury,Neptune,Sextile,0.52,High
2026-10-23,Mercury,Pluto,Conjunction,0.29,High
2026-10-23,Venus,Sun,Trine,0.16,High
2026-10-23,Mars,Mercury,Semi-Square,0.34,High
2026-10-23,Mars,Uranus,Quincunx,0.63,High
2026-10-23,Jupiter,Sun,Square,0.54,High
2026-10-23,Saturn,Mercury,Sextile,0.82,High
2026-10-23,Saturn,Jupiter,Semi-Sextile,1.45,Medium
2026-10-23,Uranus,Mars,Bi-Quintile,0.91,High
2026-10-23,Uranus,Pluto,Semi-Square,1.24,Medium
2026-10-23,Neptune,Jupiter,Opposition,0.69,High
2026-10-23,Pluto,Sun,Sextile,1.26,Medium
2026-10-23,Pluto,Venus,Sextile,0.2,High
2026-10-23,Pluto,Neptune,Square,0.92,High
2026-10-23,North Node (Mean),Moon,Semi-Square,0.23,High
2026-10-23,North Node (Mean),Saturn,Sextile,0.96,High
2026-10-24,Sun,Venus,Quintile,0.97,High
2026-10-24,Sun,Mars,Quincunx,1.24,Medium
2026-10-24,Moon,Mercury,Sesquiquadrate,1.42,Medium
2026-10-24,Moon,Uranus,Sextile,0.38,High
2026-10-24,Moon,Pluto,Sextile,1.47,Medium
2026-10-24,Mercury,Neptune,Sextile,0.54,High
2026-10-24,Mercury,Pluto,Conjunction,0.29,High
2026-10-24,Venus,Sun,Trine,0.84,High
2026-10-24,Mars,Mercury,Semi-Square,0.38,High
2026-10-24,Mars,Uranus,Quincunx,0.67,High
2026-10-24,Jupiter,Venus,Square,0.98,High
2026-10-24,Saturn,Mercury,Sextile,0.78,High
2026-10-24,Uranus,Mars,Bi-Quintile,1.44,Medium
2026-10-24,Uranus,Pluto,Semi-Square,1.23,Medium
2026-10-24,Neptune,Jupiter,Opposition,0.83,High
2026-10-24,Pluto,Sun,Sextile,0.26,High
2026-10-24,Pluto,Venus,Sextile,0.82,High
2026-10-24,Pluto,Neptune,Square,0.89,High
2026-10-24,North Node (Mean),Saturn,Sextile,1.03,Medium
2026-10-25,Moon,Mercury,Sesquiquadrate,1.33,Medium
2026-10-25,Moon,Uranus,Sextile,0.35,High
2026-10-25,Moon,Pluto,Sextile,1.46,Medium
2026-10-25,Mercury,Sun,Square,0.7,High
2026-10-25,Mercury,Neptune,Sextile,0.57,High
2026-10-25,Mercury,Pluto,Conjunction,0.29,High
2026-10-25,Mars,Mercury,Semi-Square,0.28,High
2026-10-25,Mars,Uranus,Quincunx,0.7,High
2026-10-25,Jupiter,Venus,Square,0.37,High
2026-10-25,Saturn,Moon,Quincunx,1.37,Medium
2026-10-25,Saturn,Mercury,Sextile,0.88,High
2026-10-25,Uranus,Pluto,Semi-Square,1.23,Medium
2026-10-25,Neptune,Moon,Sextile,0.61,High
2026-10-25,Neptune,Jupiter,Opposition,0.97,High
2026-10-25,Pluto,Sun,Sextile,0.73,High
2026-10-25,Pluto,Venus,Sextile,1.43,Medium
2026-10-25,Pluto,Mars,Sesquiquadrate,1.07,Medium
2026-10-25,Pluto,Neptune,Square,0.87,High
2026-10-25,North Node (Mean),Moon,Quintile,0.31,High
2026-10-25,North Node (Mean),Saturn,Sextile,1.1,Medium
2026-10-26,Moon,Sun,Quincunx,1.47,Medium
2026-10-26,Moon,Mercury,Sesquiquadrate,1.09,Medium
2026-10-26,Moon,Uranus,Sextile,0.32,High
2026-10-26,Moon,Pluto,Sextile,1.46,Medium
2026-10-26,Mercury,Sun,Square,0.29,High
2026-10-26,Mercury,Neptune,Sextile,0.59,High
2026-10-26,Mercury,Pluto,Conjunction,0.3,High
2026-10-26,Mars,Mercury,Semi-Square,0.04,High
2026-10-26,Mars,Uranus,Quincunx,0.73,High
2026-10-26,Jupiter,Venus,Square,0.24,High
2026-10-26,Saturn,Moon,Sesquiquadrate,0.69,High
2026-10-26,Saturn,Mercury,Sextile,1.11,Medium
2026-10-26,Uranus,Sun,Sesquiquadrate,1.23,Medium
2026-10-26,Uranus,Mercury,Trine,1.33,Medium
2026-10-26,Uranus,Pluto,Semi-Square,1.22,Medium
2026-10-26,Neptune,Jupiter,Opposition,1.1,Medium
2026-10-26,Pluto,Mars,Sesquiquadrate,0.55,High
2026-10-26,Pluto,Neptune,Square,0.85,High
2026-10-26,North Node (Mean),Saturn,Sextile,1.17,Medium
2026-10-27,Moon,Sun,Quincunx,0.47,High
2026-10-27,Moon,Mercury,Sesquiquadrate,0.7,High
2026-10-27,Moon,Uranus,Sextile,0.28,High
2026-10-27,Moon,Pluto,Sextile,1.45,Medium
2026-10-27,Mercury,Sun,Square,1.29,Medium
2026-10-27,Mercury,Neptune,Sextile,0.61,High
2026-10-27,Mercury,Pluto,Conjunction,0.3,High
2026-10-27,Mars,Moon,Sesquiquadrate,1.43,Medium
2026-10-27,Mars,Mercury,Semi-Square,0.34,High
2026-10-27,Mars,Uranus,Quincunx,0.77,High
2026-10-27,Jupiter,Venus,Square,0.84,High
2026-10-27,Saturn,Moon,Trine,0.27,High
2026-10-27,Saturn,Mercury,Sextile,1.5,Medium
2026-10-27,Uranus,Sun,Sesquiquadrate,0.24,High
2026-10-27,Uranus,Mercury,Trine,0.94,High
2026-10-27,Uranus,Pluto,Semi-Square,1.22,Medium
2026-10-27,Neptune,Moon,Square,0.49,High
2026-10-27,Neptune,Jupiter,Opposition,1.24,Medium
2026-10-27,Pluto,Mars,Sesquiquadrate,0.03,High
2026-10-27,Pluto,Neptune,Square,0.83,High
2026-10-27,North Node (Mean),Saturn,Sextile,1.24,Medium
2026-10-28,Sun,Moon,Bi-Quintile,0.79,High
2026-10-28,Moon,Sun,Quincunx,0.53,High
2026-10-28,Moon,Mercury,Sesquiquadrate,0.16,High
2026-10-28,Moon,Uranus,Sextile,0.25,High
2026-10-28,Moon,Pluto,Sextile,1.45,Medium
2026-10-28,Mercury,Neptune,Sextile,0.64,High
2026-10-28,Mercury,Pluto,Conjunction,0.31,High
2026-10-28,Mars,Sun,Sextile,0.52,High
2026-10-28,Mars,Moon,Quincunx,1.12,Medium
2026-10-28,Mars,Mercury,Semi-Square,0.88,High
2026-10-28,Mars,Uranus,Quincunx,0.8,High
2026-10-28,Jupiter,Venus,Square,1.42,Medium
2026-10-28,Uranus,Sun,Sesquiquadrate,0.76,High
2026-10-28,Uranus,Mercury,Trine,0.4,High
2026-10-28,Uranus,Pluto,Semi-Square,1.21,Medium
2026-10-28,Neptune,Jupiter,Opposition,1.37,Medium
2026-10-28,Pluto,Mars,Sesquiquadrate,0.48,High
2026-10-28,Pluto,Neptune,Square,0.8,High
2026-10-28,North Node (Mean),Saturn,Sextile,1.3,Medium
2026-10-29,Moon,Mercury,Sesquiquadrate,0.53,High
2026-10-29,Moon,Uranus,Sextile,0.21,High
2026-10-29,Moon,Pluto,Sextile,1.44,Medium
2026-10-29,Mercury,Neptune,Sextile,0.66,High
2026-10-29,Mercury,Pluto,Conjunction,0.32,High
2026-10-29,Mars,Sun,Sextile,0.48,High
2026-10-29,Mars,Uranus,Quincunx,0.84,High
2026-10-29,Jupiter,Mercury,Quintile,1.46,Medium
2026-10-29,Saturn,Sun,Semi-Square,0.68,High
2026-10-29,Saturn,Moon,Square,0.34,High
2026-10-29,Uranus,Mercury,Trine,0.29,High
2026-10-29,Uranus,Pluto,Semi-Square,1.21,Medium
2026-10-29,Neptune,Moon,Trine,1.1,Medium
2026-10-29,Neptune,Jupiter,Opposition,1.5,Medium
2026-10-29,Pluto,Mars,Sesquiquadrate,1.0,High
2026-10-29,Pluto,Neptune,Square,0.78,High
2026-10-29,North Node (Mean),Saturn,Sextile,1.37,Medium
2026-10-30,Moon,Mercury,Sesquiquadrate,1.37,Medium
2026-10-30,Moon,Uranus,Sextile,0.18,High
2026-10-30,Moon,Pluto,Sextile,1.44,Medium
2026-10-30,Mercury,Neptune,Sextile,0.68,High
2026-10-30,Mercury,Pluto,Conjunction,0.32,High
2026-10-30,Mars,Sun,Sextile,1.48,Medium
2026-10-30,Mars,Moon,Opposition,0.4,High
2026-10-30,Mars,Uranus,Quincunx,0.87,High
2026-10-30,Jupiter,Mercury,Quintile,0.62,High
2026-10-30,Saturn,Sun,Semi-Square,0.32,High
2026-10-30,Uranus,Mercury,Trine,1.14,Medium
2026-10-30,Uranus,Mars,Quincunx,1.46,Medium
2026-10-30,Uranus,Pluto,Semi-Square,1.2,Medium
2026-10-30,Pluto,Neptune,Square,0.76,High
2026-10-30,North Node (Mean),Moon,Bi-Quintile,1.18,Medium
2026-10-30,North Node (Mean),Saturn,Sextile,1.43,Medium
2026-10-31,Sun,Mars,Bi-Quintile,1.14,Medium
2026-10-31,Moon,Mars,Sesquiquadrate,1.18,Medium
2026-10-31,Moon,Uranus,Sextile,0.14,High
2026-10-31,Moon,Pluto,Sextile,1.43,Medium
2026-10-31,Mercury,Neptune,Sextile,0.7,High
2026-10-31,Mercury,Pluto,Conjunction,0.33,High
2026-10-31,Mars,Uranus,Quincunx,0.91,High
2026-10-31,Jupiter,Mercury,Quintile,0.36,High
2026-10-31,Saturn,Sun,Semi-Square,1.32,Medium
2026-10-31,Saturn,Moon,Sextile,1.39,Medium
2026-10-31,Uranus,Moon,Trine,1.05,Medium
2026-10-31,Uranus,Venus,Bi-Quintile,1.18,Medium
2026-10-31,Uranus,Mars,Quincunx,0.95,High
2026-10-31,Uranus,Pluto,Semi-Square,1.19,Medium
2026-10-31,Pluto,Mercury,Semi-Square,0.84,High
2026-10-31,Pluto,Neptune,Square,0.74,High
2026-10-31,North Node (Mean),Saturn,Sextile,1.5,Medium
2026-11-01,Sun,Mars,Bi-Quintile,0.64,High
2026-11-01,Moon,Sun,Bi-Quintile,1.48,Medium
2026-11-01,Moon,Mars,Sesquiquadrate,0.68,High
2026-11-01,Moon,Uranus,Sextile,0.1,High
2026-11-01,Moon,Pluto,Sextile,1.42,Medium
2026-11-01,Mercury,Neptune,Sextile,0.72,High
2026-11-01,Mercury,Pluto,Conjunction,0.34,High
2026-11-01,Mars,Moon,Quincunx,1.1,Medium
2026-11-01,Mars,Uranus,Quincunx,0.94,High
2026-11-01,Jupiter,Mercury,Quintile,1.47,Medium
2026-11-01,Uranus,Moon,Sesquiquadrate,0.18,High
2026-11-01,Uranus,Venus,Bi-Quintile,0.68,High
2026-11-01,Uranus,Mars,Quincunx,0.45,High
2026-11-01,Uranus,Pluto,Semi-Square,1.19,Medium
2026-11-01,Pluto,Mercury,Semi-Square,0.26,High
2026-11-01,Pluto,Neptune,Square,0.72,High
2026-11-02,Sun,Moon,Bi-Quintile,1.14,Medium
2026-11-02,Sun,Mercury,Sextile,1.38,Medium
2026-11-02,Sun,Mars,Bi-Quintile,0.14,High
2026-11-02,Moon,Sun,Bi-Quintile,0.48,High
2026-11-02,Moon,Mars,Sesquiquadrate,0.18,High
2026-11-02,Moon,Uranus,Sextile,0.07,High
2026-11-02,Moon,Pluto,Sextile,1.41,Medium
2026-11-02,Mercury,Neptune,Sextile,0.74,High
2026-11-02,Mercury,Pluto,Conjunction,0.35,High
2026-11-02,Mars,Uranus,Quincunx,0.98,High
2026-11-02,Uranus,Moon,Quincunx,0.95,High
2026-11-02,Uranus,Venus,Bi-Quintile,0.22,High
2026-11-02,Uranus,Mars,Quincunx,0.06,High
2026-11-02,Uranus,Pluto,Semi-Square,1.18,Medium
2026-11-02,Pluto,Mercury,Semi-Square,1.47,Medium
2026-11-02,Pluto,Neptune,Square,0.7,High
2026-11-02,North Node (Mean),Sun,Square,0.74,High
2026-11-03,Sun,Mercury,Sextile,0.1,High
2026-11-03,Sun,Mars,Bi-Quintile,0.36,High
2026-11-03,Moon,Sun,Bi-Quintile,0.53,High
2026-11-03,Moon,Mars,Sesquiquadrate,0.32,High
2026-11-03,Moon,Uranus,Sextile,0.03,High
2026-11-03,Moon,Pluto,Sextile,1.4,Medium
2026-11-03,Mercury,Moon,Quincunx,0.8,High
2026-11-03,Mercury,Neptune,Sextile,0.76,High
2026-11-03,Mercury,Pluto,Conjunction,0.35,High
2026-11-03,Mars,Venus,Quintile,1.5,Medium
2026-11-03,Mars,Uranus,Quincunx,1.02,Medium
2026-11-03,Uranus,Venus,Bi-Quintile,0.22,High
2026-11-03,Uranus,Mars,Quincunx,0.55,High
2026-11-03,Uranus,Pluto,Semi-Square,1.17,Medium
2026-11-03,Pluto,Moon,Trine,0.64,High
2026-11-03,Pluto,Neptune,Square,0.68,High
2026-11-03,North Node (Mean),Sun,Square,0.26,High
2026-11-04,Sun,Mercury,Sextile,1.2,Medium
2026-11-04,Sun,Mars,Bi-Quintile,0.85,High
2026-11-04,Moon,Mars,Sesquiquadrate,0.81,High
2026-11-04,Moon,Uranus,Sextile,0.01,High
2026-11-04,Moon,Pluto,Sextile,1.4,Medium
2026-11-04,Mercury,Neptune,Sextile,0.78,High
2026-11-04,Mercury,Pluto,Conjunction,0.36,High
2026-11-04,Mars,Venus,Quintile,1.1,Medium
2026-11-04,Mars,Uranus,Quincunx,1.05,Medium
2026-11-04,Jupiter,Moon,Sesquiquadrate,0.82,High
2026-11-04,Saturn,Mars,Semi-Sextile,1.39,Medium
2026-11-04,Uranus,Venus,Bi-Quintile,0.61,High
2026-11-04,Uranus,Mars,Quincunx,1.05,Medium
2026-11-04,Uranus,Pluto,Semi-Square,1.16,Medium
2026-11-04,Pluto,Neptune,Square,0.66,High
2026-11-04,North Node (Mean),Sun,Square,1.26,Medium
2026-11-04,North Node (Mean),Moon,Bi-Quintile,1.43,Medium
2026-11-04,North Node (Mean),Mercury,Square,1.5,Medium
2026-11-05,Sun,Mars,Bi-Quintile,1.34,Medium
2026-11-05,Moon,Mercury,Bi-Quintile,0.46,High
2026-11-05,Moon,Mars,Sesquiquadrate,1.3,Medium
2026-11-05,Moon,Uranus,Sextile,0.05,High
2026-11-05,Moon,Pluto,Sextile,1.39,Medium
2026-11-05,Mercury,Neptune,Sextile,0.8,High
2026-11-05,Mercury,Pluto,Conjunction,0.37,High
2026-11-05,Mars,Venus,Quintile,0.74,High
2026-11-05,Mars,Uranus,Quincunx,1.09,Medium
2026-11-05,Jupiter,Moon,Trine,1.0,High
2026-11-05,Saturn,Mars,Semi-Sextile,0.9,High
2026-11-05,Uranus,Venus,Bi-Quintile,0.98,High
2026-11-05,Uranus,Pluto,Semi-Square,1.15,Medium
2026-11-05,Neptune,Moon,Bi-Quintile,0.05,High
2026-11-05,Neptune,Saturn,Semi-Square,1.5,Medium
2026-11-05,Pluto,Neptune,Square,0.64,High
2026-11-05,North Node (Mean),Mercury,Square,0.2,High
2026-11-06,Moon,Mercury,Bi-Quintile,0.79,High
2026-11-06,Moon,Uranus,Sextile,0.08,High
2026-11-06,Moon,Pluto,Sextile,1.38,Medium
2026-11-06,Mercury,Neptune,Sextile,0.82,High
2026-11-06,Mercury,Pluto,Conjunction,0.38,High
2026-11-06,Mars,Venus,Quintile,0.42,High
2026-11-06,Mars,Uranus,Quincunx,1.13,Medium
2026-11-06,Saturn,Mars,Semi-Sextile,0.42,High
2026-11-06,Uranus,Venus,Bi-Quintile,1.3,Medium
2026-11-06,Uranus,Pluto,Semi-Square,1.14,Medium
2026-11-06,Neptune,Venus,Trine,1.5,Medium
2026-11-06,Neptune,Mars,Opposition,1.18,Medium
2026-11-06,Neptune,Saturn,Semi-Square,1.44,Medium
2026-11-06,Pluto,Neptune,Square,0.62,High
2026-11-06,North Node (Mean),Moon,Trine,0.74,High
2026-11-06,North Node (Mean),Mercury,Square,1.05,Medium
2026-11-07,Moon,Uranus,Sextile,0.12,High
2026-11-07,Moon,Pluto,Sextile,1.37,Medium
2026-11-07,Mercury,Neptune,Sextile,0.84,High
2026-11-07,Mercury,Pluto,Conjunction,0.39,High
2026-11-07,Mars,Moon,Quintile,0.76,High
2026-11-07,Mars,Venus,Quintile,0.13,High
2026-11-07,Mars,Uranus,Quincunx,1.17,Medium
2026-11-07,Saturn,Mars,Semi-Sextile,0.06,High
2026-11-07,Uranus,Moon,Bi-Quintile,0.95,High
2026-11-07,Uranus,Pluto,Semi-Square,1.13,Medium
2026-11-07,Neptune,Venus,Trine,1.21,Medium
2026-11-07,Neptune,Mars,Opposition,0.69,High
2026-11-07,Neptune,Saturn,Semi-Square,1.38,Medium
2026-11-07,Pluto,Sun,Semi-Square,1.27,Medium
2026-11-07,Pluto,Neptune,Square,0.6,High
2026-11-08,Moon,Uranus,Sextile,0.16,High
2026-11-08,Moon,Pluto,Sextile,1.36,Medium
2026-11-08,Mercury,Neptune,Sextile,0.86,High
2026-11-08,Mercury,Pluto,Conjunction,0.4,High
2026-11-08,Mars,Moon,Sextile,1.4,Medium
2026-11-08,Mars,Venus,Quintile,0.12,High
2026-11-08,Mars,Uranus,Quincunx,1.21,Medium
2026-11-08,Jupiter,Sun,Quintile,1.47,Medium
2026-11-08,Saturn,Moon,Semi-Square,0.24,High
2026-11-08,Saturn,Mercury,Semi-Square,0.82,High
2026-11-08,Saturn,Mars,Semi-Sextile,0.54,High
2026-11-08,Uranus,Pluto,Semi-Square,1.12,Medium
2026-11-08,Neptune,Venus,Trine,0.97,High
2026-11-08,Neptune,Mars,Opposition,0.21,High
2026-11-08,Neptune,Saturn,Semi-Square,1.33,Medium
2026-11-08,Pluto,Sun,Semi-Square,0.26,High
2026-11-08,Pluto,Neptune,Square,0.58,High
2026-11-09,Moon,Uranus,Sextile,0.2,High
2026-11-09,Moon,Pluto,Sextile,1.34,Medium
2026-11-09,Mercury,Moon,Quintile,1.34,Medium
2026-11-09,Mercury,Neptune,Sextile,0.87,High
2026-11-09,Mercury,Pluto,Conjunction,0.42,High
2026-11-09,Mars,Moon,Semi-Square,1.15,Medium
2026-11-09,Mars,Mercury,Sextile,1.1,Medium
2026-11-09,Mars,Venus,Quintile,0.32,High
2026-11-09,Mars,Uranus,Quincunx,1.25,Medium
2026-11-09,Jupiter,Sun,Quintile,0.46,High
2026-11-09,Saturn,Mercury,Semi-Square,0.06,High
2026-11-09,Saturn,Mars,Semi-Sextile,1.02,Medium
2026-11-09,Uranus,Moon,Trine,0.13,High
2026-11-09,Uranus,Pluto,Semi-Square,1.11,Medium
2026-11-09,Neptune,Venus,Trine,0.76,High
2026-11-09,Neptune,Mars,Opposition,0.26,High
2026-11-09,Neptune,Saturn,Semi-Square,1.28,Medium
2026-11-09,Pluto,Sun,Semi-Square,0.74,High
2026-11-09,Pluto,Neptune,Square,0.56,High
2026-11-10,Moon,Sun,Sesquiquadrate,1.45,Medium
2026-11-10,Moon,Mercury,Quincunx,1.44,Medium
2026-11-10,Moon,Uranus,Sextile,0.24,High
2026-11-10,Moon,Pluto,Sextile,1.33,Medium
2026-11-10,Mercury,Moon,Sextile,1.06,Medium
2026-11-10,Mercury,Neptune,Sextile,0.89,High
2026-11-10,Mercury,Pluto,Conjunction,0.43,High
2026-11-10,Venus,Moon,Square,1.48,Medium
2026-11-10,Mars,Mercury,Sextile,0.39,High
2026-11-10,Mars,Venus,Quintile,0.49,High
2026-11-10,Mars,Uranus,Quincunx,1.29,Medium
2026-11-10,Jupiter,Sun,Quintile,0.54,High
2026-11-10,Saturn,Mercury,Semi-Square,0.76,High
2026-11-10,Saturn,Venus,Semi-Sextile,1.36,Medium
2026-11-10,Saturn,Mars,Semi-Sextile,1.49,Medium
2026-11-10,Uranus,Sun,Trine,1.22,Medium
2026-11-10,Uranus,Pluto,Semi-Square,1.1,Medium
2026-11-10,Neptune,Venus,Trine,0.6,High
2026-11-10,Neptune,Mars,Opposition,0.73,High
2026-11-10,Neptune,Saturn,Semi-Square,1.23,Medium
2026-11-10,Pluto,Moon,Semi-Sextile,0.38,High
2026-11-10,Pluto,Neptune,Square,0.55,High
2026-11-11,Sun,Moon,Semi-Sextile,0.33,High
2026-11-11,Moon,Sun,Sesquiquadrate,0.45,High
2026-11-11,Moon,Mercury,Quincunx,0.93,High
2026-11-11,Moon,Uranus,Sextile,0.28,High
2026-11-11,Moon,Pluto,Sextile,1.32,Medium
2026-11-11,Mercury,Uranus,Trine,1.48,Medium
2026-11-11,Mercury,Neptune,Sextile,0.91,High
2026-11-11,Mercury,Pluto,Conjunction,0.44,High
2026-11-11,Mars,Sun,Semi-Square,1.49,Medium
2026-11-11,Mars,Mercury,Sextile,0.12,High
2026-11-11,Mars,Venus,Quintile,0.61,High
2026-11-11,Mars,Uranus,Quincunx,1.33,Medium
2026-11-11,Jupiter,Moon,Semi-Square,0.72,High
2026-11-11,Saturn,Mercury,Semi-Square,1.28,Medium
2026-11-11,Saturn,Venus,Semi-Sextile,1.23,Medium
2026-11-11,Uranus,Sun,Trine,0.21,High
2026-11-11,Uranus,Mercury,Sesquiquadrate,1.16,Medium
2026-11-11,Uranus,Pluto,Semi-Square,1.08,Medium
2026-11-11,Neptune,Venus,Trine,0.48,High
2026-11-11,Neptune,Mars,Opposition,1.2,Medium
2026-11-11,Neptune,Saturn,Semi-Square,1.18,Medium
2026-11-11,Pluto,Neptune,Square,0.53,High
2026-11-12,Moon,Sun,Sesquiquadrate,0.56,High
2026-11-12,Moon,Mercury,Quincunx,0.61,High
2026-11-12,Moon,Uranus,Sextile,0.32,High
2026-11-12,Moon,Pluto,Sextile,1.31,Medium
2026-11-12,Mercury,Sun,Quintile,0.68,High
2026-11-12,Mercury,Uranus,Trine,1.44,Medium
2026-11-12,Mercury,Neptune,Sextile,0.93,High
2026-11-12,Mercury,Pluto,Conjunction,0.45,High
2026-11-12,Mars,Sun,Semi-Square,0.49,High
2026-11-12,Mars,Mercury,Sextile,0.44,High
2026-11-12,Mars,Venus,Quintile,0.69,High
2026-11-12,Mars,Uranus,Quincunx,1.37,Medium
2026-11-12,Saturn,Venus,Semi-Sextile,1.15,Medium
2026-11-12,Uranus,Sun,Trine,0.8,High
2026-11-12,Uranus,Mercury,Sesquiquadrate,0.84,High
2026-11-12,Uranus,Pluto,Semi-Square,1.07,Medium
2026-11-12,Neptune,Venus,Trine,0.39,High
2026-11-12,Neptune,Saturn,Semi-Square,1.13,Medium
2026-11-12,Pluto,Neptune,Square,0.51,High
2026-11-12,North Node (Mean),Moon,Semi-Square,0.0,High
2026-11-13,Moon,Mercury,Quincunx,0.48,High
2026-11-13,Moon,Uranus,Sextile,0.36,High
2026-11-13,Moon,Pluto,Sextile,1.29,Medium
2026-11-13,Mercury,Sun,Quintile,0.33,High
2026-11-13,Mercury,Uranus,Trine,1.4,Medium
2026-11-13,Mercury,Neptune,Sextile,0.94,High
2026-11-13,Mercury,Pluto,Conjunction,0.46,High
2026-11-13,Mars,Sun,Semi-Square,0.52,High
2026-11-13,Mars,Mercury,Sextile,0.56,High
2026-11-13,Mars,Venus,Quintile,0.73,High
2026-11-13,Mars,Uranus,Quincunx,1.41,Medium
2026-11-13,Saturn,Sun,Sextile,0.64,High
2026-11-13,Saturn,Venus,Semi-Sextile,1.11,Medium
2026-11-13,Uranus,Moon,Quintile,0.35,High
2026-11-13,Uranus,Mercury,Sesquiquadrate,0.72,High
2026-11-13,Uranus,Pluto,Semi-Square,1.06,Medium
2026-11-13,Neptune,Sun,Square,1.4,Medium
2026-11-13,Neptune,Moon,Semi-Square,0.15,High
2026-11-13,Neptune,Venus,Trine,0.35,High
2026-11-13,Neptune,Saturn,Semi-Square,1.08,Medium
2026-11-13,Pluto,Neptune,Square,0.5,High
2026-11-14,Moon,Mercury,Quincunx,0.54,High
2026-11-14,Moon,Uranus,Sextile,0.4,High
2026-11-14,Moon,Pluto,Sextile,1.28,Medium
2026-11-14,Mercury,Sun,Quintile,1.33,Medium
2026-11-14,Mercury,Uranus,Trine,1.36,Medium
2026-11-14,Mercury,Neptune,Sextile,0.96,High
2026-11-14,Mercury,Pluto,Conjunction,0.48,High
2026-11-14,Mars,Mercury,Sextile,0.5,High
2026-11-14,Mars,Venus,Quintile,0.73,High
2026-11-14,Mars,Uranus,Quincunx,1.45,Medium
2026-11-14,Saturn,Sun,Sextile,0.37,High
2026-11-14,Saturn,Venus,Semi-Sextile,1.11,Medium
2026-11-14,Uranus,Moon,Sextile,0.15,High
2026-11-14,Uranus,Mercury,Sesquiquadrate,0.78,High
2026-11-14,Uranus,Pluto,Semi-Square,1.05,Medium
2026-11-14,Neptune,Sun,Square,0.39,High
2026-11-14,Neptune,Venus,Trine,0.35,High
2026-11-14,Neptune,Saturn,Semi-Square,1.03,Medium
2026-11-14,Pluto,Neptune,Square,0.48,High
2026-11-15,Moon,Mercury,Quincunx,0.78,High
2026-11-15,Moon,Uranus,Sextile,0.44,High
2026-11-15,Moon,Pluto,Sextile,1.27,Medium
2026-11-15,Mercury,Uranus,Trine,1.32,Medium
2026-11-15,Mercury,Neptune,Sextile,0.97,High
2026-11-15,Mercury,Pluto,Conjunction,0.49,High
2026-11-15,Venus,Moon,Semi-Sextile,1.02,Medium
2026-11-15,Mars,Mercury,Sextile,0.26,High
2026-11-15,Mars,Venus,Quintile,0.69,High
2026-11-15,Mars,Uranus,Quincunx,1.49,Medium
2026-11-15,Saturn,Sun,Sextile,1.38,Medium
2026-11-15,Saturn,Mercury,Semi-Square,1.42,Medium
2026-11-15,Saturn,Venus,Semi-Sextile,1.15,Medium
2026-11-15,Uranus,Mercury,Sesquiquadrate,1.02,Medium
2026-11-15,Uranus,Pluto,Semi-Square,1.03,Medium
2026-11-15,Neptune,Sun,Square,0.62,High
2026-11-15,Neptune,Venus,Trine,0.39,High
2026-11-15,Neptune,Saturn,Semi-Square,0.99,High
2026-11-15,Pluto,Moon,Semi-Sextile,0.08,High
2026-11-15,Pluto,Neptune,Square,0.47,High
2026-11-16,Sun,Moon,Semi-Sextile,0.34,High
2026-11-16,Moon,Mercury,Quincunx,1.19,Medium
2026-11-16,Moon,Uranus,Sextile,0.48,High
2026-11-16,Moon,Pluto,Sextile,1.25,Medium
2026-11-16,Mercury,Uranus,Trine,1.28,Medium
2026-11-16,Mercury,Neptune,Sextile,0.99,High
2026-11-16,Mercury,Pluto,Conjunction,0.51,High
2026-11-16,Mars,Mercury,Sextile,0.14,High
2026-11-16,Mars,Venus,Quintile,0.61,High
2026-11-16,Saturn,Mercury,Semi-Square,1.02,Medium
2026-11-16,Saturn,Venus,Semi-Sextile,1.23,Medium
2026-11-16,Uranus,Mercury,Sesquiquadrate,1.42,Medium
2026-11-16,Uranus,Pluto,Semi-Square,1.02,Medium
2026-11-16,Neptune,Venus,Trine,0.47,High
2026-11-16,Neptune,Saturn,Semi-Square,0.95,High
2026-11-16,Pluto,Neptune,Square,0.45,High
2026-11-17,Moon,Uranus,Sextile,0.52,High
2026-11-17,Moon,Pluto,Sextile,1.24,Medium
2026-11-17,Mercury,Uranus,Trine,1.23,Medium
2026-11-17,Mercury,Neptune,Sextile,1.0,High
2026-11-17,Mercury,Pluto,Conjunction,0.52,High
2026-11-17,Mars,Mercury,Sextile,0.69,High
2026-11-17,Mars,Venus,Quintile,0.5,High
2026-11-17,Saturn,Mercury,Semi-Square,0.47,High
2026-11-17,Saturn,Venus,Semi-Sextile,1.34,Medium
2026-11-17,Uranus,Pluto,Semi-Square,1.0,High
2026-11-17,Neptune,Venus,Trine,0.59,High
2026-11-17,Neptune,Saturn,Semi-Square,0.9,High
2026-11-17,Pluto,Neptune,Square,0.44,High
2026-11-18,Moon,Uranus,Sextile,0.57,High
2026-11-18,Moon,Pluto,Sextile,1.22,Medium
2026-11-18,Mercury,Uranus,Trine,1.19,Medium
2026-11-18,Mercury,Neptune,Sextile,1.01,Medium
2026-11-18,Mercury,Pluto,Conjunction,0.54,High
2026-11-18,Mars,Mercury,Sextile,1.38,Medium
2026-11-18,Mars,Venus,Quintile,0.34,High
2026-11-18,Saturn,Mercury,Semi-Square,0.22,High
2026-11-18,Saturn,Venus,Semi-Sextile,1.5,Medium
2026-11-18,Uranus,Pluto,Semi-Square,0.99,High
2026-11-18,Neptune,Venus,Trine,0.74,High
2026-11-18,Neptune,Saturn,Semi-Square,0.86,High
2026-11-18,Pluto,Neptune,Square,0.42,High
2026-11-19,Sun,Mars,Sesquiquadrate,1.21,Medium
2026-11-19,Moon,Mars,Bi-Quintile,1.25,Medium
2026-11-19,Moon,Uranus,Sextile,0.61,High
2026-11-19,Moon,Pluto,Sextile,1.21,Medium
2026-11-19,Mercury,Uranus,Trine,1.15,Medium
2026-11-19,Mercury,Neptune,Sextile,1.03,Medium
2026-11-19,Mercury,Pluto,Conjunction,0.55,High
2026-11-19,Mars,Venus,Quintile,0.15,High
2026-11-19,Saturn,Moon,Opposition,1.49,Medium
2026-11-19,Saturn,Mercury,Semi-Square,1.03,Medium
2026-11-19,Uranus,Moon,Conjunction,0.95,High
2026-11-19,Uranus,Pluto,Semi-Square,0.97,High
2026-11-19,Neptune,Venus,Trine,0.93,High
2026-11-19,Neptune,Saturn,Semi-Square,0.83,High
2026-11-19,Pluto,Neptune,Square,0.41,High
2026-11-20,Sun,Mars,Sesquiquadrate,0.78,High
2026-11-20,Moon,Mars,Bi-Quintile,0.82,High
2026-11-20,Moon,Uranus,Sextile,0.65,High
2026-11-20,Moon,Pluto,Sextile,1.19,Medium
2026-11-20,Mercury,Moon,Sextile,0.6,High
2026-11-20,Mercury,Uranus,Trine,1.11,Medium
2026-11-20,Mercury,Neptune,Sextile,1.04,Medium
2026-11-20,Mercury,Pluto,Conjunction,0.57,High
2026-11-20,Venus,Neptune,Semi-Sextile,1.5,Medium
2026-11-20,Mars,Venus,Quintile,0.08,High
2026-11-20,Jupiter,Sun,Sextile,1.39,Medium
2026-11-20,Uranus,Pluto,Semi-Square,0.95,High
2026-11-20,Neptune,Venus,Trine,1.16,Medium
2026-11-20,Neptune,Saturn,Semi-Square,0.79,High
2026-11-20,Pluto,Neptune,Square,0.4,High
2026-11-20,North Node (Mean),Sun,Quintile,0.64,High
2026-11-21,Sun,Mars,Sesquiquadrate,0.36,High
2026-11-21,Moon,Mercury,Bi-Quintile,0.84,High
2026-11-21,Moon,Mars,Bi-Quintile,0.39,High
2026-11-21,Moon,Uranus,Sextile,0.69,High
2026-11-21,Moon,Pluto,Sextile,1.17,Medium
2026-11-21,Mercury,Uranus,Trine,1.07,Medium
2026-11-21,Mercury,Neptune,Sextile,1.05,Medium
2026-11-21,Mercury,Pluto,Conjunction,0.59,High
2026-11-21,Venus,Sun,Square,1.07,Medium
2026-11-21,Venus,Neptune,Semi-Sextile,1.49,Medium
2026-11-21,Mars,Venus,Quintile,0.34,High
2026-11-21,Jupiter,Sun,Sextile,0.38,High
2026-11-21,Jupiter,Mars,Quincunx,1.4,Medium
2026-11-21,Uranus,Venus,Bi-Quintile,1.38,Medium
2026-11-21,Uranus,Pluto,Semi-Square,0.94,High
2026-11-21,Neptune,Venus,Trine,1.42,Medium
2026-11-21,Neptune,Saturn,Semi-Square,0.75,High
2026-11-21,Pluto,Neptune,Square,0.39,High
2026-11-21,North Node (Mean),Sun,Quintile,0.37,High
2026-11-21,North Node (Mean),Mercury,Square,1.11,Medium
2026-11-22,Sun,Mars,Sesquiquadrate,0.06,High
2026-11-22,Moon,Mercury,Bi-Quintile,0.24,High
2026-11-22,Moon,Mars,Bi-Quintile,0.02,High
2026-11-22,Moon,Uranus,Sextile,0.73,High
2026-11-22,Moon,Pluto,Sextile,1.16,Medium
2026-11-22,Mercury,Uranus,Trine,1.03,Medium
2026-11-22,Mercury,Neptune,Sextile,1.06,Medium
2026-11-22,Mercury,Pluto,Conjunction,0.6,High
2026-11-22,Venus,Sun,Square,0.06,High
2026-11-22,Venus,Moon,Sextile,0.84,High
2026-11-22,Venus,Neptune,Semi-Sextile,1.48,Medium
2026-11-22,Mars,Venus,Quintile,0.64,High
2026-11-22,Jupiter,Sun,Sextile,0.63,High
2026-11-22,Jupiter,Mars,Quincunx,0.98,High
2026-11-22,Uranus,Venus,Bi-Quintile,1.08,Medium
2026-11-22,Uranus,Pluto,Semi-Square,0.92,High
2026-11-22,Neptune,Saturn,Semi-Square,0.72,High
2026-11-22,Pluto,Sun,Semi-Sextile,1.16,Medium
2026-11-22,Pluto,Moon,Trine,0.26,High
2026-11-22,Pluto,Neptune,Square,0.37,High
2026-11-22,North Node (Mean),Sun,Quintile,1.38,Medium
2026-11-22,North Node (Mean),Mercury,Square,0.02,High
2026-11-23,Sun,Mars,Sesquiquadrate,0.48,High
2026-11-23,Moon,Mercury,Bi-Quintile,1.4,Medium
2026-11-23,Moon,Mars,Bi-Quintile,0.44,High
2026-11-23,Moon,Uranus,Sextile,0.78,High
2026-11-23,Moon,Pluto,Sextile,1.14,Medium
2026-11-23,Mercury,Uranus,Trine,0.98,High
2026-11-23,Mercury,Neptune,Sextile,1.07,Medium
2026-11-23,Mercury,Pluto,Conjunction,0.62,High
2026-11-23,Venus,Sun,Square,0.95,High
2026-11-23,Venus,Mars,Opposition,1.26,Medium
2026-11-23,Venus,Neptune,Semi-Sextile,1.46,Medium
2026-11-23,Mars,Venus,Quintile,0.97,High
2026-11-23,Jupiter,Mars,Quincunx,0.57,High
2026-11-23,Uranus,Venus,Bi-Quintile,0.75,High
2026-11-23,Uranus,Pluto,Semi-Square,0.9,High
2026-11-23,Neptune,Saturn,Semi-Square,0.69,High
2026-11-23,Pluto,Sun,Semi-Sextile,0.15,High
2026-11-23,Pluto,Moon,Sesquiquadrate,0.72,High
2026-11-23,Pluto,Neptune,Square,0.36,High
2026-11-23,North Node (Mean),Mercury,Square,1.14,Medium
2026-11-24,Sun,Mercury,Sextile,0.34,High
2026-11-24,Sun,Mars,Sesquiquadrate,0.89,High
2026-11-24,Moon,Mars,Bi-Quintile,0.85,High
2026-11-24,Moon,Uranus,Sextile,0.82,High
2026-11-24,Moon,Pluto,Sextile,1.12,Medium
2026-11-24,Mercury,Sun,Sextile,0.58,High
2026-11-24,Mercury,Uranus,Trine,0.94,High
2026-11-24,Mercury,Neptune,Sextile,1.09,Medium
2026-11-24,Mercury,Pluto,Conjunction,0.64,High
2026-11-24,Venus,Moon,Square,0.27,High
2026-11-24,Venus,Mars,Opposition,0.85,High
2026-11-24,Venus,Neptune,Semi-Sextile,1.45,Medium
2026-11-24,Mars,Moon,Bi-Quintile,0.92,High
2026-11-24,Mars,Venus,Quintile,1.33,Medium
2026-11-24,Jupiter,Moon,Trine,0.96,High
2026-11-24,Jupiter,Mars,Quincunx,0.16,High
2026-11-24,Uranus,Moon,Quintile,0.79,High
2026-11-24,Uranus,Venus,Bi-Quintile,0.39,High
2026-11-24,Uranus,Pluto,Semi-Square,0.89,High
2026-11-24,Neptune,Saturn,Semi-Square,0.66,High
2026-11-24,Pluto,Sun,Semi-Sextile,0.86,High
2026-11-24,Pluto,Moon,Quincunx,0.83,High
2026-11-24,Pluto,Neptune,Square,0.35,High
2026-11-25,Sun,Mercury,Sextile,0.93,High
2026-11-25,Sun,Mars,Sesquiquadrate,1.29,Medium
2026-11-25,Moon,Sun,Trine,1.33,Medium
2026-11-25,Moon,Mars,Bi-Quintile,1.25,Medium
2026-11-25,Moon,Uranus,Sextile,0.86,High
2026-11-25,Moon,Pluto,Sextile,1.1,Medium
2026-11-25,Mercury,Sun,Sextile,0.43,High
2026-11-25,Mercury,Uranus,Trine,0.9,High
2026-11-25,Mercury,Neptune,Sextile,1.1,Medium
2026-11-25,Mercury,Pluto,Conjunction,0.66,High
2026-11-25,Venus,Mars,Opposition,0.45,High
2026-11-25,Venus,Neptune,Semi-Sextile,1.44,Medium
2026-11-25,Jupiter,Moon,Sesquiquadrate,1.05,Medium
2026-11-25,Jupiter,Mars,Quincunx,0.25,High
2026-11-25,Saturn,Sun,Quintile,0.53,High
2026-11-25,Uranus,Venus,Bi-Quintile,0.0,High
2026-11-25,Uranus,Pluto,Semi-Square,0.87,High
2026-11-25,Neptune,Saturn,Semi-Square,0.63,High
2026-11-25,Pluto,Neptune,Square,0.34,High
2026-11-26,Moon,Sun,Trine,0.32,High
2026-11-26,Moon,Uranus,Sextile,0.9,High
2026-11-26,Moon,Pluto,Sextile,1.08,Medium
2026-11-26,Mercury,Sun,Sextile,1.44,Medium
2026-11-26,Mercury,Uranus,Trine,0.86,High
2026-11-26,Mercury,Neptune,Sextile,1.1,Medium
2026-11-26,Mercury,Pluto,Conjunction,0.68,High
2026-11-26,Venus,Moon,Trine,0.47,High
2026-11-26,Venus,Mars,Opposition,0.05,High
2026-11-26,Venus,Neptune,Semi-Sextile,1.43,Medium
2026-11-26,Mars,Sun,Semi-Sextile,1.36,Medium
2026-11-26,Jupiter,Moon,Quincunx,1.16,Medium
2026-11-26,Jupiter,Mars,Quincunx,0.64,High
2026-11-26,Saturn,Sun,Quintile,0.48,High
2026-11-26,Uranus,Venus,Bi-Quintile,0.43,High
2026-11-26,Uranus,Pluto,Semi-Square,0.85,High
2026-11-26,Neptune,Saturn,Semi-Square,0.6,High
2026-11-26,Pluto,Moon,Opposition,0.64,High
2026-11-26,Pluto,Mercury,Semi-Square,0.6,High
2026-11-26,Pluto,Mars,Trine,1.15,Medium
2026-11-26,Pluto,Neptune,Square,0.33,High
2026-11-27,Moon,Sun,Trine,0.69,High
2026-11-27,Moon,Uranus,Sextile,0.94,High
2026-11-27,Moon,Pluto,Sextile,1.06,Medium
2026-11-27,Mercury,Uranus,Trine,0.82,High
2026-11-27,Mercury,Neptune,Sextile,1.11,Medium
2026-11-27,Mercury,Pluto,Conjunction,0.69,High
2026-11-27,Venus,Moon,Sesquiquadrate,0.44,High
2026-11-27,Venus,Mars,Opposition,0.34,High
2026-11-27,Venus,Neptune,Semi-Sextile,1.43,Medium
2026-11-27,Mars,Sun,Semi-Sextile,0.35,High
2026-11-27,Jupiter,Mercury,Quintile,0.46,High
2026-11-27,Jupiter,Mars,Quincunx,1.04,Medium
2026-11-27,Saturn,Sun,Quintile,1.49,Medium
2026-11-27,Uranus,Venus,Bi-Quintile,0.88,High
2026-11-27,Uranus,Pluto,Semi-Square,0.83,High
2026-11-27,Neptune,Moon,Bi-Quintile,0.82,High
2026-11-27,Neptune,Saturn,Semi-Square,0.58,High
2026-11-27,Pluto,Mercury,Semi-Square,0.75,High
2026-11-27,Pluto,Mars,Trine,0.76,High
2026-11-27,Pluto,Neptune,Square,0.32,High
2026-11-28,Moon,Mercury,Sesquiquadrate,1.07,Medium
2026-11-28,Moon,Uranus,Sextile,0.98,High
2026-11-28,Moon,Pluto,Sextile,1.05,Medium
2026-11-28,Mercury,Uranus,Trine,0.77,High
2026-11-28,Mercury,Neptune,Sextile,1.12,Medium
2026-11-28,Mercury,Pluto,Conjunction,0.71,High
2026-11-28,Venus,Moon,Quincunx,0.14,High
2026-11-28,Venus,Mars,Opposition,0.73,High
2026-11-28,Venus,Neptune,Semi-Sextile,1.42,Medium
2026-11-28,Mars,Sun,Semi-Sextile,0.66,High
2026-11-28,Jupiter,Moon,Opposition,0.84,High
2026-11-28,Jupiter,Mercury,Quintile,0.92,High
2026-11-28,Jupiter,Mars,Quincunx,1.43,Medium
2026-11-28,Uranus,Mercury,Trine,0.83,High
2026-11-28,Uranus,Venus,Bi-Quintile,1.36,Medium
2026-11-28,Uranus,Pluto,Semi-Square,0.81,High
2026-11-28,Neptune,Saturn,Semi-Square,0.56,High
2026-11-28,Pluto,Moon,Quincunx,0.96,High
2026-11-28,Pluto,Mars,Trine,0.37,High
2026-11-28,Pluto,Neptune,Square,0.32,High
2026-11-29,Sun,Moon,Quincunx,1.24,Medium
2026-11-29,Moon,Mercury,Sesquiquadrate,0.34,High
2026-11-29,Moon,Uranus,Sextile,1.03,Medium
2026-11-29,Moon,Pluto,Sextile,1.03,Medium
2026-11-29,Mercury,Mars,Quincunx,1.42,Medium
2026-11-29,Mercury,Uranus,Trine,0.73,High
2026-11-29,Mercury,Neptune,Sextile,1.13,Medium
2026-11-29,Mercury,Pluto,Conjunction,0.73,High
2026-11-29,Venus,Mars,Opposition,1.11,Medium
2026-11-29,Venus,Neptune,Semi-Sextile,1.41,Medium
2026-11-29,Mars,Mercury,Semi-Square,0.71,High
2026-11-29,Uranus,Moon,Bi-Quintile,1.44,Medium
2026-11-29,Uranus,Mercury,Trine,0.57,High
2026-11-29,Uranus,Pluto,Semi-Square,0.79,High
2026-11-29,Neptune,Saturn,Semi-Square,0.53,High
2026-11-29,Pluto,Mars,Trine,0.01,High
2026-11-29,Pluto,Neptune,Square,0.31,High
2026-11-30,Sun,Moon,Sesquiquadrate,0.22,High
2026-11-30,Moon,Uranus,Sextile,1.07,Medium
2026-11-30,Moon,Pluto,Sextile,1.01,Medium
2026-11-30,Mercury,Mars,Quincunx,1.05,Medium
2026-11-30,Mercury,Uranus,Trine,0.69,High
2026-11-30,Mercury,Neptune,Sextile,1.14,Medium
2026-11-30,Mercury,Pluto,Conjunction,0.75,High
2026-11-30,Venus,Mars,Opposition,1.49,Medium
2026-11-30,Venus,Neptune,Semi-Sextile,1.4,Medium
2026-11-30,Mars,Mercury,Semi-Square,0.72,High
2026-11-30,Jupiter,Moon,Quincunx,0.83,High
2026-11-30,Saturn,Mercury,Sextile,0.44,High
2026-11-30,Uranus,Pluto,Semi-Square,0.77,High
2026-11-30,Neptune,Mercury,Square,1.19,Medium
2026-11-30,Neptune,Saturn,Semi-Square,0.51,High
2026-11-30,Pluto,Mars,Trine,0.39,High
2026-11-30,Pluto,Neptune,Square,0.3,High
2026-12-01,Sun,Moon,Trine,1.18,Medium
2026-12-01,Moon,Uranus,Sextile,1.11,Medium
2026-12-01,Moon,Pluto,Sextile,0.98,High
2026-12-01,Mercury,Mars,Quincunx,0.68,High
2026-12-01,Mercury,Uranus,Trine,0.65,High
2026-12-01,Mercury,Neptune,Sextile,1.14,Medium
2026-12-01,Mercury,Pluto,Conjunction,0.77,High
2026-12-01,Venus,Neptune,Semi-Sextile,1.39,Medium
2026-12-01,Jupiter,Venus,Square,1.28,Medium
2026-12-01,Saturn,Mercury,Sextile,1.01,Medium
2026-12-01,Uranus,Pluto,Semi-Square,0.75,High
2026-12-01,Neptune,Sun,Quintile,1.22,Medium
2026-12-01,Neptune,Mercury,Square,0.26,High
2026-12-01,Neptune,Saturn,Semi-Square,0.5,High
2026-12-01,Pluto,Mars,Trine,0.76,High
2026-12-01,Pluto,Neptune,Square,0.29,High
2026-12-02,Moon,Uranus,Sextile,1.15,Medium
2026-12-02,Moon,Pluto,Sextile,0.96,High
2026-12-02,Mercury,Mars,Quincunx,0.31,High
2026-12-02,Mercury,Uranus,Trine,0.61,High
2026-12-02,Mercury,Neptune,Sextile,1.15,Medium
2026-12-02,Mercury,Pluto,Conjunction,0.8,High
2026-12-02,Venus,Neptune,Semi-Sextile,1.39,Medium
2026-12-02,Jupiter,Venus,Square,0.7,High
2026-12-02,Uranus,Pluto,Semi-Square,0.73,High
2026-12-02,Neptune,Sun,Quintile,0.2,High
2026-12-02,Neptune,Saturn,Semi-Square,0.48,High
2026-12-02,Pluto,Mars,Trine,1.13,Medium
2026-12-02,Pluto,Neptune,Square,0.29,High
2026-12-02,North Node (Mean),Sun,Sextile,0.5,High
2026-12-02,North Node (Mean),Moon,Sesquiquadrate,0.21,High
2026-12-03,Moon,Uranus,Sextile,1.19,Medium
2026-12-03,Moon,Pluto,Sextile,0.94,High
2026-12-03,Mercury,Mars,Quincunx,0.05,High
2026-12-03,Mercury,Uranus,Trine,0.57,High
2026-12-03,Mercury,Neptune,Sextile,1.16,Medium
2026-12-03,Mercury,Pluto,Conjunction,0.82,High
2026-12-03,Venus,Neptune,Semi-Sextile,1.38,Medium
2026-12-03,Jupiter,Venus,Square,0.09,High
2026-12-03,Uranus,Pluto,Semi-Square,0.71,High
2026-12-03,Neptune,Sun,Quintile,0.81,High
2026-12-03,Neptune,Moon,Sesquiquadrate,1.07,Medium
2026-12-03,Neptune,Saturn,Semi-Square,0.47,High
2026-12-03,Pluto,Mars,Trine,1.49,Medium
2026-12-03,Pluto,Neptune,Square,0.28,High
2026-12-03,North Node (Mean),Sun,Sextile,0.51,High
2026-12-04,Sun,Mercury,Semi-Square,1.31,Medium
2026-12-04,Sun,Venus,Quintile,1.41,Medium
2026-12-04,Moon,Mars,Quincunx,1.36,Medium
2026-12-04,Moon,Uranus,Sextile,1.24,Medium
2026-12-04,Moon,Pluto,Sextile,0.92,High
2026-12-04,Mercury,Mars,Quincunx,0.4,High
2026-12-04,Mercury,Uranus,Trine,0.52,High
2026-12-04,Mercury,Neptune,Sextile,1.16,Medium
2026-12-04,Mercury,Pluto,Conjunction,0.84,High
2026-12-04,Venus,Neptune,Semi-Sextile,1.38,Medium
2026-12-04,Jupiter,Venus,Square,0.54,High
2026-12-04,Saturn,Moon,Semi-Sextile,0.44,High
2026-12-04,Uranus,Pluto,Semi-Square,0.69,High
2026-12-04,Neptune,Moon,Trine,1.2,Medium
2026-12-04,Neptune,Saturn,Semi-Square,0.45,High
2026-12-04,Pluto,Venus,Sextile,1.26,Medium
2026-12-04,Pluto,Neptune,Square,0.28,High
2026-12-05,Sun,Mercury,Semi-Square,0.19,High
2026-12-05,Sun,Venus,Quintile,0.76,High
2026-12-05,Moon,Mars,Quincunx,1.01,Medium
2026-12-05,Moon,Uranus,Sextile,1.28,Medium
2026-12-05,Moon,Pluto,Sextile,0.9,High
2026-12-05,Mercury,Moon,Square,1.06,Medium
2026-12-05,Mercury,Mars,Quincunx,0.75,High
2026-12-05,Mercury,Uranus,Trine,0.48,High
2026-12-05,Mercury,Neptune,Sextile,1.17,Medium
2026-12-05,Mercury,Pluto,Conjunction,0.86,High
2026-12-05,Venus,Neptune,Semi-Sextile,1.37,Medium
2026-12-05,Jupiter,Sun,Semi-Square,1.21,Medium
2026-12-05,Jupiter,Mercury,Sextile,0.85,High
2026-12-05,Jupiter,Venus,Square,1.19,Medium
2026-12-05,Uranus,Moon,Sesquiquadrate,0.47,High
2026-12-05,Uranus,Pluto,Semi-Square,0.66,High
2026-12-05,Neptune,Saturn,Semi-Square,0.44,High
2026-12-05,Pluto,Venus,Sextile,0.6,High
2026-12-05,Pluto,Neptune,Square,0.27,High
2026-12-05,North Node (Mean),Mercury,Quintile,0.11,High
2026-12-06,Sun,Venus,Quintile,0.09,High
2026-12-06,Moon,Mars,Quincunx,0.67,High
2026-12-06,Moon,Uranus,Sextile,1.32,Medium
2026-12-06,Moon,Pluto,Sextile,0.88,High
2026-12-06,Mercury,Venus,Square,1.37,Medium
2026-12-06,Mercury,Mars,Quincunx,1.09,Medium
2026-12-06,Mercury,Uranus,Trine,0.44,High
2026-12-06,Mercury,Neptune,Sextile,1.17,Medium
2026-12-06,Mercury,Pluto,Conjunction,0.88,High
2026-12-06,Venus,Mercury,Square,0.04,High
2026-12-06,Venus,Neptune,Semi-Sextile,1.37,Medium
2026-12-06,Jupiter,Sun,Semi-Square,0.19,High
2026-12-06,Jupiter,Moon,Quintile,1.35,Medium
2026-12-06,Jupiter,Mercury,Sextile,0.66,High
2026-12-06,Uranus,Pluto,Semi-Square,0.64,High
2026-12-06,Neptune,Saturn,Semi-Square,0.43,High
2026-12-06,Pluto,Moon,Semi-Square,0.14,High
2026-12-06,Pluto,Mercury,Semi-Sextile,1.14,Medium
2026-12-06,Pluto,Venus,Sextile,0.07,High
2026-12-06,Pluto,Neptune,Square,0.27,High
2026-12-06,North Node (Mean),Mercury,Quintile,1.4,Medium
2026-12-07,Sun,Moon,Semi-Square,0.09,High
2026-12-07,Sun,Venus,Quintile,0.6,High
2026-12-07,Moon,Mars,Quincunx,0.34,High
2026-12-07,Moon,Uranus,Sextile,1.36,Medium
2026-12-07,Moon,Pluto,Sextile,0.85,High
2026-12-07,Mercury,Venus,Square,0.68,High
2026-12-07,Mercury,Mars,Quincunx,1.42,Medium
2026-12-07,Mercury,Uranus,Trine,0.4,High
2026-12-07,Mercury,Neptune,Sextile,1.17,Medium
2026-12-07,Mercury,Pluto,Conjunction,0.91,High
2026-12-07,Venus,Mercury,Square,1.48,Medium
2026-12-07,Venus,Neptune,Semi-Sextile,1.37,Medium
2026-12-07,Jupiter,Sun,Semi-Square,0.83,High
2026-12-07,Jupiter,Moon,Sextile,1.13,Medium
2026-12-07,Jupiter,Mars,Bi-Quintile,1.34,Medium
2026-12-07,Uranus,Pluto,Semi-Square,0.62,High
2026-12-07,Neptune,Saturn,Semi-Square,0.43,High
2026-12-07,Pluto,Mercury,Semi-Sextile,0.38,High
2026-12-07,Pluto,Venus,Sextile,0.76,High
2026-12-07,Pluto,Neptune,Square,0.27,High
2026-12-07,North Node (Mean),Moon,Quintile,0.39,High
2026-12-08,Sun,Venus,Quintile,1.31,Medium
2026-12-08,Moon,Mercury,Trine,1.3,Medium
2026-12-08,Moon,Mars,Quincunx,0.01,High
2026-12-08,Moon,Uranus,Sextile,1.4,Medium
2026-12-08,Moon,Pluto,Sextile,0.83,High
2026-12-08,Mercury,Sun,Semi-Square,1.39,Medium
2026-12-08,Mercury,Venus,Square,0.03,High
2026-12-08,Mercury,Uranus,Trine,0.36,High
2026-12-08,Mercury,Neptune,Sextile,1.18,Medium
2026-12-08,Mercury,Pluto,Conjunction,0.93,High
2026-12-08,Venus,Neptune,Semi-Sextile,1.36,Medium
2026-12-08,Jupiter,Mars,Bi-Quintile,1.02,Medium
2026-12-08,Saturn,Mercury,Quintile,0.51,High
2026-12-08,Uranus,Venus,Sesquiquadrate,1.5,Medium
2026-12-08,Uranus,Pluto,Semi-Square,0.6,High
2026-12-08,Neptune,Moon,Quintile,0.0,High
2026-12-08,Neptune,Saturn,Semi-Square,0.42,High
2026-12-08,Pluto,Venus,Sextile,1.47,Medium
2026-12-08,Pluto,Neptune,Square,0.26,High
2026-12-08,North Node (Mean),Moon,Sextile,0.3,High
2026-12-09,Moon,Mercury,Trine,0.22,High
2026-12-09,Moon,Venus,Quincunx,1.0,High
2026-12-09,Moon,Mars,Quincunx,0.31,High
2026-12-09,Moon,Uranus,Sextile,1.44,Medium
2026-12-09,Moon,Pluto,Sextile,0.81,High
2026-12-09,Mercury,Sun,Semi-Square,0.38,High
2026-12-09,Mercury,Venus,Square,0.75,High
2026-12-09,Mercury,Uranus,Trine,0.32,High
2026-12-09,Mercury,Neptune,Sextile,1.18,Medium
2026-12-09,Mercury,Pluto,Conjunction,0.95,High
2026-12-09,Venus,Sun,Quintile,0.84,High
2026-12-09,Venus,Neptune,Semi-Sextile,1.36,Medium
2026-12-09,Mars,Mercury,Semi-Sextile,0.82,High
2026-12-09,Jupiter,Mars,Bi-Quintile,0.7,High
2026-12-09,Saturn,Moon,Square,0.73,High
2026-12-09,Saturn,Mercury,Quintile,1.02,Medium
2026-12-09,Uranus,Venus,Sesquiquadrate,0.77,High
2026-12-09,Uranus,Pluto,Semi-Square,0.57,High
2026-12-09,Neptune,Moon,Sextile,0.03,High
2026-12-09,Neptune,Saturn,Semi-Square,0.42,High
2026-12-09,Pluto,Neptune,Square,0.26,High
2026-12-10,Sun,Jupiter,Sesquiquadrate,1.5,Medium
2026-12-10,Moon,Venus,Quincunx,0.26,High
2026-12-10,Moon,Mars,Quincunx,0.62,High
2026-12-10,Moon,Uranus,Sextile,1.48,Medium
2026-12-10,Moon,Pluto,Sextile,0.78,High
2026-12-10,Mercury,Sun,Semi-Square,0.64,High
2026-12-10,Mercury,Venus,Square,1.5,Medium
2026-12-10,Mercury,Uranus,Trine,0.28,High
2026-12-10,Mercury,Neptune,Sextile,1.18,Medium
2026-12-10,Mercury,Pluto,Conjunction,0.98,High
2026-12-10,Venus,Sun,Quintile,0.18,High
2026-12-10,Venus,Neptune,Semi-Sextile,1.36,Medium
2026-12-10,Mars,Moon,Conjunction,1.22,Medium
2026-12-10,Mars,Mercury,Semi-Sextile,0.71,High
2026-12-10,Mars,Venus,Sextile,1.31,Medium
2026-12-10,Jupiter,Mars,Bi-Quintile,0.39,High
2026-12-10,Uranus,Sun,Square,0.88,High
2026-12-10,Uranus,Venus,Sesquiquadrate,0.02,High
2026-12-10,Uranus,Pluto,Semi-Square,0.55,High
2026-12-10,Neptune,Saturn,Semi-Square,0.41,High
2026-12-10,Pluto,Neptune,Square,0.26,High
2026-12-11,Sun,Jupiter,Sesquiquadrate,1.49,Medium
2026-12-11,Moon,Venus,Quincunx,0.5,High
2026-12-11,Moon,Mars,Quincunx,0.93,High
2026-12-11,Moon,Pluto,Sextile,0.76,High
2026-12-11,Mercury,Uranus,Trine,0.24,High
2026-12-11,Mercury,Neptune,Sextile,1.18,Medium
2026-12-11,Mercury,Pluto,Conjunction,1.0,High
2026-12-11,Venus,Sun,Quintile,1.2,Medium
2026-12-11,Venus,Moon,Semi-Square,0.94,High
2026-12-11,Venus,Neptune,Semi-Sextile,1.36,Medium
2026-12-11,Mars,Venus,Sextile,0.54,High
2026-12-11,Jupiter,Mars,Bi-Quintile,0.08,High
2026-12-11,Uranus,Sun,Square,0.13,High
2026-12-11,Uranus,Venus,Sesquiquadrate,0.74,High
2026-12-11,Uranus,Pluto,Semi-Square,0.52,High
2026-12-11,Neptune,Saturn,Semi-Square,0.41,High
2026-12-11,Pluto,Neptune,Square,0.26,High
2026-12-12,Sun,Jupiter,Sesquiquadrate,1.49,Medium
2026-12-12,Moon,Venus,Quincunx,1.28,Medium
2026-12-12,Moon,Mars,Quincunx,1.22,Medium
2026-12-12,Moon,Pluto,Sextile,0.73,High
2026-12-12,Mercury,Uranus,Trine,0.2,High
2026-12-12,Mercury,Neptune,Sextile,1.18,Medium
2026-12-12,Mercury,Pluto,Conjunction,1.02,Medium
2026-12-12,Venus,Neptune,Semi-Sextile,1.36,Medium
2026-12-12,Mars,Venus,Sextile,0.23,High
2026-12-12,Jupiter,Mars,Bi-Quintile,0.22,High
2026-12-12,Saturn,Sun,Square,1.29,Medium
2026-12-12,Saturn,Venus,Semi-Square,0.92,High
2026-12-12,Uranus,Sun,Square,1.15,Medium
2026-12-12,Uranus,Pluto,Semi-Square,0.5,High
2026-12-12,Neptune,Mercury,Quintile,1.14,Medium
2026-12-12,Neptune,Saturn,Semi-Square,0.42,High
2026-12-12,Pluto,Neptune,Square,0.26,High
2026-12-12,North Node (Mean),Mercury,Sextile,1.44,Medium
2026-12-13,Sun,Jupiter,Sesquiquadrate,1.49,Medium
2026-12-13,Moon,Pluto,Sextile,0.71,High
2026-12-13,Mercury,Uranus,Trine,0.16,High
2026-12-13,Mercury,Neptune,Sextile,1.18,Medium
2026-12-13,Mercury,Pluto,Conjunction,1.05,Medium
2026-12-13,Venus,Neptune,Semi-Sextile,1.36,Medium
2026-12-13,Mars,Venus,Sextile,1.03,Medium
2026-12-13,Jupiter,Mars,Bi-Quintile,0.51,High
2026-12-13,Saturn,Sun,Square,0.27,High
2026-12-13,Saturn,Venus,Semi-Square,0.13,High
2026-12-13,Uranus,Pluto,Semi-Square,0.47,High
2026-12-13,Neptune,Sun,Sextile,1.03,Medium
2026-12-13,Neptune,Mercury,Quintile,0.4,High
2026-12-13,Neptune,Saturn,Semi-Square,0.42,High
2026-12-13,Pluto,Neptune,Square,0.26,High
2026-12-13,North Node (Mean),Moon,Conjunction,1.02,Medium
2026-12-13,North Node (Mean),Mercury,Sextile,0.1,High
2026-12-14,Sun,Mercury,Semi-Sextile,1.06,Medium
2026-12-14,Sun,Jupiter,Sesquiquadrate,1.49,Medium
2026-12-14,Moon,Pluto,Sextile,0.68,High
2026-12-14,Mercury,Uranus,Trine,0.12,High
2026-12-14,Mercury,Neptune,Sextile,1.18,Medium
2026-12-14,Mercury,Pluto,Conjunction,1.07,Medium
2026-12-14,Venus,Neptune,Semi-Sextile,1.36,Medium
2026-12-14,Mars,Moon,Semi-Square,1.09,Medium
2026-12-14,Jupiter,Mars,Bi-Quintile,0.79,High
2026-12-14,Saturn,Sun,Square,0.74,High
2026-12-14,Saturn,Moon,Quincunx,0.07,High
2026-12-14,Saturn,Venus,Semi-Square,0.68,High
2026-12-14,Uranus,Pluto,Semi-Square,0.45,High
2026-12-14,Neptune,Sun,Sextile,0.02,High
2026-12-14,Neptune,Moon,Conjunction,0.82,High
2026-12-14,Neptune,Saturn,Semi-Square,0.43,High
2026-12-14,Pluto,Neptune,Square,0.26,High
2026-12-15,Sun,Mercury,Semi-Sextile,0.49,High
2026-12-15,Sun,Jupiter,Sesquiquadrate,1.5,Medium
2026-12-15,Moon,Pluto,Sextile,0.66,High
2026-12-15,Mercury,Moon,Semi-Sextile,0.94,High
2026-12-15,Mercury,Uranus,Trine,0.08,High
2026-12-15,Mercury,Neptune,Sextile,1.18,Medium
2026-12-15,Mercury,Pluto,Conjunction,1.1,Medium
2026-12-15,Venus,Neptune,Semi-Sextile,1.36,Medium
2026-12-15,Jupiter,Mercury,Semi-Square,0.56,High
2026-12-15,Jupiter,Mars,Bi-Quintile,1.06,Medium
2026-12-15,Saturn,Venus,Semi-Square,1.5,Medium
2026-12-15,Uranus,Pluto,Semi-Square,0.42,High
2026-12-15,Neptune,Sun,Sextile,1.0,High
2026-12-15,Neptune,Saturn,Semi-Square,0.43,High
2026-12-15,Pluto,Neptune,Square,0.26,High
2026-12-16,Moon,Venus,Bi-Quintile,1.46,Medium
2026-12-16,Moon,Pluto,Sextile,0.63,High
2026-12-16,Mercury,Uranus,Trine,0.04,High
2026-12-16,Mercury,Neptune,Sextile,1.18,Medium
2026-12-16,Mercury,Pluto,Conjunction,1.13,Medium
2026-12-16,Venus,Neptune,Semi-Sextile,1.36,Medium
2026-12-16,Jupiter,Moon,Semi-Square,1.46,Medium
2026-12-16,Jupiter,Mercury,Semi-Square,0.99,High
2026-12-16,Jupiter,Mars,Bi-Quintile,1.33,Medium
2026-12-16,Uranus,Pluto,Semi-Square,0.4,High
2026-12-16,Neptune,Saturn,Semi-Square,0.44,High
2026-12-16,Pluto,Uranus,Quincunx,1.48,Medium
2026-12-16,Pluto,Neptune,Square,0.26,High
2026-12-16,North Node (Mean),Sun,Semi-Square,1.28,Medium
2026-12-17,Moon,Venus,Bi-Quintile,0.61,High
2026-12-17,Moon,Pluto,Sextile,0.61,High
2026-12-17,Mercury,Uranus,Trine,0.01,High
2026-12-17,Mercury,Neptune,Sextile,1.18,Medium
2026-12-17,Mercury,Pluto,Conjunction,1.15,Medium
2026-12-17,Venus,Mercury,Quintile,1.16,Medium
2026-12-17,Venus,Neptune,Semi-Sextile,1.36,Medium
2026-12-17,Jupiter,Moon,Sextile,0.93,High
2026-12-17,Uranus,Pluto,Semi-Square,0.37,High
2026-12-17,Neptune,Saturn,Semi-Square,0.45,High
2026-12-17,Pluto,Uranus,Quincunx,1.44,Medium
2026-12-17,Pluto,Neptune,Square,0.26,High
2026-12-17,North Node (Mean),Sun,Semi-Square,0.26,High
2026-12-17,North Node (Mean),Venus,Square,0.87,High
2026-12-18,Moon,Venus,Bi-Quintile,0.25,High
2026-12-18,Moon,Pluto,Sextile,0.58,High
2026-12-18,Mercury,Mars,Bi-Quintile,1.39,Medium
2026-12-18,Mercury,Uranus,Trine,0.03,High
2026-12-18,Mercury,Neptune,Sextile,1.17,Medium
2026-12-18,Mercury,Pluto,Conjunction,1.18,Medium
2026-12-18,Venus,Mercury,Quintile,0.39,High
2026-12-18,Venus,Neptune,Semi-Sextile,1.37,Medium
2026-12-18,Jupiter,Moon,Quintile,0.07,High
2026-12-18,Uranus,Mercury,Square,0.67,High
2026-12-18,Uranus,Pluto,Semi-Square,0.35,High
2026-12-18,Neptune,Saturn,Semi-Square,0.47,High
2026-12-18,Pluto,Uranus,Quincunx,1.41,Medium
2026-12-18,Pluto,Neptune,Square,0.27,High
2026-12-18,North Node (Mean),Sun,Semi-Square,0.76,High
2026-12-18,North Node (Mean),Moon,Sextile,0.82,High
2026-12-18,North Node (Mean),Venus,Square,0.01,High
2026-12-19,Moon,Venus,Bi-Quintile,1.13,Medium
2026-12-19,Moon,Pluto,Sextile,0.55,High
2026-12-19,Mercury,Mars,Bi-Quintile,1.15,Medium
2026-12-19,Mercury,Uranus,Trine,0.07,High
2026-12-19,Mercury,Neptune,Sextile,1.17,Medium
2026-12-19,Mercury,Pluto,Conjunction,1.2,Medium
2026-12-19,Venus,Neptune,Semi-Sextile,1.37,Medium
2026-12-19,Uranus,Mercury,Square,0.88,High
2026-12-19,Uranus,Pluto,Semi-Square,0.32,High
2026-12-19,Neptune,Saturn,Semi-Square,0.48,High
2026-12-19,Pluto,Uranus,Quincunx,1.37,Medium
2026-12-19,Pluto,Neptune,Square,0.27,High
2026-12-19,North Node (Mean),Venus,Square,0.86,High
2026-12-20,Sun,Venus,Sextile,0.95,High
2026-12-20,Moon,Pluto,Sextile,0.53,High
2026-12-20,Mercury,Mars,Bi-Quintile,0.92,High
2026-12-20,Mercury,Uranus,Trine,0.11,High
2026-12-20,Mercury,Neptune,Sextile,1.16,Medium
2026-12-20,Mercury,Pluto,Conjunction,1.23,Medium
2026-12-20,Venus,Neptune,Semi-Sextile,1.37,Medium
2026-12-20,Jupiter,Sun,Semi-Sextile,0.95,High
2026-12-20,Saturn,Mercury,Square,0.0,High
2026-12-20,Uranus,Pluto,Semi-Square,0.29,High
2026-12-20,Neptune,Mercury,Sextile,0.76,High
2026-12-20,Neptune,Saturn,Semi-Square,0.5,High
2026-12-20,Pluto,Uranus,Quincunx,1.33,Medium
2026-12-20,Pluto,Neptune,Square,0.27,High
2026-12-21,Sun,Venus,Sextile,0.05,High
2026-12-21,Moon,Pluto,Sextile,0.5,High
2026-12-21,Mercury,Mars,Bi-Quintile,0.7,High
2026-12-21,Mercury,Uranus,Trine,0.14,High
2026-12-21,Mercury,Neptune,Sextile,1.16,Medium
2026-12-21,Mercury,Pluto,Conjunction,1.26,Medium
2026-12-21,Venus,Sun,Sextile,0.63,High
2026-12-21,Venus,Neptune,Semi-Sextile,1.38,Medium
2026-12-21,Jupiter,Sun,Semi-Sextile,0.06,High
2026-12-21,Uranus,Pluto,Semi-Square,0.27,High
2026-12-21,Neptune,Moon,Square,1.04,Medium
2026-12-21,Neptune,Mercury,Sextile,0.8,High
2026-12-21,Neptune,Saturn,Semi-Square,0.52,High
2026-12-21,Pluto,Uranus,Quincunx,1.3,Medium
2026-12-21,Pluto,Neptune,Square,0.28,High
2026-12-22,Sun,Moon,Bi-Quintile,0.94,High
2026-12-22,Sun,Venus,Sextile,0.86,High
2026-12-22,Moon,Pluto,Sextile,0.47,High
2026-12-22,Mercury,Mars,Bi-Quintile,0.48,High
2026-12-22,Mercury,Uranus,Trine,0.18,High
2026-12-22,Mercury,Neptune,Sextile,1.15,Medium
2026-12-22,Mercury,Pluto,Conjunction,1.29,Medium
2026-12-22,Venus,Sun,Sextile,0.39,High
2026-12-22,Venus,Neptune,Semi-Sextile,1.38,Medium
2026-12-22,Jupiter,Sun,Semi-Sextile,1.08,Medium
2026-12-22,Uranus,Pluto,Semi-Square,0.24,High
2026-12-22,Neptune,Saturn,Semi-Square,0.54,High
2026-12-22,Pluto,Sun,Conjunction,0.71,High
2026-12-22,Pluto,Uranus,Quincunx,1.26,Medium
2026-12-22,Pluto,Neptune,Square,0.28,High
2026-12-22,North Node (Mean),Mercury,Semi-Square,0.94,High
2026-12-23,Moon,Pluto,Sextile,0.45,High
2026-12-23,Mercury,Sun,Semi-Sextile,1.13,Medium
2026-12-23,Mercury,Mars,Bi-Quintile,0.28,High
2026-12-23,Mercury,Uranus,Trine,0.21,High
2026-12-23,Mercury,Neptune,Sextile,1.15,Medium
2026-12-23,Mercury,Pluto,Conjunction,1.31,Medium
2026-12-23,Venus,Sun,Sextile,1.41,Medium
2026-12-23,Venus,Neptune,Semi-Sextile,1.39,Medium
2026-12-23,Mars,Pluto,Semi-Sextile,1.49,Medium
2026-12-23,Jupiter,Moon,Bi-Quintile,0.08,High
2026-12-23,Uranus,Pluto,Semi-Square,0.21,High
2026-12-23,Neptune,Moon,Trine,1.12,Medium
2026-12-23,Neptune,Saturn,Semi-Square,0.56,High
2026-12-23,Pluto,Sun,Conjunction,0.31,High
2026-12-23,Pluto,Venus,Semi-Square,1.06,Medium
2026-12-23,Pluto,Uranus,Quincunx,1.23,Medium
2026-12-23,Pluto,Neptune,Square,0.29,High
2026-12-23,North Node (Mean),Mercury,Semi-Square,0.63,High
2026-12-24,Moon,Pluto,Sextile,0.42,High
2026-12-24,Mercury,Sun,Semi-Sextile,0.11,High
2026-12-24,Mercury,Mars,Bi-Quintile,0.08,High
2026-12-24,Mercury,Uranus,Trine,0.25,High
2026-12-24,Mercury,Neptune,Sextile,1.14,Medium
2026-12-24,Mercury,Pluto,Conjunction,1.34,Medium
2026-12-24,Venus,Neptune,Semi-Sextile,1.4,Medium
2026-12-24,Mars,Pluto,Semi-Sextile,1.47,Medium
2026-12-24,Jupiter,Venus,Quintile,1.34,Medium
2026-12-24,Saturn,Moon,Quintile,0.8,High
2026-12-24,Uranus,Pluto,Semi-Square,0.18,High
2026-12-24,Neptune,Moon,Sesquiquadrate,1.44,Medium
2026-12-24,Neptune,Saturn,Semi-Square,0.58,High
2026-12-24,Pluto,Sun,Conjunction,1.32,Medium
2026-12-24,Pluto,Venus,Semi-Square,0.13,High
2026-12-24,Pluto,Uranus,Quincunx,1.19,Medium
2026-12-24,Pluto,Neptune,Square,0.3,High
2026-12-25,Moon,Sun,Square,0.86,High
2026-12-25,Moon,Pluto,Sextile,0.39,High
2026-12-25,Mercury,Sun,Semi-Sextile,0.9,High
2026-12-25,Mercury,Mars,Bi-Quintile,0.11,High
2026-12-25,Mercury,Uranus,Trine,0.28,High
2026-12-25,Mercury,Neptune,Sextile,1.14,Medium
2026-12-25,Mercury,Pluto,Conjunction,1.37,Medium
2026-12-25,Venus,Moon,Bi-Quintile,0.05,High
2026-12-25,Venus,Mercury,Sextile,0.67,High
2026-12-25,Venus,Neptune,Semi-Sextile,1.4,Medium
2026-12-25,Mars,Pluto,Semi-Sextile,1.44,Medium
2026-12-25,Jupiter,Mercury,Semi-Sextile,0.02,High
2026-12-25,Jupiter,Venus,Quintile,0.4,High
2026-12-25,Uranus,Pluto,Semi-Square,0.15,High
2026-12-25,Neptune,Saturn,Semi-Square,0.61,High
2026-12-25,Pluto,Venus,Semi-Square,0.81,High
2026-12-25,Pluto,Uranus,Quincunx,1.16,Medium
2026-12-25,Pluto,Neptune,Square,0.3,High
2026-12-26,Moon,Sun,Square,0.16,High
2026-12-26,Moon,Venus,Sesquiquadrate,1.44,Medium
2026-12-26,Moon,Pluto,Sextile,0.36,High
2026-12-26,Mercury,Mars,Bi-Quintile,0.29,High
2026-12-26,Mercury,Uranus,Trine,0.32,High
2026-12-26,Mercury,Neptune,Sextile,1.13,Medium
2026-12-26,Mercury,Pluto,Conjunction,1.4,Medium
2026-12-26,Venus,Mercury,Sextile,0.9,High
2026-12-26,Venus,Neptune,Semi-Sextile,1.41,Medium
2026-12-26,Mars,Sun,Conjunction,0.88,High
2026-12-26,Mars,Pluto,Semi-Sextile,1.41,Medium
2026-12-26,Jupiter,Venus,Quintile,0.55,High
2026-12-26,Uranus,Venus,Trine,1.21,Medium
2026-12-26,Uranus,Pluto,Semi-Square,0.13,High
2026-12-26,Neptune,Saturn,Semi-Square,0.63,High
2026-12-26,Pluto,Mercury,Conjunction,0.2,High
2026-12-26,Pluto,Uranus,Quincunx,1.12,Medium
2026-12-26,Pluto,Neptune,Square,0.31,High
2026-12-27,Moon,Sun,Square,1.18,Medium
2026-12-27,Moon,Venus,Sesquiquadrate,0.48,High
2026-12-27,Moon,Pluto,Sextile,0.33,High
2026-12-27,Mercury,Mars,Bi-Quintile,0.45,High
2026-12-27,Mercury,Uranus,Trine,0.35,High
2026-12-27,Mercury,Neptune,Sextile,1.12,Medium
2026-12-27,Mercury,Pluto,Conjunction,1.43,Medium
2026-12-27,Venus,Neptune,Semi-Sextile,1.42,Medium
2026-12-27,Mars,Sun,Conjunction,0.13,High
2026-12-27,Mars,Pluto,Semi-Sextile,1.38,Medium
2026-12-27,Uranus,Venus,Trine,0.25,High
2026-12-27,Uranus,Pluto,Semi-Square,0.1,High
2026-12-27,Neptune,Moon,Opposition,1.37,Medium
2026-12-27,Neptune,Saturn,Semi-Square,0.66,High
2026-12-27,Pluto,Mercury,Conjunction,1.38,Medium
2026-12-27,Pluto,Uranus,Quincunx,1.09,Medium
2026-12-27,Pluto,Neptune,Square,0.32,High
2026-12-28,Moon,Mercury,Square,0.23,High
2026-12-28,Moon,Venus,Sesquiquadrate,0.49,High
2026-12-28,Moon,Pluto,Sextile,0.3,High
2026-12-28,Mercury,Moon,Bi-Quintile,0.67,High
2026-12-28,Mercury,Venus,Quintile,0.76,High
2026-12-28,Mercury,Mars,Bi-Quintile,0.61,High
2026-12-28,Mercury,Uranus,Trine,0.38,High
2026-12-28,Mercury,Neptune,Sextile,1.11,Medium
2026-12-28,Mercury,Pluto,Conjunction,1.46,Medium
2026-12-28,Venus,Neptune,Semi-Sextile,1.43,Medium
2026-12-28,Mars,Sun,Conjunction,1.15,Medium
2026-12-28,Mars,Mercury,Conjunction,1.28,Medium
2026-12-28,Mars,Venus,Semi-Square,0.56,High
2026-12-28,Mars,Pluto,Semi-Sextile,1.35,Medium
2026-12-28,Uranus,Sun,Quintile,0.56,High
2026-12-28,Uranus,Venus,Trine,0.72,High
2026-12-28,Uranus,Pluto,Semi-Square,0.07,High
2026-12-28,Neptune,Sun,Semi-Square,0.76,High
2026-12-28,Neptune,Saturn,Semi-Square,0.69,High
2026-12-28,Pluto,Uranus,Quincunx,1.06,Medium
2026-12-28,Pluto,Neptune,Square,0.33,High
2026-12-28,North Node (Mean),Mars,Quincunx,1.41,Medium
2026-12-29,Moon,Mercury,Square,1.36,Medium
2026-12-29,Moon,Venus,Sesquiquadrate,1.46,Medium
2026-12-29,Moon,Pluto,Sextile,0.27,High
2026-12-29,Mercury,Venus,Quintile,0.22,High
2026-12-29,Mercury,Mars,Bi-Quintile,0.76,High
2026-12-29,Mercury,Uranus,Trine,0.41,High
2026-12-29,Mercury,Neptune,Sextile,1.1,Medium
2026-12-29,Mercury,Pluto,Conjunction,1.48,Medium
2026-12-29,Venus,Neptune,Semi-Sextile,1.44,Medium
2026-12-29,Mars,Mercury,Conjunction,0.31,High
2026-12-29,Mars,Venus,Semi-Square,0.41,High
2026-12-29,Mars,Pluto,Semi-Sextile,1.32,Medium
2026-12-29,Saturn,Moon,Conjunction,0.15,High
2026-12-29,Saturn,Venus,Sextile,0.74,High
2026-12-29,Uranus,Sun,Quintile,0.45,High
2026-12-29,Uranus,Mercury,Quintile,1.41,Medium
2026-12-29,Uranus,Pluto,Semi-Square,0.04,High
2026-12-29,Neptune,Sun,Semi-Square,0.26,High
2026-12-29,Neptune,Moon,Quincunx,0.61,High
2026-12-29,Neptune,Venus,Square,1.5,Medium
2026-12-29,Neptune,Saturn,Semi-Square,0.73,High
2026-12-29,Pluto,Uranus,Quincunx,1.02,Medium
2026-12-29,Pluto,Neptune,Square,0.34,High
2026-12-29,North Node (Mean),Mars,Quincunx,1.27,Medium
2026-12-30,Moon,Pluto,Sextile,0.25,High
2026-12-30,Mercury,Venus,Quintile,1.2,Medium
2026-12-30,Mercury,Mars,Bi-Quintile,0.89,High
2026-12-30,Mercury,Uranus,Trine,0.45,High
2026-12-30,Mercury,Neptune,Sextile,1.09,Medium
2026-12-30,Venus,Moon,Bi-Quintile,0.98,High
2026-12-30,Venus,Neptune,Semi-Sextile,1.45,Medium
2026-12-30,Mars,Moon,Square,0.33,High
2026-12-30,Mars,Venus,Semi-Square,1.4,Medium
2026-12-30,Mars,Pluto,Semi-Sextile,1.29,Medium
2026-12-30,Saturn,Venus,Sextile,0.24,High
2026-12-30,Uranus,Sun,Quintile,1.47,Medium
2026-12-30,Uranus,Mercury,Quintile,0.18,High
2026-12-30,Uranus,Pluto,Semi-Square,0.01,High
2026-12-30,Neptune,Sun,Semi-Square,1.27,Medium
2026-12-30,Neptune,Mercury,Semi-Square,0.01,High
2026-12-30,Neptune,Venus,Square,0.52,High
2026-12-30,Neptune,Saturn,Semi-Square,0.76,High
2026-12-30,Pluto,Uranus,Quincunx,0.99,High
2026-12-30,Pluto,Neptune,Square,0.35,High
2026-12-30,North Node (Mean),Mars,Quincunx,1.13,Medium
2026-12-31,Moon,Pluto,Sextile,0.22,High
2026-12-31,Mercury,Mars,Bi-Quintile,1.02,Medium
2026-12-31,Mercury,Uranus,Trine,0.48,High
2026-12-31,Mercury,Neptune,Sextile,1.08,Medium
2026-12-31,Venus,Neptune,Semi-Sextile,1.46,Medium
2026-12-31,Mars,Pluto,Semi-Sextile,1.26,Medium
2026-12-31,Saturn,Venus,Sextile,1.23,Medium
2026-12-31,Uranus,Moon,Quincunx,1.07,Medium
2026-12-31,Uranus,Pluto,Semi-Square,0.02,High
2026-12-31,Neptune,Venus,Square,0.47,High
2026-12-31,Neptune,Saturn,Semi-Square,0.8,High
2026-12-31,Pluto,Moon,Quintile,1.11,Medium
2026-12-31,Pluto,Uranus,Quincunx,0.96,High
2026-12-31,Pluto,Neptune,Square,0.36,High
2026-12-31,North Node (Mean),Sun,Semi-Sextile,1.01,Medium
2026-12-31,North Node (Mean),Mars,Quincunx,1.0,High
2027-01-01,Sun,Moon,Quintile,0.61,High
2027-01-01,Moon,Pluto,Sextile,0.19,High
2027-01-01,Mercury,Mars,Bi-Quintile,1.13,Medium
2027-01-01,Mercury,Uranus,Trine,0.51,High
2027-01-01,Mercury,Neptune,Sextile,1.07,Medium
2027-01-01,Venus,Moon,Trine,0.65,High
2027-01-01,Venus,Neptune,Semi-Sextile,1.47,Medium
2027-01-01,Mars,Pluto,Semi-Sextile,1.23,Medium
2027-01-01,Jupiter,Moon,Square,1.34,Medium
2027-01-01,Uranus,Pluto,Semi-Square,0.05,High
2027-01-01,Neptune,Venus,Square,1.47,Medium
2027-01-01,Neptune,Saturn,Semi-Square,0.83,High
2027-01-01,Pluto,Moon,Sextile,0.45,High
2027-01-01,Pluto,Uranus,Quincunx,0.93,High
2027-01-01,Pluto,Neptune,Square,0.37,High
2027-01-01,North Node (Mean),Sun,Semi-Sextile,0.01,High
2027-01-01,North Node (Mean),Mercury,Semi-Sextile,0.11,High
2027-01-01,North Node (Mean),Mars,Quincunx,0.89,High
2027-01-02,Sun,Moon,Sextile,0.21,High
2027-01-02,Sun,Mercury,Conjunction,1.2,Medium
2027-01-02,Moon,Pluto,Sextile,0.16,High
2027-01-02,Mercury,Mars,Bi-Quintile,1.24,Medium
2027-01-02,Mercury,Uranus,Trine,0.54,High
2027-01-02,Mercury,Neptune,Sextile,1.06,Medium
2027-01-02,Venus,Neptune,Semi-Sextile,1.48,Medium
2027-01-02,Mars,Pluto,Semi-Sextile,1.2,Medium
2027-01-02,Uranus,Pluto,Semi-Square,0.08,High
2027-01-02,Neptune,Saturn,Semi-Square,0.87,High
2027-01-02,Pluto,Uranus,Quincunx,0.9,High
2027-01-02,Pluto,Neptune,Square,0.38,High
2027-01-02,North Node (Mean),Sun,Semi-Sextile,1.03,Medium
2027-01-02,North Node (Mean),Mercury,Semi-Sextile,1.5,Medium
2027-01-02,North Node (Mean),Mars,Quincunx,0.79,High
2027-01-03,Sun,Mercury,Conjunction,0.41,High
2027-01-03,Moon,Pluto,Sextile,0.13,High
2027-01-03,Mercury,Mars,Bi-Quintile,1.33,Medium
2027-01-03,Mercury,Uranus,Trine,0.57,High
2027-01-03,Mercury,Neptune,Sextile,1.05,Medium
2027-01-03,Venus,Mercury,Semi-Square,1.33,Medium
2027-01-03,Venus,Neptune,Semi-Sextile,1.49,Medium
2027-01-03,Mars,Pluto,Semi-Sextile,1.17,Medium
2027-01-03,Uranus,Pluto,Semi-Square,0.11,High
2027-01-03,Neptune,Saturn,Semi-Square,0.91,High
2027-01-03,Pluto,Uranus,Quincunx,0.87,High
2027-01-03,Pluto,Neptune,Square,0.39,High
2027-01-03,North Node (Mean),Mars,Quincunx,0.69,High
2027-01-04,Sun,Venus,Semi-Square,1.48,Medium
2027-01-04,Moon,Pluto,Sextile,0.1,High
2027-01-04,Mercury,Mars,Bi-Quintile,1.41,Medium
2027-01-04,Mercury,Uranus,Trine,0.59,High
2027-01-04,Mercury,Neptune,Sextile,1.03,Medium
2027-01-04,Venus,Sun,Semi-Square,1.37,Medium
2027-01-04,Venus,Mercury,Semi-Square,0.29,High
2027-01-04,Venus,Neptune,Semi-Sextile,1.5,Medium
2027-01-04,Mars,Pluto,Semi-Sextile,1.14,Medium
2027-01-04,Uranus,Pluto,Semi-Square,0.14,High
2027-01-04,Neptune,Saturn,Semi-Square,0.96,High
2027-01-04,Pluto,Uranus,Quincunx,0.84,High
2027-01-04,Pluto,Neptune,Square,0.4,High
2027-01-04,North Node (Mean),Mars,Quincunx,0.61,High
2027-01-05,Sun,Venus,Semi-Square,0.45,High
2027-01-05,Moon,Pluto,Sextile,0.07,High
2027-01-05,Mercury,Mars,Bi-Quintile,1.48,Medium
2027-01-05,Mercury,Uranus,Trine,0.62,High
2027-01-05,Mercury,Neptune,Sextile,1.02,Medium
2027-01-05,Venus,Sun,Semi-Square,0.35,High
2027-01-05,Venus,Moon,Quintile,1.22,Medium
2027-01-05,Mars,Pluto,Semi-Sextile,1.11,Medium
2027-01-05,Jupiter,Venus,Sextile,1.5,Medium
2027-01-05,Uranus,Moon,Square,0.15,High
2027-01-05,Uranus,Pluto,Semi-Square,0.17,High
2027-01-05,Neptune,Saturn,Semi-Square,1.0,High
2027-01-05,Pluto,Uranus,Quincunx,0.82,High
2027-01-05,Pluto,Neptune,Square,0.42,High
2027-01-05,North Node (Mean),Venus,Quintile,0.76,High
2027-01-05,North Node (Mean),Mars,Quincunx,0.55,High
2027-01-06,Sun,Venus,Semi-Square,0.58,High
2027-01-06,Moon,Pluto,Sextile,0.04,High
2027-01-06,Mercury,Moon,Semi-Sextile,1.46,Medium
2027-01-06,Mercury,Uranus,Trine,0.65,High
2027-01-06,Mercury,Neptune,Sextile,1.01,Medium
2027-01-06,Venus,Sun,Semi-Square,0.67,High
2027-01-06,Venus,Moon,Sextile,1.08,Medium
2027-01-06,Mars,Pluto,Semi-Sextile,1.08,Medium
2027-01-06,Jupiter,Venus,Sextile,0.47,High
2027-01-06,Uranus,Mercury,Sextile,0.51,High
2027-01-06,Uranus,Pluto,Semi-Square,0.2,High
2027-01-06,Neptune,Saturn,Semi-Square,1.05,Medium
2027-01-06,Pluto,Moon,Conjunction,0.02,High
2027-01-06,Pluto,Uranus,Quincunx,0.79,High
2027-01-06,Pluto,Neptune,Square,0.43,High
2027-01-06,North Node (Mean),Venus,Quintile,0.28,High
2027-01-06,North Node (Mean),Mars,Quincunx,0.49,High
2027-01-07,Sun,Moon,Conjunction,0.35,High
2027-01-07,Moon,Pluto,Sextile,0.01,High
2027-01-07,Mercury,Uranus,Trine,0.68,High
2027-01-07,Mercury,Neptune,Sextile,0.99,High
2027-01-07,Mars,Pluto,Semi-Sextile,1.05,Medium
2027-01-07,Jupiter,Venus,Sextile,0.57,High
2027-01-07,Saturn,Mercury,Trine,1.31,Medium
2027-01-07,Uranus,Mercury,Sextile,1.13,Medium
2027-01-07,Uranus,Pluto,Semi-Square,0.23,High
2027-01-07,Neptune,Saturn,Semi-Square,1.1,Medium
2027-01-07,Pluto,Venus,Semi-Sextile,1.22,Medium
2027-01-07,Pluto,Uranus,Quincunx,0.76,High
2027-01-07,Pluto,Neptune,Square,0.45,High
2027-01-07,North Node (Mean),Venus,Quintile,1.32,Medium
2027-01-07,North Node (Mean),Mars,Quincunx,0.45,High
2027-01-08,Moon,Mercury,Quintile,0.46,High
2027-01-08,Moon,Pluto,Sextile,0.02,High
2027-01-08,Mercury,Uranus,Trine,0.7,High
2027-01-08,Mercury,Neptune,Sextile,0.98,High
2027-01-08,Mars,Pluto,Semi-Sextile,1.02,Medium
2027-01-08,Saturn,Mercury,Trine,0.34,High
2027-01-08,Uranus,Sun,Sextile,1.35,Medium
2027-01-08,Uranus,Pluto,Semi-Square,0.26,High
2027-01-08,Neptune,Mercury,Semi-Sextile,0.42,High
2027-01-08,Neptune,Saturn,Semi-Square,1.15,Medium
2027-01-08,Pluto,Venus,Semi-Sextile,0.18,High
2027-01-08,Pluto,Uranus,Quincunx,0.74,High
2027-01-08,Pluto,Neptune,Square,0.46,High
2027-01-08,North Node (Mean),Mars,Quincunx,0.41,High
2027-01-09,Moon,Mercury,Quintile,1.19,Medium
2027-01-09,Moon,Pluto,Sextile,0.06,High
2027-01-09,Mercury,Venus,Sextile,0.56,High
2027-01-09,Mercury,Uranus,Trine,0.73,High
2027-01-09,Mercury,Neptune,Sextile,0.96,High
2027-01-09,Mars,Moon,Semi-Sextile,1.22,Medium
2027-01-09,Mars,Pluto,Semi-Sextile,0.99,High
2027-01-09,Saturn,Moon,Sesquiquadrate,0.06,High
2027-01-09,Uranus,Sun,Sextile,0.33,High
2027-01-09,Uranus,Pluto,Semi-Square,0.29,High
2027-01-09,Neptune,Mercury,Semi-Sextile,1.23,Medium
2027-01-09,Neptune,Saturn,Semi-Square,1.2,Medium
2027-01-09,Pluto,Venus,Semi-Sextile,0.88,High
2027-01-09,Pluto,Uranus,Quincunx,0.71,High
2027-01-09,Pluto,Neptune,Square,0.48,High
2027-01-09,North Node (Mean),Mars,Quincunx,0.39,High
2027-01-10,Moon,Venus,Trine,1.26,Medium
2027-01-10,Moon,Pluto,Sextile,0.09,High
2027-01-10,Mercury,Venus,Sextile,0.49,High
2027-01-10,Mercury,Uranus,Trine,0.75,High
2027-01-10,Mercury,Neptune,Sextile,0.95,High
2027-01-10,Mars,Pluto,Semi-Sextile,0.96,High
2027-01-10,Saturn,Venus,Quintile,0.47,High
2027-01-10,Uranus,Sun,Sextile,0.69,High
2027-01-10,Uranus,Moon,Semi-Sextile,0.6,High
2027-01-10,Uranus,Pluto,Semi-Square,0.32,High
2027-01-10,Neptune,Saturn,Semi-Square,1.25,Medium
2027-01-10,Pluto,Uranus,Quincunx,0.69,High
2027-01-10,Pluto,Neptune,Square,0.49,High
2027-01-10,North Node (Mean),Mars,Quincunx,0.39,High
2027-01-11,Moon,Venus,Trine,0.2,High
2027-01-11,Moon,Pluto,Sextile,0.12,High
2027-01-11,Mercury,Uranus,Trine,0.78,High
2027-01-11,Mercury,Neptune,Sextile,0.93,High
2027-01-11,Venus,Moon,Conjunction,0.45,High
2027-01-11,Mars,Venus,Semi-Sextile,1.25,Medium
2027-01-11,Mars,Pluto,Semi-Sextile,0.93,High
2027-01-11,Jupiter,Moon,Semi-Sextile,1.14,Medium
2027-01-11,Saturn,Sun,Trine,0.73,High
2027-01-11,Saturn,Venus,Quintile,0.59,High
2027-01-11,Uranus,Pluto,Semi-Square,0.35,High
2027-01-11,Neptune,Sun,Semi-Sextile,1.49,Medium
2027-01-11,Neptune,Saturn,Semi-Square,1.31,Medium
2027-01-11,Pluto,Moon,Sextile,0.65,High
2027-01-11,Pluto,Uranus,Quincunx,0.66,High
2027-01-11,Pluto,Neptune,Square,0.51,High
2027-01-11,North Node (Mean),Mars,Quincunx,0.39,High
2027-01-12,Sun,Moon,Sextile,0.67,High
2027-01-12,Moon,Sun,Quintile,0.51,High
2027-01-12,Moon,Venus,Trine,0.86,High
2027-01-12,Moon,Pluto,Sextile,0.15,High
2027-01-12,Mercury,Uranus,Trine,0.8,High
2027-01-12,Mercury,Neptune,Sextile,0.91,High
2027-01-12,Mars,Venus,Semi-Sextile,0.18,High
2027-01-12,Mars,Pluto,Semi-Sextile,0.9,High
2027-01-12,Jupiter,Mercury,Conjunction,0.82,High
2027-01-12,Saturn,Sun,Trine,0.29,High
2027-01-12,Uranus,Pluto,Semi-Square,0.38,High
2027-01-12,Neptune,Sun,Semi-Sextile,0.47,High
2027-01-12,Neptune,Saturn,Semi-Square,1.36,Medium
2027-01-12,Pluto,Moon,Quintile,0.51,High
2027-01-12,Pluto,Uranus,Quincunx,0.64,High
2027-01-12,Pluto,Neptune,Square,0.53,High
2027-01-12,North Node (Mean),Mars,Quincunx,0.41,High
2027-01-13,Sun,Moon,Quintile,0.33,High
2027-01-13,Moon,Sun,Quintile,0.51,High
2027-01-13,Moon,Pluto,Sextile,0.18,High
2027-01-13,Mercury,Uranus,Trine,0.82,High
2027-01-13,Mercury,Neptune,Sextile,0.9,High
2027-01-13,Venus,Mercury,Semi-Sextile,0.16,High
2027-01-13,Mars,Venus,Semi-Sextile,0.89,High
2027-01-13,Mars,Pluto,Semi-Sextile,0.87,High
2027-01-13,Jupiter,Mercury,Conjunction,0.85,High
2027-01-13,Saturn,Sun,Trine,1.3,Medium
2027-01-13,Uranus,Pluto,Semi-Square,0.41,High
2027-01-13,Neptune,Sun,Semi-Sextile,0.55,High
2027-01-13,Neptune,Saturn,Semi-Square,1.42,Medium
2027-01-13,Pluto,Mercury,Semi-Sextile,0.94,High
2027-01-13,Pluto,Uranus,Quincunx,0.62,High
2027-01-13,Pluto,Neptune,Square,0.54,High
2027-01-13,North Node (Mean),Moon,Semi-Square,0.63,High
2027-01-13,North Node (Mean),Mars,Quincunx,0.44,High
2027-01-14,Moon,Pluto,Sextile,0.21,High
2027-01-14,Mercury,Uranus,Trine,0.84,High
2027-01-14,Mercury,Neptune,Sextile,0.88,High
2027-01-14,Mars,Pluto,Semi-Sextile,0.84,High
2027-01-14,Uranus,Pluto,Semi-Square,0.45,High
2027-01-14,Neptune,Moon,Semi-Square,0.28,High
2027-01-14,Neptune,Saturn,Semi-Square,1.48,Medium
2027-01-14,Pluto,Mercury,Semi-Sextile,0.74,High
2027-01-14,Pluto,Uranus,Quincunx,0.6,High
2027-01-14,Pluto,Neptune,Square,0.56,High
2027-01-14,North Node (Mean),Mars,Quincunx,0.49,High
2027-01-15,Moon,Mercury,Sextile,0.78,High
2027-01-15,Moon,Pluto,Sextile,0.24,High
2027-01-15,Mercury,Mars,Bi-Quintile,1.48,Medium
2027-01-15,Mercury,Uranus,Trine,0.86,High
2027-01-15,Mercury,Neptune,Sextile,0.86,High
2027-01-15,Mars,Pluto,Semi-Sextile,0.81,High
2027-01-15,Saturn,Moon,Quincunx,1.01,Medium
2027-01-15,Uranus,Moon,Semi-Sextile,1.43,Medium
2027-01-15,Uranus,Mercury,Semi-Square,0.54,High
2027-01-15,Uranus,Pluto,Semi-Square,0.48,High
2027-01-15,Pluto,Uranus,Quincunx,0.58,High
2027-01-15,Pluto,Neptune,Square,0.58,High
2027-01-15,North Node (Mean),Mars,Quincunx,0.55,High
2027-01-16,Moon,Mercury,Sextile,0.91,High
2027-01-16,Moon,Pluto,Sextile,0.27,High
2027-01-16,Mercury,Moon,Square,1.29,Medium
2027-01-16,Mercury,Mars,Bi-Quintile,1.41,Medium
2027-01-16,Mercury,Uranus,Trine,0.88,High
2027-01-16,Mercury,Neptune,Sextile,0.84,High
2027-01-16,Mars,Mercury,Semi-Sextile,0.14,High
2027-01-16,Mars,Pluto,Semi-Sextile,0.77,High
2027-01-16,Saturn,Mercury,Sesquiquadrate,1.3,Medium
2027-01-16,Uranus,Moon,Semi-Square,0.23,High
2027-01-16,Uranus,Mercury,Semi-Square,1.14,Medium
2027-01-16,Uranus,Pluto,Semi-Square,0.51,High
2027-01-16,Neptune,Moon,Quintile,0.43,High
2027-01-16,Neptune,Venus,Quintile,0.79,High
2027-01-16,Pluto,Uranus,Quincunx,0.56,High
2027-01-16,Pluto,Neptune,Square,0.6,High
2027-01-16,North Node (Mean),Venus,Sextile,1.09,Medium
2027-01-16,North Node (Mean),Mars,Quincunx,0.62,High
2027-01-17,Moon,Pluto,Sextile,0.31,High
2027-01-17,Mercury,Mars,Bi-Quintile,1.32,Medium
2027-01-17,Mercury,Uranus,Trine,0.9,High
2027-01-17,Mercury,Neptune,Sextile,0.82,High
2027-01-17,Mars,Pluto,Semi-Sextile,0.74,High
2027-01-17,Saturn,Mercury,Sesquiquadrate,0.39,High
2027-01-17,Uranus,Moon,Sextile,1.46,Medium
2027-01-17,Uranus,Pluto,Semi-Square,0.54,High
2027-01-17,Neptune,Venus,Quintile,0.3,High
2027-01-17,Pluto,Moon,Sesquiquadrate,1.5,Medium
2027-01-17,Pluto,Uranus,Quincunx,0.54,High
2027-01-17,Pluto,Neptune,Square,0.62,High
2027-01-17,North Node (Mean),Venus,Sextile,0.0,High
2027-01-17,North Node (Mean),Mars,Quincunx,0.7,High
2027-01-18,Moon,Pluto,Sextile,0.34,High
2027-01-18,Mercury,Moon,Trine,0.72,High
2027-01-18,Mercury,Mars,Bi-Quintile,1.22,Medium
2027-01-18,Mercury,Uranus,Trine,0.92,High
2027-01-18,Mercury,Neptune,Sextile,0.8,High
2027-01-18,Mars,Pluto,Semi-Sextile,0.71,High
2027-01-18,Jupiter,Sun,Conjunction,1.41,Medium
2027-01-18,Uranus,Moon,Quintile,0.75,High
2027-01-18,Uranus,Pluto,Semi-Square,0.57,High
2027-01-18,Neptune,Venus,Quintile,1.4,Medium
2027-01-18,Pluto,Moon,Quincunx,0.72,High
2027-01-18,Pluto,Uranus,Quincunx,0.52,High
2027-01-18,Pluto,Neptune,Square,0.64,High
2027-01-18,North Node (Mean),Venus,Sextile,1.1,Medium
2027-01-18,North Node (Mean),Mars,Quincunx,0.8,High
2027-01-19,Sun,Venus,Semi-Sextile,0.5,High
2027-01-19,Moon,Pluto,Sextile,0.37,High
2027-01-19,Mercury,Moon,Sesquiquadrate,1.09,Medium
2027-01-19,Mercury,Mars,Bi-Quintile,1.11,Medium
2027-01-19,Mercury,Uranus,Trine,0.94,High
2027-01-19,Mercury,Neptune,Sextile,0.78,High
2027-01-19,Venus,Sun,Semi-Sextile,1.08,Medium
2027-01-19,Mars,Pluto,Semi-Sextile,0.68,High
2027-01-19,Jupiter,Sun,Conjunction,0.39,High
2027-01-19,Uranus,Pluto,Semi-Square,0.6,High
2027-01-19,Pluto,Uranus,Quincunx,0.5,High
2027-01-19,Pluto,Neptune,Square,0.66,High
2027-01-19,North Node (Mean),Mercury,Conjunction,0.29,High
2027-01-19,North Node (Mean),Mars,Quincunx,0.91,High
2027-01-19,North Node (Mean),Saturn,Sextile,1.5,Medium
2027-01-20,Sun,Mercury,Semi-Sextile,1.31,Medium
2027-01-20,Sun,Venus,Semi-Sextile,0.6,High
2027-01-20,Moon,Pluto,Sextile,0.4,High
2027-01-20,Mercury,Moon,Quincunx,1.13,Medium
2027-01-20,Mercury,Mars,Bi-Quintile,0.99,High
2027-01-20,Mercury,Uranus,Trine,0.95,High
2027-01-20,Mercury,Neptune,Sextile,0.76,High
2027-01-20,Venus,Sun,Semi-Sextile,0.06,High
2027-01-20,Venus,Moon,Trine,1.41,Medium
2027-01-20,Mars,Pluto,Semi-Sextile,0.65,High
2027-01-20,Jupiter,Sun,Conjunction,0.63,High
2027-01-20,Jupiter,Venus,Semi-Square,0.45,High
2027-01-20,Uranus,Pluto,Semi-Square,0.64,High
2027-01-20,Pluto,Sun,Semi-Sextile,1.17,Medium
2027-01-20,Pluto,Moon,Opposition,0.31,High
2027-01-20,Pluto,Uranus,Quincunx,0.48,High
2027-01-20,Pluto,Neptune,Square,0.68,High
2027-01-20,North Node (Mean),Mercury,Conjunction,1.39,Medium
2027-01-20,North Node (Mean),Mars,Quincunx,1.03,Medium
2027-01-20,North Node (Mean),Saturn,Sextile,1.43,Medium
2027-01-21,Sun,Mercury,Semi-Sextile,0.37,High
2027-01-21,Moon,Pluto,Sextile,0.43,High
2027-01-21,Mercury,Mars,Bi-Quintile,0.85,High
2027-01-21,Mercury,Uranus,Trine,0.97,High
2027-01-21,Mercury,Neptune,Sextile,0.74,High
2027-01-21,Venus,Sun,Semi-Sextile,0.95,High
2027-01-21,Mars,Pluto,Semi-Sextile,0.62,High
2027-01-21,Jupiter,Venus,Semi-Square,0.66,High
2027-01-21,Uranus,Pluto,Semi-Square,0.67,High
2027-01-21,Neptune,Moon,Bi-Quintile,0.32,High
2027-01-21,Pluto,Sun,Semi-Sextile,0.15,High
2027-01-21,Pluto,Uranus,Quincunx,0.47,High
2027-01-21,Pluto,Neptune,Square,0.7,High
2027-01-21,North Node (Mean),Mars,Quincunx,1.17,Medium
2027-01-21,North Node (Mean),Saturn,Sextile,1.36,Medium
2027-01-22,Moon,Pluto,Sextile,0.46,High
2027-01-22,Mercury,Sun,Conjunction,0.57,High
2027-01-22,Mercury,Moon,Opposition,0.74,High
2027-01-22,Mercury,Venus,Semi-Square,1.47,Medium
2027-01-22,Mercury,Mars,Bi-Quintile,0.7,High
2027-01-22,Mercury,Uranus,Trine,0.99,High
2027-01-22,Mercury,Neptune,Sextile,0.71,High
2027-01-22,Mars,Pluto,Semi-Sextile,0.58,High
2027-01-22,Saturn,Mercury,Bi-Quintile,0.21,High
2027-01-22,Uranus,Pluto,Semi-Square,0.7,High
2027-01-22,Pluto,Sun,Semi-Sextile,0.87,High
2027-01-22,Pluto,Moon,Quincunx,0.7,High
2027-01-22,Pluto,Mercury,Semi-Square,0.8,High
2027-01-22,Pluto,Uranus,Quincunx,0.45,High
2027-01-22,Pluto,Neptune,Square,0.72,High
2027-01-22,North Node (Mean),Mars,Quincunx,1.32,Medium
2027-01-22,North Node (Mean),Saturn,Sextile,1.29,Medium
2027-01-23,Moon,Sun,Sextile,1.31,Medium
2027-01-23,Moon,Pluto,Sextile,0.5,High
2027-01-23,Mercury,Sun,Conjunction,0.45,High
2027-01-23,Mercury,Venus,Semi-Square,0.36,High
2027-01-23,Mercury,Mars,Bi-Quintile,0.54,High
2027-01-23,Mercury,Uranus,Trine,1.0,High
2027-01-23,Mercury,Neptune,Sextile,0.69,High
2027-01-23,Mars,Pluto,Semi-Sextile,0.55,High
2027-01-23,Saturn,Mercury,Bi-Quintile,1.45,Medium
2027-01-23,Uranus,Sun,Semi-Square,1.08,Medium
2027-01-23,Uranus,Pluto,Semi-Square,0.73,High
2027-01-23,Pluto,Moon,Sesquiquadrate,0.8,High
2027-01-23,Pluto,Mercury,Semi-Square,0.85,High
2027-01-23,Pluto,Uranus,Quincunx,0.44,High
2027-01-23,Pluto,Neptune,Square,0.75,High
2027-01-23,North Node (Mean),Mars,Quincunx,1.48,Medium
2027-01-23,North Node (Mean),Saturn,Sextile,1.22,Medium
2027-01-24,Moon,Sun,Sextile,0.29,High
2027-01-24,Moon,Mercury,Semi-Square,0.71,High
2027-01-24,Moon,Pluto,Sextile,0.53,High
2027-01-24,Mercury,Sun,Conjunction,1.47,Medium
2027-01-24,Mercury,Moon,Quincunx,0.81,High
2027-01-24,Mercury,Venus,Semi-Square,0.76,High
2027-01-24,Mercury,Mars,Bi-Quintile,0.36,High
2027-01-24,Mercury,Uranus,Trine,1.01,Medium
2027-01-24,Mercury,Neptune,Sextile,0.67,High
2027-01-24,Mars,Sun,Semi-Sextile,1.34,Medium
2027-01-24,Mars,Pluto,Semi-Sextile,0.52,High
2027-01-24,Uranus,Sun,Semi-Square,0.06,High
2027-01-24,Uranus,Mercury,Semi-Sextile,0.47,High
2027-01-24,Uranus,Venus,Square,0.76,High
2027-01-24,Uranus,Pluto,Semi-Square,0.76,High
2027-01-24,Pluto,Moon,Trine,0.63,High
2027-01-24,Pluto,Uranus,Quincunx,0.43,High
2027-01-24,Pluto,Neptune,Square,0.77,High
2027-01-24,North Node (Mean),Saturn,Sextile,1.14,Medium
2027-01-25,Moon,Sun,Sextile,0.72,High
2027-01-25,Moon,Mercury,Semi-Square,0.91,High
2027-01-25,Moon,Pluto,Sextile,0.56,High
2027-01-25,Mercury,Moon,Sesquiquadrate,1.35,Medium
2027-01-25,Mercury,Mars,Bi-Quintile,0.17,High
2027-01-25,Mercury,Uranus,Trine,1.03,Medium
2027-01-25,Mercury,Neptune,Sextile,0.65,High
2027-01-25,Mars,Sun,Semi-Sextile,0.32,High
2027-01-25,Mars,Mercury,Semi-Square,0.14,High
2027-01-25,Mars,Pluto,Semi-Sextile,0.49,High
2027-01-25,Saturn,Sun,Sesquiquadrate,1.48,Medium
2027-01-25,Saturn,Mercury,Quincunx,1.3,Medium
2027-01-25,Uranus,Sun,Semi-Square,0.96,High
2027-01-25,Uranus,Mercury,Semi-Sextile,1.14,Medium
2027-01-25,Uranus,Venus,Square,0.36,High
2027-01-25,Uranus,Pluto,Semi-Square,0.79,High
2027-01-25,Pluto,Uranus,Quincunx,0.41,High
2027-01-25,Pluto,Neptune,Square,0.79,High
2027-01-25,North Node (Mean),Moon,Bi-Quintile,0.37,High
2027-01-25,North Node (Mean),Saturn,Sextile,1.07,Medium
2027-01-26,Moon,Pluto,Sextile,0.59,High
2027-01-26,Mercury,Mars,Bi-Quintile,0.03,High
2027-01-26,Mercury,Uranus,Trine,1.04,Medium
2027-01-26,Mercury,Neptune,Sextile,0.62,High
2027-01-26,Venus,Moon,Quincunx,0.2,High
2027-01-26,Venus,Uranus,Square,1.5,Medium
2027-01-26,Mars,Sun,Semi-Sextile,0.69,High
2027-01-26,Mars,Mercury,Semi-Square,1.45,Medium
2027-01-26,Mars,Pluto,Semi-Sextile,0.46,High
2027-01-26,Jupiter,Moon,Trine,0.9,High
2027-01-26,Saturn,Sun,Sesquiquadrate,0.47,High
2027-01-26,Saturn,Mercury,Quincunx,0.29,High
2027-01-26,Saturn,Venus,Square,0.96,High
2027-01-26,Uranus,Venus,Square,1.48,Medium
2027-01-26,Uranus,Pluto,Semi-Square,0.83,High
2027-01-26,Neptune,Mercury,Conjunction,0.47,High
2027-01-26,Pluto,Moon,Square,0.9,High
2027-01-26,Pluto,Uranus,Quincunx,0.4,High
2027-01-26,Pluto,Neptune,Square,0.82,High
2027-01-26,North Node (Mean),Saturn,Sextile,0.99,High
2027-01-27,Sun,Moon,Square,0.5,High
2027-01-27,Moon,Pluto,Sextile,0.62,High
2027-01-27,Mercury,Mars,Bi-Quintile,0.25,High
2027-01-27,Mercury,Uranus,Trine,1.05,Medium
2027-01-27,Mercury,Neptune,Sextile,0.6,High
2027-01-27,Venus,Moon,Sesquiquadrate,1.24,Medium
2027-01-27,Venus,Uranus,Square,1.49,Medium
2027-01-27,Mars,Pluto,Semi-Sextile,0.42,High
2027-01-27,Saturn,Sun,Sesquiquadrate,0.55,High
2027-01-27,Saturn,Venus,Square,0.16,High
2027-01-27,Uranus,Pluto,Semi-Square,0.86,High
2027-01-27,Neptune,Mercury,Conjunction,1.08,Medium
2027-01-27,Neptune,Venus,Sextile,0.6,High
2027-01-27,Neptune,Jupiter,Opposition,1.4,Medium
2027-01-27,Pluto,Uranus,Quincunx,0.39,High
2027-01-27,Pluto,Neptune,Square,0.84,High
2027-01-27,North Node (Mean),Saturn,Sextile,0.91,High
2027-01-28,Moon,Pluto,Sextile,0.65,High
2027-01-28,Mercury,Mars,Bi-Quintile,0.48,High
2027-01-28,Mercury,Uranus,Trine,1.06,Medium
2027-01-28,Mercury,Neptune,Sextile,0.57,High
2027-01-28,Venus,Uranus,Square,1.48,Medium
2027-01-28,Mars,Pluto,Semi-Sextile,0.39,High
2027-01-28,Saturn,Venus,Square,1.29,Medium
2027-01-28,Uranus,Pluto,Semi-Square,0.89,High
2027-01-28,Neptune,Venus,Sextile,0.53,High
2027-01-28,Neptune,Jupiter,Opposition,1.28,Medium
2027-01-28,Pluto,Uranus,Quincunx,0.38,High
2027-01-28,Pluto,Neptune,Square,0.87,High
2027-01-28,North Node (Mean),Saturn,Sextile,0.83,High
2027-01-29,Moon,Pluto,Sextile,0.69,High
2027-01-29,Mercury,Mars,Bi-Quintile,0.72,High
2027-01-29,Mercury,Uranus,Trine,1.07,Medium
2027-01-29,Mercury,Neptune,Sextile,0.55,High
2027-01-29,Venus,Uranus,Square,1.47,Medium
2027-01-29,Mars,Pluto,Semi-Sextile,0.36,High
2027-01-29,Jupiter,Saturn,Quintile,1.5,Medium
2027-01-29,Uranus,Pluto,Semi-Square,0.92,High
2027-01-29,Neptune,Jupiter,Opposition,1.15,Medium
2027-01-29,Pluto,Uranus,Quincunx,0.37,High
2027-01-29,Pluto,Neptune,Square,0.89,High
2027-01-29,North Node (Mean),Sun,Conjunction,1.48,Medium
2027-01-29,North Node (Mean),Moon,Square,0.96,High
2027-01-29,North Node (Mean),Saturn,Sextile,0.75,High
2027-01-30,Sun,Mercury,Semi-Square,0.55,High
2027-01-30,Moon,Pluto,Sextile,0.72,High
2027-01-30,Mercury,Moon,Quintile,1.47,Medium
2027-01-30,Mercury,Mars,Bi-Quintile,0.97,High
2027-01-30,Mercury,Uranus,Trine,1.08,Medium
2027-01-30,Mercury,Neptune,Sextile,0.52,High
2027-01-30,Venus,Uranus,Square,1.46,Medium
2027-01-30,Mars,Pluto,Semi-Sextile,0.33,High
2027-01-30,Jupiter,Saturn,Quintile,1.41,Medium
2027-01-30,Saturn,Moon,Sextile,0.51,High
2027-01-30,Saturn,Pluto,Sesquiquadrate,1.49,Medium
2027-01-30,Uranus,Pluto,Semi-Square,0.95,High
2027-01-30,Neptune,Moon,Square,0.25,High
2027-01-30,Neptune,Jupiter,Opposition,1.03,Medium
2027-01-30,Pluto,Uranus,Quincunx,0.36,High
2027-01-30,Pluto,Neptune,Square,0.92,High
2027-01-30,North Node (Mean),Sun,Conjunction,0.46,High
2027-01-30,North Node (Mean),Venus,Semi-Square,0.5,High
2027-01-30,North Node (Mean),Saturn,Sextile,0.67,High
2027-01-31,Sun,Mercury,Semi-Square,0.78,High
2027-01-31,Moon,Pluto,Sextile,0.75,High
2027-01-31,Mercury,Mars,Bi-Quintile,1.24,Medium
2027-01-31,Mercury,Uranus,Trine,1.08,Medium
2027-01-31,Mercury,Neptune,Sextile,0.49,High
2027-01-31,Venus,Mercury,Conjunction,0.96,High
2027-01-31,Venus,Uranus,Square,1.46,Medium
2027-01-31,Mars,Moon,Semi-Sextile,1.18,Medium
2027-01-31,Mars,Pluto,Semi-Sextile,0.3,High
2027-01-31,Jupiter,Mercury,Semi-Sextile,0.27,High
2027-01-31,Jupiter,Saturn,Quintile,1.33,Medium
2027-01-31,Saturn,Moon,Quintile,0.66,High
2027-01-31,Saturn,Pluto,Sesquiquadrate,1.46,Medium
2027-01-31,Uranus,Pluto,Semi-Square,0.98,High
2027-01-31,Neptune,Jupiter,Opposition,0.9,High
2027-01-31,Pluto,Uranus,Quincunx,0.35,High
2027-01-31,Pluto,Neptune,Square,0.94,High
2027-01-31,North Node (Mean),Sun,Conjunction,0.56,High
2027-01-31,North Node (Mean),Venus,Semi-Square,0.64,High
2027-01-31,North Node (Mean),Saturn,Sextile,0.59,High
2027-02-01,Moon,Pluto,Sextile,0.78,High
2027-02-01,Mercury,Moon,Semi-Square,1.4,Medium
2027-02-01,Mercury,Uranus,Trine,1.09,Medium
2027-02-01,Mercury,Neptune,Sextile,0.47,High
2027-02-01,Venus,Mercury,Conjunction,0.28,High
2027-02-01,Venus,Uranus,Square,1.45,Medium
2027-02-01,Mars,Pluto,Semi-Sextile,0.27,High
2027-02-01,Jupiter,Mercury,Semi-Sextile,0.98,High
2027-02-01,Jupiter,Saturn,Quintile,1.25,Medium
2027-02-01,Saturn,Pluto,Sesquiquadrate,1.42,Medium
2027-02-01,Uranus,Pluto,Semi-Square,1.02,Medium
2027-02-01,Neptune,Jupiter,Opposition,0.77,High
2027-02-01,Pluto,Mercury,Sextile,0.82,High
2027-02-01,Pluto,Uranus,Quincunx,0.35,High
2027-02-01,Pluto,Neptune,Square,0.97,High
2027-02-01,North Node (Mean),Saturn,Sextile,0.5,High
2027-02-02,Moon,Pluto,Sextile,0.81,High
2027-02-02,Mercury,Uranus,Trine,1.1,Medium
2027-02-02,Mercury,Neptune,Sextile,0.44,High
2027-02-02,Venus,Mercury,Conjunction,1.43,Medium
2027-02-02,Venus,Uranus,Square,1.44,Medium
2027-02-02,Mars,Pluto,Semi-Sextile,0.23,High
2027-02-02,Jupiter,Moon,Semi-Sextile,1.31,Medium
2027-02-02,Jupiter,Venus,Semi-Sextile,0.83,High
2027-02-02,Jupiter,Mars,Bi-Quintile,1.43,Medium
2027-02-02,Jupiter,Saturn,Quintile,1.16,Medium
2027-02-02,Saturn,Jupiter,Semi-Sextile,1.4,Medium
2027-02-02,Saturn,Pluto,Sesquiquadrate,1.39,Medium
2027-02-02,Uranus,Pluto,Semi-Square,1.05,Medium
2027-02-02,Neptune,Jupiter,Opposition,0.64,High
2027-02-02,Pluto,Mercury,Sextile,0.33,High
2027-02-02,Pluto,Uranus,Quincunx,0.34,High
2027-02-02,Pluto,Neptune,Square,1.0,High
2027-02-02,North Node (Mean),Saturn,Sextile,0.42,High
2027-02-03,Moon,Pluto,Sextile,0.84,High
2027-02-03,Mercury,Uranus,Trine,1.1,Medium
2027-02-03,Mercury,Neptune,Sextile,0.41,High
2027-02-03,Venus,Uranus,Square,1.44,Medium
2027-02-03,Mars,Pluto,Semi-Sextile,0.2,High
2027-02-03,Jupiter,Venus,Semi-Sextile,0.32,High
2027-02-03,Jupiter,Mars,Bi-Quintile,1.13,Medium
2027-02-03,Jupiter,Saturn,Quintile,1.07,Medium
2027-02-03,Saturn,Sun,Bi-Quintile,1.34,Medium
2027-02-03,Saturn,Jupiter,Semi-Sextile,1.27,Medium
2027-02-03,Saturn,Pluto,Sesquiquadrate,1.36,Medium
2027-02-03,Uranus,Pluto,Semi-Square,1.08,Medium
2027-02-03,Neptune,Jupiter,Opposition,0.51,High
2027-02-03,Pluto,Mercury,Sextile,1.37,Medium
2027-02-03,Pluto,Venus,Conjunction,1.48,Medium
2027-02-03,Pluto,Uranus,Quincunx,0.34,High
2027-02-03,Pluto,Neptune,Square,1.02,Medium
2027-02-03,North Node (Mean),Moon,Semi-Sextile,0.76,High
2027-02-03,North Node (Mean),Saturn,Sextile,0.33,High
2027-02-04,Moon,Mercury,Semi-Sextile,0.91,High
2027-02-04,Moon,Pluto,Sextile,0.88,High
2027-02-04,Mercury,Uranus,Trine,1.1,Medium
2027-02-04,Mercury,Neptune,Sextile,0.39,High
2027-02-04,Venus,Uranus,Square,1.43,Medium
2027-02-04,Mars,Pluto,Semi-Sextile,0.17,High
2027-02-04,Jupiter,Venus,Semi-Sextile,1.47,Medium
2027-02-04,Jupiter,Mars,Bi-Quintile,0.82,High
2027-02-04,Jupiter,Saturn,Quintile,0.98,High
2027-02-04,Saturn,Sun,Bi-Quintile,0.33,High
2027-02-04,Saturn,Moon,Trine,0.11,High
2027-02-04,Saturn,Jupiter,Semi-Sextile,1.14,Medium
2027-02-04,Saturn,Pluto,Sesquiquadrate,1.33,Medium
2027-02-04,Uranus,Pluto,Semi-Square,1.11,Medium
2027-02-04,Neptune,Moon,Semi-Sextile,0.65,High
2027-02-04,Neptune,Jupiter,Opposition,0.38,High
2027-02-04,Pluto,Sun,Semi-Square,0.92,High
2027-02-04,Pluto,Venus,Conjunction,0.33,High
2027-02-04,Pluto,Uranus,Quincunx,0.33,High
2027-02-04,Pluto,Neptune,Square,1.05,Medium
2027-02-04,North Node (Mean),Saturn,Sextile,0.24,High
2027-02-05,Moon,Mercury,Semi-Sextile,0.13,High
2027-02-05,Moon,Mars,Quincunx,1.5,Medium
2027-02-05,Moon,Pluto,Sextile,0.91,High
2027-02-05,Mercury,Moon,Conjunction,0.93,High
2027-02-05,Mercury,Venus,Semi-Sextile,0.62,High
2027-02-05,Mercury,Uranus,Trine,1.11,Medium
2027-02-05,Mercury,Neptune,Sextile,0.36,High
2027-02-05,Venus,Uranus,Square,1.43,Medium
2027-02-05,Mars,Mercury,Sextile,1.18,Medium
2027-02-05,Mars,Pluto,Semi-Sextile,0.14,High
2027-02-05,Jupiter,Mars,Bi-Quintile,0.5,High
2027-02-05,Jupiter,Saturn,Quintile,0.89,High
2027-02-05,Saturn,Sun,Bi-Quintile,0.69,High
2027-02-05,Saturn,Jupiter,Semi-Sextile,1.01,Medium
2027-02-05,Saturn,Pluto,Sesquiquadrate,1.3,Medium
2027-02-05,Uranus,Moon,Semi-Square,0.6,High
2027-02-05,Uranus,Pluto,Semi-Square,1.14,Medium
2027-02-05,Neptune,Jupiter,Opposition,0.25,High
2027-02-05,Pluto,Sun,Semi-Square,0.09,High
2027-02-05,Pluto,Venus,Conjunction,0.82,High
2027-02-05,Pluto,Uranus,Quincunx,0.33,High
2027-02-05,Pluto,Neptune,Square,1.08,Medium
2027-02-05,North Node (Mean),Saturn,Sextile,0.15,High
2027-02-06,Moon,Mercury,Semi-Sextile,0.51,High
2027-02-06,Moon,Venus,Square,1.23,Medium
2027-02-06,Moon,Mars,Quincunx,1.17,Medium
2027-02-06,Moon,Pluto,Sextile,0.94,High
2027-02-06,Mercury,Venus,Semi-Sextile,0.53,High
2027-02-06,Mercury,Uranus,Trine,1.11,Medium
2027-02-06,Mercury,Neptune,Sextile,0.33,High
2027-02-06,Venus,Uranus,Square,1.43,Medium
2027-02-06,Mars,Mercury,Sextile,0.54,High
2027-02-06,Mars,Pluto,Semi-Sextile,0.11,High
2027-02-06,Jupiter,Mars,Bi-Quintile,0.17,High
2027-02-06,Jupiter,Saturn,Quintile,0.8,High
2027-02-06,Saturn,Moon,Bi-Quintile,0.1,High
2027-02-06,Saturn,Jupiter,Semi-Sextile,0.88,High
2027-02-06,Saturn,Pluto,Sesquiquadrate,1.27,Medium
2027-02-06,Uranus,Pluto,Semi-Square,1.17,Medium
2027-02-06,Neptune,Jupiter,Opposition,0.12,High
2027-02-06,Pluto,Sun,Semi-Square,1.1,Medium
2027-02-06,Pluto,Moon,Semi-Square,0.7,High
2027-02-06,Pluto,Uranus,Quincunx,0.33,High
2027-02-06,Pluto,Neptune,Square,1.11,Medium
2027-02-06,North Node (Mean),Saturn,Sextile,0.06,High
2027-02-07,Sun,Moon,Semi-Square,0.8,High
2027-02-07,Moon,Sun,Semi-Square,1.08,Medium
2027-02-07,Moon,Mercury,Semi-Sextile,0.98,High
2027-02-07,Moon,Venus,Square,0.07,High
2027-02-07,Moon,Mars,Quincunx,0.83,High
2027-02-07,Moon,Pluto,Sextile,0.97,High
2027-02-07,Mercury,Uranus,Trine,1.11,Medium
2027-02-07,Mercury,Neptune,Sextile,0.3,High
2027-02-07,Venus,Uranus,Square,1.43,Medium
2027-02-07,Mars,Mercury,Sextile,0.06,High
2027-02-07,Mars,Venus,Conjunction,1.12,Medium
2027-02-07,Mars,Pluto,Semi-Sextile,0.08,High
2027-02-07,Jupiter,Mars,Bi-Quintile,0.17,High
2027-02-07,Jupiter,Saturn,Quintile,0.71,High
2027-02-07,Saturn,Jupiter,Semi-Sextile,0.75,High
2027-02-07,Saturn,Pluto,Sesquiquadrate,1.24,Medium
2027-02-07,Uranus,Sun,Semi-Sextile,0.84,High
2027-02-07,Uranus,Pluto,Semi-Square,1.21,Medium
2027-02-07,Neptune,Jupiter,Opposition,0.01,High
2027-02-07,Pluto,Uranus,Quincunx,0.33,High
2027-02-07,Pluto,Neptune,Square,1.14,Medium
2027-02-07,North Node (Mean),Saturn,Sextile,0.03,High
2027-02-08,Moon,Sun,Semi-Square,0.07,High
2027-02-08,Moon,Mercury,Semi-Sextile,1.29,Medium
2027-02-08,Moon,Venus,Square,1.08,Medium
2027-02-08,Moon,Mars,Quincunx,0.49,High
2027-02-08,Moon,Pluto,Sextile,1.0,High
2027-02-08,Mercury,Uranus,Trine,1.11,Medium
2027-02-08,Mercury,Neptune,Sextile,0.27,High
2027-02-08,Venus,Uranus,Square,1.43,Medium
2027-02-08,Mars,Sun,Semi-Square,1.11,Medium
2027-02-08,Mars,Mercury,Sextile,0.24,High
2027-02-08,Mars,Venus,Conjunction,0.04,High
2027-02-08,Mars,Pluto,Semi-Sextile,0.05,High
2027-02-08,Jupiter,Mars,Bi-Quintile,0.52,High
2027-02-08,Jupiter,Saturn,Quintile,0.62,High
2027-02-08,Saturn,Jupiter,Semi-Sextile,0.62,High
2027-02-08,Saturn,Pluto,Sesquiquadrate,1.2,Medium
2027-02-08,Uranus,Sun,Semi-Sextile,0.17,High
2027-02-08,Uranus,Pluto,Semi-Square,1.24,Medium
2027-02-08,Neptune,Jupiter,Opposition,0.14,High
2027-02-08,Pluto,Uranus,Quincunx,0.33,High
2027-02-08,Pluto,Neptune,Square,1.17,Medium
2027-02-08,North Node (Mean),Moon,Semi-Sextile,0.91,High
2027-02-08,North Node (Mean),Saturn,Sextile,0.13,High
2027-02-09,Moon,Sun,Semi-Square,0.95,High
2027-02-09,Moon,Mercury,Semi-Sextile,1.42,Medium
2027-02-09,Moon,Mars,Quincunx,0.13,High
2027-02-09,Moon,Pluto,Sextile,1.03,Medium
2027-02-09,Mercury,Uranus,Trine,1.11,Medium
2027-02-09,Mercury,Neptune,Sextile,0.24,High
2027-02-09,Venus,Uranus,Square,1.43,Medium
2027-02-09,Mars,Sun,Semi-Square,0.1,High
2027-02-09,Mars,Mercury,Sextile,0.38,High
2027-02-09,Mars,Venus,Conjunction,1.19,Medium
2027-02-09,Mars,Pluto,Semi-Sextile,0.02,High
2027-02-09,Jupiter,Mars,Bi-Quintile,0.88,High
2027-02-09,Jupiter,Saturn,Quintile,0.52,High
2027-02-09,Saturn,Sun,Quincunx,1.26,Medium
2027-02-09,Saturn,Moon,Opposition,0.51,High
2027-02-09,Saturn,Jupiter,Semi-Sextile,0.48,High
2027-02-09,Saturn,Pluto,Sesquiquadrate,1.17,Medium
2027-02-09,Uranus,Sun,Semi-Sextile,1.18,Medium
2027-02-09,Uranus,Venus,Quintile,0.52,High
2027-02-09,Uranus,Pluto,Semi-Square,1.27,Medium
2027-02-09,Neptune,Moon,Semi-Sextile,0.25,High
2027-02-09,Neptune,Venus,Semi-Square,0.72,High
2027-02-09,Neptune,Jupiter,Opposition,0.28,High
2027-02-09,Pluto,Uranus,Quincunx,0.33,High
2027-02-09,Pluto,Neptune,Square,1.2,Medium
2027-02-09,North Node (Mean),Saturn,Sextile,0.22,High
2027-02-10,Moon,Mercury,Semi-Sextile,1.37,Medium
2027-02-10,Moon,Mars,Quincunx,0.23,High
2027-02-10,Moon,Pluto,Sextile,1.06,Medium
2027-02-10,Mercury,Uranus,Trine,1.11,Medium
2027-02-10,Mercury,Neptune,Sextile,0.21,High
2027-02-10,Venus,Uranus,Square,1.43,Medium
2027-02-10,Mars,Sun,Semi-Square,0.91,High
2027-02-10,Mars,Moon,Square,0.76,High
2027-02-10,Mars,Mercury,Sextile,0.33,High
2027-02-10,Mars,Pluto,Semi-Sextile,0.02,High
2027-02-10,Jupiter,Mars,Bi-Quintile,1.24,Medium
2027-02-10,Jupiter,Saturn,Quintile,0.43,High
2027-02-10,Saturn,Sun,Quincunx,0.25,High
2027-02-10,Saturn,Jupiter,Semi-Sextile,0.35,High
2027-02-10,Saturn,Pluto,Sesquiquadrate,1.14,Medium
2027-02-10,Uranus,Venus,Quintile,0.63,High
2027-02-10,Uranus,Pluto,Semi-Square,1.3,Medium
2027-02-10,Neptune,Sun,Conjunction,1.0,High
2027-02-10,Neptune,Venus,Semi-Square,0.44,High
2027-02-10,Neptune,Jupiter,Opposition,0.41,High
2027-02-10,Pluto,Uranus,Quincunx,0.33,High
2027-02-10,Pluto,Neptune,Square,1.23,Medium
2027-02-10,North Node (Mean),Saturn,Sextile,0.32,High
2027-02-11,Moon,Mercury,Semi-Sextile,1.15,Medium
2027-02-11,Moon,Mars,Quincunx,0.6,High
2027-02-11,Moon,Pluto,Sextile,1.09,Medium
2027-02-11,Mercury,Mars,Quincunx,1.15,Medium
2027-02-11,Mercury,Uranus,Trine,1.11,Medium
2027-02-11,Mercury,Neptune,Sextile,0.18,High
2027-02-11,Venus,Uranus,Square,1.43,Medium
2027-02-11,Mars,Mercury,Sextile,0.1,High
2027-02-11,Mars,Jupiter,Sesquiquadrate,1.38,Medium
2027-02-11,Mars,Pluto,Semi-Sextile,0.05,High
2027-02-11,Jupiter,Saturn,Quintile,0.33,High
2027-02-11,Saturn,Sun,Quincunx,0.77,High
2027-02-11,Saturn,Jupiter,Semi-Sextile,0.22,High
2027-02-11,Saturn,Pluto,Sesquiquadrate,1.11,Medium
2027-02-11,Uranus,Pluto,Semi-Square,1.33,Medium
2027-02-11,Neptune,Sun,Conjunction,0.01,High
2027-02-11,Neptune,Jupiter,Opposition,0.54,High
2027-02-11,Pluto,Uranus,Quincunx,0.33,High
2027-02-11,Pluto,Neptune,Square,1.26,Medium
2027-02-11,North Node (Mean),Saturn,Sextile,0.41,High
2027-02-12,Moon,Mercury,Semi-Sextile,0.74,High
2027-02-12,Moon,Mars,Quincunx,0.98,High
2027-02-12,Moon,Pluto,Sextile,1.12,Medium
2027-02-12,Mercury,Mars,Quincunx,0.78,High
2027-02-12,Mercury,Uranus,Trine,1.1,Medium
2027-02-12,Mercury,Neptune,Sextile,0.15,High
2027-02-12,Venus,Moon,Sextile,0.44,High
2027-02-12,Venus,Uranus,Square,1.43,Medium
2027-02-12,Mars,Mercury,Sextile,0.31,High
2027-02-12,Mars,Jupiter,Sesquiquadrate,1.24,Medium
2027-02-12,Mars,Pluto,Semi-Sextile,0.08,High
2027-02-12,Jupiter,Moon,Square,1.13,Medium
2027-02-12,Jupiter,Saturn,Quintile,0.23,High
2027-02-12,Saturn,Jupiter,Semi-Sextile,0.08,High
2027-02-12,Saturn,Pluto,Sesquiquadrate,1.08,Medium
2027-02-12,Uranus,Pluto,Semi-Square,1.36,Medium
2027-02-12,Neptune,Sun,Conjunction,1.02,Medium
2027-02-12,Neptune,Jupiter,Opposition,0.67,High
2027-02-12,Pluto,Moon,Trine,0.66,High
2027-02-12,Pluto,Uranus,Quincunx,0.33,High
2027-02-12,Pluto,Neptune,Square,1.29,Medium
2027-02-12,North Node (Mean),Venus,Semi-Sextile,0.54,High
2027-02-12,North Node (Mean),Saturn,Sextile,0.51,High
2027-02-13,Sun,Moon,Trine,0.53,High
2027-02-13,Moon,Mercury,Semi-Sextile,0.17,High
2027-02-13,Moon,Mars,Quincunx,1.36,Medium
2027-02-13,Moon,Pluto,Sextile,1.15,Medium
2027-02-13,Mercury,Mars,Quincunx,0.4,High
2027-02-13,Mercury,Uranus,Trine,1.1,Medium
2027-02-13,Mercury,Neptune,Sextile,0.12,High
2027-02-13,Venus,Uranus,Square,1.44,Medium
2027-02-13,Mars,Mercury,Sextile,0.88,High
2027-02-13,Mars,Jupiter,Sesquiquadrate,1.11,Medium
2027-02-13,Mars,Pluto,Semi-Sextile,0.11,High
2027-02-13,Jupiter,Saturn,Quintile,0.13,High
2027-02-13,Saturn,Jupiter,Semi-Sextile,0.05,High
2027-02-13,Saturn,Pluto,Sesquiquadrate,1.05,Medium
2027-02-13,Uranus,Pluto,Semi-Square,1.39,Medium
2027-02-13,Neptune,Jupiter,Opposition,0.81,High
2027-02-13,Pluto,Uranus,Quincunx,0.34,High
2027-02-13,Pluto,Neptune,Square,1.32,Medium
2027-02-13,North Node (Mean),Venus,Semi-Sextile,0.62,High
2027-02-13,North Node (Mean),Saturn,Sextile,0.61,High
2027-02-14,Sun,Moon,Sesquiquadrate,0.81,High
2027-02-14,Sun,Venus,Conjunction,0.91,High
2027-02-14,Moon,Mercury,Semi-Sextile,0.55,High
2027-02-14,Moon,Pluto,Sextile,1.19,Medium
2027-02-14,Mercury,Mars,Quincunx,0.01,High
2027-02-14,Mercury,Uranus,Trine,1.1,Medium
2027-02-14,Mercury,Neptune,Sextile,0.09,High
2027-02-14,Venus,Uranus,Square,1.44,Medium
2027-02-14,Mars,Jupiter,Sesquiquadrate,0.98,High
2027-02-14,Mars,Pluto,Semi-Sextile,0.14,High
2027-02-14,Jupiter,Saturn,Quintile,0.03,High
2027-02-14,Saturn,Jupiter,Semi-Sextile,0.18,High
2027-02-14,Saturn,Pluto,Sesquiquadrate,1.02,Medium
2027-02-14,Uranus,Pluto,Semi-Square,1.42,Medium
2027-02-14,Neptune,Jupiter,Opposition,0.94,High
2027-02-14,Pluto,Mars,Trine,1.45,Medium
2027-02-14,Pluto,Uranus,Quincunx,0.34,High
2027-02-14,Pluto,Neptune,Square,1.35,Medium
2027-02-14,North Node (Mean),Saturn,Sextile,0.71,High
2027-02-15,Sun,Venus,Conjunction,0.26,High
2027-02-15,Moon,Mercury,Semi-Sextile,1.41,Medium
2027-02-15,Moon,Pluto,Sextile,1.22,Medium
2027-02-15,Mercury,Mars,Quincunx,0.38,High
2027-02-15,Mercury,Uranus,Trine,1.09,Medium
2027-02-15,Mercury,Neptune,Sextile,0.06,High
2027-02-15,Venus,Uranus,Square,1.45,Medium
2027-02-15,Mars,Jupiter,Sesquiquadrate,0.85,High
2027-02-15,Mars,Pluto,Semi-Sextile,0.17,High
2027-02-15,Jupiter,Saturn,Quintile,0.07,High
2027-02-15,Saturn,Jupiter,Semi-Sextile,0.31,High
2027-02-15,Saturn,Pluto,Sesquiquadrate,0.99,High
2027-02-15,Uranus,Pluto,Semi-Square,1.45,Medium
2027-02-15,Neptune,Jupiter,Opposition,1.07,Medium
2027-02-15,Pluto,Mars,Trine,1.06,Medium
2027-02-15,Pluto,Uranus,Quincunx,0.35,High
2027-02-15,Pluto,Neptune,Square,1.38,Medium
2027-02-15,North Node (Mean),Moon,Trine,0.88,High
2027-02-15,North Node (Mean),Saturn,Sextile,0.81,High
2027-02-16,Sun,Venus,Conjunction,1.43,Medium
2027-02-16,Moon,Pluto,Sextile,1.25,Medium
2027-02-16,Mercury,Moon,Bi-Quintile,0.8,High
2027-02-16,Mercury,Mars,Quincunx,0.77,High
2027-02-16,Mercury,Uranus,Trine,1.08,Medium
2027-02-16,Mercury,Neptune,Sextile,0.02,High
2027-02-16,Venus,Uranus,Square,1.46,Medium
2027-02-16,Mars,Jupiter,Sesquiquadrate,0.72,High
2027-02-16,Mars,Pluto,Semi-Sextile,0.2,High
2027-02-16,Jupiter,Saturn,Quintile,0.17,High
2027-02-16,Saturn,Jupiter,Semi-Sextile,0.44,High
2027-02-16,Saturn,Pluto,Sesquiquadrate,0.96,High
2027-02-16,Uranus,Pluto,Semi-Square,1.48,Medium
2027-02-16,Neptune,Jupiter,Opposition,1.2,Medium
2027-02-16,Pluto,Mercury,Sextile,0.82,High
2027-02-16,Pluto,Mars,Trine,0.67,High
2027-02-16,Pluto,Uranus,Quincunx,0.36,High
2027-02-16,Pluto,Neptune,Square,1.42,Medium
2027-02-16,North Node (Mean),Moon,Sesquiquadrate,0.18,High
2027-02-16,North Node (Mean),Saturn,Sextile,0.91,High
2027-02-17,Moon,Pluto,Sextile,1.28,Medium
2027-02-17,Mercury,Mars,Quincunx,1.17,Medium
2027-02-17,Mercury,Uranus,Trine,1.08,Medium
2027-02-17,Mercury,Neptune,Sextile,0.01,High
2027-02-17,Venus,Mercury,Conjunction,0.86,High
2027-02-17,Venus,Mars,Opposition,1.37,Medium
2027-02-17,Venus,Uranus,Square,1.46,Medium
2027-02-17,Mars,Jupiter,Sesquiquadrate,0.58,High
2027-02-17,Mars,Pluto,Semi-Sextile,0.23,High
2027-02-17,Jupiter,Sun,Semi-Sextile,0.97,High
2027-02-17,Jupiter,Saturn,Quintile,0.27,High
2027-02-17,Saturn,Moon,Quintile,0.81,High
2027-02-17,Saturn,Jupiter,Semi-Sextile,0.57,High
2027-02-17,Saturn,Pluto,Sesquiquadrate,0.93,High
2027-02-17,Neptune,Jupiter,Opposition,1.33,Medium
2027-02-17,Pluto,Mercury,Sextile,0.24,High
2027-02-17,Pluto,Mars,Trine,0.27,High
2027-02-17,Pluto,Uranus,Quincunx,0.36,High
2027-02-17,Pluto,Neptune,Square,1.45,Medium
2027-02-17,North Node (Mean),Moon,Quincunx,0.25,High
2027-02-17,North Node (Mean),Saturn,Sextile,1.01,Medium
2027-02-18,Sun,Mercury,Semi-Square,1.5,Medium
2027-02-18,Moon,Jupiter,Sesquiquadrate,1.5,Medium
2027-02-18,Moon,Pluto,Sextile,1.31,Medium
2027-02-18,Mercury,Uranus,Trine,1.07,Medium
2027-02-18,Mercury,Neptune,Sextile,0.04,High
2027-02-18,Venus,Sun,Conjunction,0.66,High
2027-02-18,Venus,Moon,Bi-Quintile,1.09,Medium
2027-02-18,Venus,Mercury,Conjunction,0.24,High
2027-02-18,Venus,Mars,Opposition,0.97,High
2027-02-18,Venus,Uranus,Square,1.47,Medium
2027-02-18,Mars,Jupiter,Sesquiquadrate,0.45,High
2027-02-18,Mars,Pluto,Semi-Sextile,0.26,High
2027-02-18,Jupiter,Sun,Semi-Sextile,0.04,High
2027-02-18,Jupiter,Mercury,Semi-Sextile,0.45,High
2027-02-18,Jupiter,Saturn,Quintile,0.37,High
2027-02-18,Saturn,Jupiter,Semi-Sextile,0.7,High
2027-02-18,Saturn,Pluto,Sesquiquadrate,0.9,High
2027-02-18,Neptune,Jupiter,Opposition,1.46,Medium
2027-02-18,Pluto,Mercury,Sextile,1.34,Medium
2027-02-18,Pluto,Mars,Trine,0.13,High
2027-02-18,Pluto,Uranus,Quincunx,0.37,High
2027-02-18,Pluto,Neptune,Square,1.48,Medium
2027-02-18,North Node (Mean),Saturn,Sextile,1.12,Medium
2027-02-19,Sun,Mercury,Semi-Square,0.37,High
2027-02-19,Sun,Jupiter,Bi-Quintile,1.41,Medium
2027-02-19,Sun,Saturn,Square,1.47,Medium
2027-02-19,Moon,Jupiter,Sesquiquadrate,1.37,Medium
2027-02-19,Moon,Pluto,Sextile,1.33,Medium
2027-02-19,Mercury,Uranus,Trine,1.06,Medium
2027-02-19,Mercury,Neptune,Sextile,0.08,High
2027-02-19,Venus,Sun,Conjunction,0.35,High
2027-02-19,Venus,Mercury,Conjunction,1.38,Medium
2027-02-19,Venus,Mars,Opposition,0.58,High
2027-02-19,Venus,Uranus,Square,1.48,Medium
2027-02-19,Mars,Moon,Bi-Quintile,1.38,Medium
2027-02-19,Mars,Jupiter,Sesquiquadrate,0.32,High
2027-02-19,Mars,Pluto,Semi-Sextile,0.29,High
2027-02-19,Jupiter,Sun,Semi-Sextile,1.05,Medium
2027-02-19,Jupiter,Mercury,Semi-Sextile,0.68,High
2027-02-19,Jupiter,Mars,Quincunx,1.27,Medium
2027-02-19,Jupiter,Saturn,Quintile,0.48,High
2027-02-19,Saturn,Jupiter,Semi-Sextile,0.83,High
2027-02-19,Saturn,Pluto,Sesquiquadrate,0.87,High
2027-02-19,Uranus,Venus,Sextile,0.86,High
2027-02-19,Pluto,Sun,Sextile,0.75,High
2027-02-19,Pluto,Mars,Trine,0.52,High
2027-02-19,Pluto,Uranus,Quincunx,0.38,High
2027-02-19,North Node (Mean),Moon,Opposition,0.59,High
2027-02-19,North Node (Mean),Saturn,Sextile,1.22,Medium
2027-02-20,Sun,Mercury,Semi-Square,0.76,High
2027-02-20,Sun,Jupiter,Bi-Quintile,1.28,Medium
2027-02-20,Sun,Saturn,Square,1.37,Medium
2027-02-20,Moon,Jupiter,Sesquiquadrate,1.24,Medium
2027-02-20,Moon,Pluto,Sextile,1.36,Medium
2027-02-20,Mercury,Sun,Semi-Sextile,1.18,Medium
2027-02-20,Mercury,Uranus,Trine,1.05,Medium
2027-02-20,Mercury,Neptune,Sextile,0.11,High
2027-02-20,Venus,Sun,Conjunction,1.36,Medium
2027-02-20,Venus,Mars,Opposition,0.18,High
2027-02-20,Venus,Uranus,Square,1.49,Medium
2027-02-20,Mars,Jupiter,Sesquiquadrate,0.2,High
2027-02-20,Mars,Pluto,Semi-Sextile,0.32,High
2027-02-20,Jupiter,Mars,Quincunx,0.87,High
2027-02-20,Jupiter,Saturn,Quintile,0.58,High
2027-02-20,Saturn,Jupiter,Semi-Sextile,0.96,High
2027-02-20,Saturn,Pluto,Sesquiquadrate,0.84,High
2027-02-20,Uranus,Venus,Sextile,0.32,High
2027-02-20,Uranus,Jupiter,Quincunx,1.48,Medium
2027-02-20,Pluto,Sun,Sextile,0.26,High
2027-02-20,Pluto,Mars,Trine,0.92,High
2027-02-20,Pluto,Uranus,Quincunx,0.39,High
2027-02-20,North Node (Mean),Saturn,Sextile,1.33,Medium
2027-02-21,Sun,Jupiter,Bi-Quintile,1.16,Medium
2027-02-21,Sun,Saturn,Square,1.26,Medium
2027-02-21,Moon,Mars,Bi-Quintile,1.48,Medium
2027-02-21,Moon,Jupiter,Sesquiquadrate,1.12,Medium
2027-02-21,Moon,Pluto,Sextile,1.39,Medium
2027-02-21,Mercury,Sun,Semi-Sextile,0.17,High
2027-02-21,Mercury,Moon,Bi-Quintile,1.0,High
2027-02-21,Mercury,Uranus,Trine,1.04,Medium
2027-02-21,Mercury,Neptune,Sextile,0.14,High
2027-02-21,Venus,Mars,Opposition,0.22,High
2027-02-21,Venus,Uranus,Square,1.5,Medium
2027-02-21,Mars,Jupiter,Sesquiquadrate,0.07,High
2027-02-21,Mars,Pluto,Semi-Sextile,0.35,High
2027-02-21,Jupiter,Mars,Quincunx,0.48,High
2027-02-21,Jupiter,Saturn,Quintile,0.69,High
2027-02-21,Saturn,Venus,Trine,0.95,High
2027-02-21,Saturn,Jupiter,Semi-Sextile,1.09,Medium
2027-02-21,Saturn,Pluto,Sesquiquadrate,0.81,High
2027-02-21,Uranus,Venus,Sextile,1.49,Medium
2027-02-21,Uranus,Jupiter,Quincunx,1.35,Medium
2027-02-21,Pluto,Sun,Sextile,1.27,Medium
2027-02-21,Pluto,Mars,Trine,1.32,Medium
2027-02-21,Pluto,Uranus,Quincunx,0.4,High
2027-02-21,North Node (Mean),Moon,Quincunx,1.02,Medium
2027-02-21,North Node (Mean),Saturn,Sextile,1.43,Medium
2027-02-22,Sun,Mars,Sesquiquadrate,1.13,Medium
2027-02-22,Sun,Jupiter,Bi-Quintile,1.03,Medium
2027-02-22,Sun,Saturn,Square,1.16,Medium
2027-02-22,Moon,Sun,Semi-Sextile,0.92,High
2027-02-22,Moon,Venus,Quintile,0.56,High
2027-02-22,Moon,Mars,Bi-Quintile,1.09,Medium
2027-02-22,Moon,Jupiter,Sesquiquadrate,0.99,High
2027-02-22,Moon,Pluto,Sextile,1.42,Medium
2027-02-22,Mercury,Sun,Semi-Sextile,0.83,High
2027-02-22,Mercury,Uranus,Trine,1.02,Medium
2027-02-22,Mercury,Neptune,Sextile,0.18,High
2027-02-22,Venus,Mars,Opposition,0.61,High
2027-02-22,Mars,Jupiter,Sesquiquadrate,0.06,High
2027-02-22,Mars,Pluto,Semi-Sextile,0.37,High
2027-02-22,Jupiter,Mars,Quincunx,0.08,High
2027-02-22,Jupiter,Saturn,Quintile,0.8,High
2027-02-22,Saturn,Venus,Trine,0.23,High
2027-02-22,Saturn,Jupiter,Semi-Sextile,1.22,Medium
2027-02-22,Saturn,Pluto,Sesquiquadrate,0.78,High
2027-02-22,Uranus,Jupiter,Quincunx,1.22,Medium
2027-02-22,Neptune,Venus,Semi-Sextile,0.53,High
2027-02-22,Pluto,Uranus,Quincunx,0.41,High
2027-02-23,Sun,Mars,Sesquiquadrate,0.73,High
2027-02-23,Sun,Jupiter,Bi-Quintile,0.9,High
2027-02-23,Sun,Saturn,Square,1.05,Medium
2027-02-23,Moon,Sun,Semi-Sextile,0.08,High
2027-02-23,Moon,Venus,Quintile,0.62,High
2027-02-23,Moon,Mars,Bi-Quintile,0.69,High
2027-02-23,Moon,Jupiter,Sesquiquadrate,0.86,High
2027-02-23,Moon,Pluto,Sextile,1.45,Medium
2027-02-23,Mercury,Uranus,Trine,1.01,Medium
2027-02-23,Mercury,Neptune,Sextile,0.21,High
2027-02-23,Venus,Mars,Opposition,1.01,Medium
2027-02-23,Mars,Sun,Sextile,0.96,High
2027-02-23,Mars,Jupiter,Sesquiquadrate,0.18,High
2027-02-23,Mars,Pluto,Semi-Sextile,0.4,High
2027-02-23,Jupiter,Mars,Quincunx,0.31,High
2027-02-23,Jupiter,Saturn,Quintile,0.91,High
2027-02-23,Saturn,Venus,Trine,1.41,Medium
2027-02-23,Saturn,Jupiter,Semi-Sextile,1.34,Medium
2027-02-23,Saturn,Pluto,Sesquiquadrate,0.75,High
2027-02-23,Uranus,Jupiter,Quincunx,1.1,Medium
2027-02-23,Neptune,Moon,Sesquiquadrate,0.81,High
2027-02-23,Neptune,Venus,Semi-Sextile,0.65,High
2027-02-23,Pluto,Uranus,Quincunx,0.43,High
2027-02-24,Sun,Mars,Sesquiquadrate,0.34,High
2027-02-24,Sun,Jupiter,Bi-Quintile,0.78,High
2027-02-24,Sun,Saturn,Square,0.94,High
2027-02-24,Moon,Sun,Semi-Sextile,1.09,Medium
2027-02-24,Moon,Mars,Bi-Quintile,0.3,High
2027-02-24,Moon,Jupiter,Sesquiquadrate,0.74,High
2027-02-24,Moon,Pluto,Sextile,1.48,Medium
2027-02-24,Mercury,Uranus,Trine,1.0,High
2027-02-24,Mercury,Neptune,Sextile,0.24,High
2027-02-24,Venus,Mars,Opposition,1.4,Medium
2027-02-24,Mars,Sun,Sextile,0.04,High
2027-02-24,Mars,Jupiter,Sesquiquadrate,0.31,High
2027-02-24,Mars,Pluto,Semi-Sextile,0.43,High
2027-02-24,Jupiter,Mars,Quincunx,0.71,High
2027-02-24,Jupiter,Saturn,Quintile,1.01,Medium
2027-02-24,Saturn,Moon,Semi-Sextile,0.24,High
2027-02-24,Saturn,Jupiter,Semi-Sextile,1.47,Medium
2027-02-24,Saturn,Pluto,Sesquiquadrate,0.73,High
2027-02-24,Uranus,Jupiter,Quincunx,0.97,High
2027-02-24,Neptune,Moon,Trine,0.52,High
2027-02-24,Neptune,Mercury,Conjunction,1.27,Medium
2027-02-24,Pluto,Uranus,Quincunx,0.44,High
2027-02-25,Sun,Mars,Sesquiquadrate,0.05,High
2027-02-25,Sun,Jupiter,Bi-Quintile,0.66,High
2027-02-25,Sun,Saturn,Square,0.83,High
2027-02-25,Moon,Mars,Bi-Quintile,0.09,High
2027-02-25,Moon,Jupiter,Sesquiquadrate,0.62,High
2027-02-25,Moon,Neptune,Conjunction,1.48,Medium
2027-02-25,Mercury,Uranus,Trine,0.98,High
2027-02-25,Mercury,Neptune,Sextile,0.28,High
2027-02-25,Mars,Sun,Sextile,1.05,Medium
2027-02-25,Mars,Moon,Sextile,0.35,High
2027-02-25,Mars,Jupiter,Sesquiquadrate,0.43,High
2027-02-25,Mars,Pluto,Semi-Sextile,0.46,High
2027-02-25,Jupiter,Mars,Quincunx,1.09,Medium
2027-02-25,Jupiter,Saturn,Quintile,1.12,Medium
2027-02-25,Saturn,Mercury,Quincunx,1.27,Medium
2027-02-25,Saturn,Pluto,Sesquiquadrate,0.7,High
2027-02-25,Uranus,Moon,Sesquiquadrate,0.93,High
2027-02-25,Uranus,Jupiter,Quincunx,0.85,High
2027-02-25,Neptune,Mercury,Conjunction,0.51,High
2027-02-25,Pluto,Uranus,Quincunx,0.45,High
2027-02-26,Sun,Mars,Sesquiquadrate,0.43,High
2027-02-26,Sun,Jupiter,Bi-Quintile,0.53,High
2027-02-26,Sun,Saturn,Square,0.72,High
2027-02-26,Moon,Mars,Bi-Quintile,0.47,High
2027-02-26,Moon,Jupiter,Sesquiquadrate,0.49,High
2027-02-26,Moon,Neptune,Conjunction,1.45,Medium
2027-02-26,Mercury,Uranus,Trine,0.97,High
2027-02-26,Mercury,Neptune,Sextile,0.31,High
2027-02-26,Mars,Jupiter,Sesquiquadrate,0.55,High
2027-02-26,Mars,Pluto,Semi-Sextile,0.49,High
2027-02-26,Jupiter,Moon,Quintile,0.53,High
2027-02-26,Jupiter,Mars,Quincunx,1.48,Medium
2027-02-26,Jupiter,Saturn,Quintile,1.23,Medium
2027-02-26,Saturn,Mercury,Quincunx,0.62,High
2027-02-26,Saturn,Pluto,Sesquiquadrate,0.67,High
2027-02-26,Uranus,Moon,Trine,1.23,Medium
2027-02-26,Uranus,Jupiter,Quincunx,0.73,High
2027-02-26,Neptune,Mercury,Conjunction,0.14,High
2027-02-26,Pluto,Uranus,Quincunx,0.47,High
2027-02-27,Sun,Mars,Sesquiquadrate,0.81,High
2027-02-27,Sun,Jupiter,Bi-Quintile,0.41,High
2027-02-27,Sun,Saturn,Square,0.61,High
2027-02-27,Moon,Mars,Bi-Quintile,0.85,High
2027-02-27,Moon,Jupiter,Sesquiquadrate,0.37,High
2027-02-27,Moon,Neptune,Conjunction,1.41,Medium
2027-02-27,Mercury,Uranus,Trine,0.95,High
2027-02-27,Mercury,Neptune,Sextile,0.35,High
2027-02-27,Venus,Moon,Square,0.32,High
2027-02-27,Mars,Mercury,Semi-Square,1.25,Medium
2027-02-27,Mars,Jupiter,Sesquiquadrate,0.67,High
2027-02-27,Mars,Pluto,Semi-Sextile,0.52,High
2027-02-27,Jupiter,Moon,Sextile,1.02,Medium
2027-02-27,Jupiter,Saturn,Quintile,1.35,Medium
2027-02-27,Saturn,Mercury,Quincunx,0.09,High
2027-02-27,Saturn,Pluto,Sesquiquadrate,0.64,High
2027-02-27,Uranus,Jupiter,Quincunx,0.61,High
2027-02-27,Neptune,Mercury,Conjunction,0.67,High
2027-02-27,Pluto,Moon,Semi-Sextile,0.78,High
2027-02-27,Pluto,Uranus,Quincunx,0.49,High
2027-02-28,Sun,Moon,Semi-Sextile,0.74,High
2027-02-28,Sun,Mars,Sesquiquadrate,1.18,Medium
2027-02-28,Sun,Jupiter,Bi-Quintile,0.29,High
2027-02-28,Sun,Saturn,Square,0.5,High
2027-02-28,Moon,Mars,Bi-Quintile,1.22,Medium
2027-02-28,Moon,Jupiter,Sesquiquadrate,0.26,High
2027-02-28,Moon,Neptune,Conjunction,1.38,Medium
2027-02-28,Mercury,Uranus,Trine,0.94,High
2027-02-28,Mercury,Neptune,Sextile,0.38,High
2027-02-28,Mars,Mercury,Semi-Square,0.84,High
2027-02-28,Mars,Jupiter,Sesquiquadrate,0.79,High
2027-02-28,Mars,Pluto,Semi-Sextile,0.54,High
2027-02-28,Jupiter,Venus,Conjunction,0.48,High
2027-02-28,Jupiter,Saturn,Quintile,1.46,Medium
2027-02-28,Saturn,Mercury,Quincunx,0.32,High
2027-02-28,Saturn,Pluto,Sesquiquadrate,0.61,High
2027-02-28,Uranus,Jupiter,Quincunx,0.49,High
2027-02-28,Neptune,Mercury,Conjunction,1.08,Medium
2027-02-28,Pluto,Uranus,Quincunx,0.5,High
2027-02-28,North Node (Mean),Sun,Semi-Sextile,1.15,Medium
2027-03-01,Sun,Jupiter,Bi-Quintile,0.18,High
2027-03-01,Sun,Saturn,Square,0.38,High
2027-03-01,Moon,Jupiter,Sesquiquadrate,0.14,High
2027-03-01,Moon,Neptune,Conjunction,1.34,Medium
2027-03-01,Mercury,Uranus,Trine,0.92,High
2027-03-01,Mercury,Neptune,Sextile,0.42,High
2027-03-01,Mars,Mercury,Semi-Square,0.55,High
2027-03-01,Mars,Jupiter,Sesquiquadrate,0.91,High
2027-03-01,Mars,Pluto,Semi-Sextile,0.57,High
2027-03-01,Jupiter,Venus,Conjunction,0.71,High
2027-03-01,Saturn,Mercury,Quincunx,0.61,High
2027-03-01,Saturn,Pluto,Sesquiquadrate,0.59,High
2027-03-01,Uranus,Jupiter,Quincunx,0.37,High
2027-03-01,Neptune,Mercury,Conjunction,1.37,Medium
2027-03-01,Pluto,Venus,Semi-Sextile,1.09,Medium
2027-03-01,Pluto,Uranus,Quincunx,0.52,High
2027-03-01,North Node (Mean),Sun,Semi-Sextile,0.15,High
2027-03-01,North Node (Mean),Moon,Semi-Square,1.06,Medium
2027-03-02,Sun,Jupiter,Bi-Quintile,0.06,High
2027-03-02,Sun,Saturn,Square,0.27,High
2027-03-02,Moon,Mercury,Semi-Square,1.43,Medium
2027-03-02,Moon,Jupiter,Sesquiquadrate,0.02,High
2027-03-02,Moon,Neptune,Conjunction,1.3,Medium
2027-03-02,Mercury,Venus,Conjunction,1.34,Medium
2027-03-02,Mercury,Uranus,Trine,0.9,High
2027-03-02,Mercury,Neptune,Sextile,0.45,High
2027-03-02,Mars,Moon,Conjunction,1.01,Medium
2027-03-02,Mars,Mercury,Semi-Square,0.38,High
2027-03-02,Mars,Jupiter,Sesquiquadrate,1.03,Medium
2027-03-02,Mars,Pluto,Semi-Sextile,0.6,High
2027-03-02,Saturn,Mercury,Quincunx,0.78,High
2027-03-02,Saturn,Pluto,Sesquiquadrate,0.56,High
2027-03-02,Uranus,Moon,Quintile,0.71,High
2027-03-02,Uranus,Jupiter,Quincunx,0.26,High
2027-03-02,Neptune,Moon,Semi-Square,0.91,High
2027-03-02,Pluto,Venus,Semi-Sextile,0.1,High
2027-03-02,Pluto,Uranus,Quincunx,0.54,High
2027-03-02,North Node (Mean),Sun,Semi-Sextile,0.85,High
2027-03-03,Sun,Jupiter,Bi-Quintile,0.05,High
2027-03-03,Sun,Saturn,Square,0.16,High
2027-03-03,Moon,Mercury,Semi-Square,1.37,Medium
2027-03-03,Moon,Jupiter,Sesquiquadrate,0.09,High
2027-03-03,Moon,Neptune,Conjunction,1.27,Medium
2027-03-03,Mercury,Venus,Conjunction,0.15,High
2027-03-03,Mercury,Saturn,Quintile,1.44,Medium
2027-03-03,Mercury,Uranus,Trine,0.88,High
2027-03-03,Mercury,Neptune,Sextile,0.49,High
2027-03-03,Mars,Mercury,Semi-Square,0.32,High
2027-03-03,Mars,Jupiter,Sesquiquadrate,1.14,Medium
2027-03-03,Mars,Pluto,Semi-Sextile,0.62,High
2027-03-03,Saturn,Mercury,Quincunx,0.84,High
2027-03-03,Saturn,Pluto,Sesquiquadrate,0.53,High
2027-03-03,Uranus,Moon,Sextile,0.91,High
2027-03-03,Uranus,Jupiter,Quincunx,0.14,High
2027-03-03,Pluto,Sun,Quintile,0.68,High
2027-03-03,Pluto,Venus,Semi-Sextile,1.29,Medium
2027-03-03,Pluto,Uranus,Quincunx,0.56,High
2027-03-04,Sun,Jupiter,Bi-Quintile,0.16,High
2027-03-04,Sun,Saturn,Square,0.04,High
2027-03-04,Moon,Mercury,Semi-Square,1.42,Medium
2027-03-04,Moon,Venus,Sextile,0.72,High
2027-03-04,Moon,Jupiter,Sesquiquadrate,0.2,High
2027-03-04,Moon,Neptune,Conjunction,1.23,Medium
2027-03-04,Mercury,Venus,Conjunction,1.04,Medium
2027-03-04,Mercury,Saturn,Quintile,1.32,Medium
2027-03-04,Mercury,Uranus,Trine,0.86,High
2027-03-04,Mercury,Neptune,Sextile,0.53,High
2027-03-04,Venus,Moon,Semi-Sextile,0.02,High
2027-03-04,Mars,Mercury,Semi-Square,0.37,High
2027-03-04,Mars,Jupiter,Sesquiquadrate,1.25,Medium
2027-03-04,Mars,Pluto,Semi-Sextile,0.65,High
2027-03-04,Jupiter,Sun,Semi-Square,0.88,High
2027-03-04,Jupiter,Moon,Conjunction,0.67,High
2027-03-04,Saturn,Mercury,Quincunx,0.78,High
2027-03-04,Saturn,Pluto,Sesquiquadrate,0.51,High
2027-03-04,Uranus,Venus,Semi-Square,0.48,High
2027-03-04,Uranus,Jupiter,Quincunx,0.03,High
2027-03-04,Pluto,Sun,Quintile,0.32,High
2027-03-04,Pluto,Moon,Semi-Sextile,1.12,Medium
2027-03-04,Pluto,Uranus,Quincunx,0.58,High
2027-03-05,Sun,Moon,Semi-Sextile,1.37,Medium
2027-03-05,Sun,Jupiter,Bi-Quintile,0.27,High
2027-03-05,Sun,Saturn,Square,0.08,High
2027-03-05,Moon,Venus,Sextile,0.47,High
2027-03-05,Moon,Jupiter,Sesquiquadrate,0.31,High
2027-03-05,Moon,Neptune,Conjunction,1.2,Medium
2027-03-05,Mercury,Saturn,Quintile,1.2,Medium
2027-03-05,Mercury,Uranus,Trine,0.84,High
2027-03-05,Mercury,Neptune,Sextile,0.56,High
2027-03-05,Mars,Mercury,Semi-Square,0.53,High
2027-03-05,Mars,Venus,Semi-Sextile,0.57,High
2027-03-05,Mars,Jupiter,Sesquiquadrate,1.36,Medium
2027-03-05,Mars,Pluto,Semi-Sextile,0.68,High
2027-03-05,Jupiter,Sun,Semi-Square,0.12,High
2027-03-05,Saturn,Mercury,Quincunx,0.63,High
2027-03-05,Saturn,Pluto,Sesquiquadrate,0.48,High
2027-03-05,Uranus,Venus,Semi-Square,0.71,High
2027-03-05,Uranus,Jupiter,Quincunx,0.08,High
2027-03-05,Neptune,Mercury,Conjunction,1.39,Medium
2027-03-05,Pluto,Sun,Quintile,1.32,Medium
2027-03-05,Pluto,Uranus,Quincunx,0.6,High
2027-03-05,North Node (Mean),Moon,Conjunction,1.33,Medium
2027-03-06,Sun,Jupiter,Bi-Quintile,0.38,High
2027-03-06,Sun,Saturn,Square,0.19,High
2027-03-06,Moon,Jupiter,Sesquiquadrate,0.42,High
2027-03-06,Moon,Neptune,Conjunction,1.16,Medium
2027-03-06,Mercury,Saturn,Quintile,1.09,Medium
2027-03-06,Mercury,Uranus,Trine,0.81,High
2027-03-06,Mercury,Neptune,Sextile,0.6,High
2027-03-06,Mars,Mercury,Semi-Square,0.78,High
2027-03-06,Mars,Venus,Semi-Sextile,0.62,High
2027-03-06,Mars,Jupiter,Sesquiquadrate,1.47,Medium
2027-03-06,Mars,Pluto,Semi-Sextile,0.7,High
2027-03-06,Jupiter,Sun,Semi-Square,1.12,Medium
2027-03-06,Saturn,Mercury,Quincunx,0.38,High
2027-03-06,Saturn,Venus,Sesquiquadrate,0.54,High
2027-03-06,Saturn,Pluto,Sesquiquadrate,0.45,High
2027-03-06,Uranus,Jupiter,Quincunx,0.19,High
2027-03-06,Neptune,Mercury,Conjunction,1.14,Medium
2027-03-06,Pluto,Uranus,Quincunx,0.62,High
2027-03-07,Sun,Jupiter,Bi-Quintile,0.49,High
2027-03-07,Sun,Saturn,Square,0.31,High
2027-03-07,Moon,Jupiter,Sesquiquadrate,0.53,High
2027-03-07,Moon,Neptune,Conjunction,1.12,Medium
2027-03-07,Mercury,Sun,Semi-Square,1.11,Medium
2027-03-07,Mercury,Saturn,Quintile,0.97,High
2027-03-07,Mercury,Uranus,Trine,0.79,High
2027-03-07,Mercury,Neptune,Sextile,0.64,High
2027-03-07,Venus,Saturn,Semi-Square,1.43,Medium
2027-03-07,Mars,Sun,Quintile,0.92,High
2027-03-07,Mars,Moon,Sextile,0.84,High
2027-03-07,Mars,Mercury,Semi-Square,1.12,Medium
2027-03-07,Mars,Pluto,Semi-Sextile,0.73,High
2027-03-07,Saturn,Mercury,Quincunx,0.04,High
2027-03-07,Saturn,Venus,Sesquiquadrate,0.65,High
2027-03-07,Saturn,Pluto,Sesquiquadrate,0.43,High
2027-03-07,Uranus,Jupiter,Quincunx,0.29,High
2027-03-07,Neptune,Mercury,Conjunction,0.79,High
2027-03-07,Pluto,Uranus,Quincunx,0.65,High
2027-03-08,Sun,Jupiter,Bi-Quintile,0.59,High
2027-03-08,Sun,Saturn,Square,0.43,High
2027-03-08,Moon,Jupiter,Sesquiquadrate,0.63,High
2027-03-08,Moon,Neptune,Conjunction,1.09,Medium
2027-03-08,Mercury,Sun,Semi-Square,0.11,High
2027-03-08,Mercury,Moon,Semi-Square,1.1,Medium
2027-03-08,Mercury,Saturn,Quintile,0.85,High
2027-03-08,Mercury,Uranus,Trine,0.77,High
2027-03-08,Mercury,Neptune,Sextile,0.67,High
2027-03-08,Venus,Saturn,Semi-Square,1.32,Medium
2027-03-08,Mars,Sun,Quintile,0.08,High
2027-03-08,Mars,Moon,Quintile,1.29,Medium
2027-03-08,Mars,Pluto,Semi-Sextile,0.75,High
2027-03-08,Saturn,Mercury,Quincunx,0.39,High
2027-03-08,Saturn,Pluto,Sesquiquadrate,0.4,High
2027-03-08,Uranus,Moon,Conjunction,0.43,High
2027-03-08,Uranus,Jupiter,Quincunx,0.4,High
2027-03-08,Neptune,Mercury,Conjunction,0.36,High
2027-03-08,Pluto,Uranus,Quincunx,0.67,High
2027-03-09,Sun,Jupiter,Bi-Quintile,0.69,High
2027-03-09,Sun,Saturn,Square,0.54,High
2027-03-09,Moon,Jupiter,Sesquiquadrate,0.73,High
2027-03-09,Moon,Neptune,Conjunction,1.05,Medium
2027-03-09,Mercury,Sun,Semi-Square,0.89,High
2027-03-09,Mercury,Moon,Sextile,1.22,Medium
2027-03-09,Mercury,Saturn,Quintile,0.74,High
2027-03-09,Mercury,Uranus,Trine,0.74,High
2027-03-09,Mercury,Neptune,Sextile,0.71,High
2027-03-09,Venus,Moon,Semi-Sextile,1.32,Medium
2027-03-09,Venus,Saturn,Semi-Square,1.2,Medium
2027-03-09,Mars,Sun,Quintile,1.08,Medium
2027-03-09,Mars,Pluto,Semi-Sextile,0.78,High
2027-03-09,Saturn,Mercury,Quincunx,0.9,High
2027-03-09,Saturn,Pluto,Sesquiquadrate,0.38,High
2027-03-09,Uranus,Sun,Conjunction,0.63,High
2027-03-09,Uranus,Jupiter,Quincunx,0.5,High
2027-03-09,Neptune,Mercury,Conjunction,0.14,High
2027-03-09,Pluto,Moon,Square,0.22,High
2027-03-09,Pluto,Uranus,Quincunx,0.69,High
2027-03-09,North Node (Mean),Venus,Conjunction,1.02,Medium
2027-03-10,Sun,Moon,Square,0.98,High
2027-03-10,Sun,Jupiter,Bi-Quintile,0.79,High
2027-03-10,Sun,Saturn,Square,0.66,High
2027-03-10,Moon,Jupiter,Sesquiquadrate,0.83,High
2027-03-10,Moon,Neptune,Conjunction,1.01,Medium
2027-03-10,Mercury,Moon,Quintile,0.3,High
2027-03-10,Mercury,Saturn,Quintile,0.62,High
2027-03-10,Mercury,Uranus,Trine,0.72,High
2027-03-10,Mercury,Neptune,Sextile,0.75,High
2027-03-10,Venus,Moon,Semi-Square,0.76,High
2027-03-10,Venus,Saturn,Semi-Square,1.08,Medium
2027-03-10,Mars,Pluto,Semi-Sextile,0.8,High
2027-03-10,Saturn,Mercury,Quincunx,1.49,Medium
2027-03-10,Saturn,Pluto,Sesquiquadrate,0.35,High
2027-03-10,Uranus,Sun,Conjunction,0.37,High
2027-03-10,Uranus,Jupiter,Quincunx,0.6,High
2027-03-10,Neptune,Mercury,Conjunction,0.73,High
2027-03-10,Pluto,Uranus,Quincunx,0.72,High
2027-03-10,North Node (Mean),Venus,Conjunction,0.17,High
2027-03-11,Sun,Venus,Semi-Sextile,1.33,Medium
2027-03-11,Sun,Jupiter,Bi-Quintile,0.89,High
2027-03-11,Sun,Saturn,Square,0.78,High
2027-03-11,Moon,Jupiter,Sesquiquadrate,0.93,High
2027-03-11,Moon,Neptune,Conjunction,0.98,High
2027-03-11,Mercury,Saturn,Quintile,0.5,High
2027-03-11,Mercury,Uranus,Trine,0.69,High
2027-03-11,Mercury,Neptune,Sextile,0.78,High
2027-03-11,Venus,Saturn,Semi-Square,0.96,High
2027-03-11,Mars,Pluto,Semi-Sextile,0.83,High
2027-03-11,Saturn,Sun,Opposition,1.07,Medium
2027-03-11,Saturn,Moon,Bi-Quintile,0.12,High
2027-03-11,Saturn,Pluto,Sesquiquadrate,0.33,High
2027-03-11,Uranus,Sun,Conjunction,1.37,Medium
2027-03-11,Uranus,Jupiter,Quincunx,0.69,High
2027-03-11,Neptune,Mercury,Conjunction,1.38,Medium
2027-03-11,Neptune,Mars,Opposition,1.24,Medium
2027-03-11,Pluto,Uranus,Quincunx,0.75,High
2027-03-11,North Node (Mean),Venus,Conjunction,1.37,Medium
2027-03-12,Sun,Venus,Semi-Sextile,0.13,High
2027-03-12,Sun,Jupiter,Bi-Quintile,0.99,High
2027-03-12,Sun,Saturn,Square,0.9,High
2027-03-12,Moon,Jupiter,Sesquiquadrate,1.02,Medium
2027-03-12,Moon,Neptune,Conjunction,0.94,High
2027-03-12,Mercury,Saturn,Quintile,0.38,High
2027-03-12,Mercury,Uranus,Trine,0.67,High
2027-03-12,Mercury,Neptune,Sextile,0.82,High
2027-03-12,Venus,Moon,Quintile,1.25,Medium
2027-03-12,Venus,Saturn,Semi-Square,0.84,High
2027-03-12,Mars,Pluto,Semi-Sextile,0.85,High
2027-03-12,Saturn,Sun,Opposition,0.08,High
2027-03-12,Saturn,Pluto,Sesquiquadrate,0.3,High
2027-03-12,Uranus,Jupiter,Quincunx,0.79,High
2027-03-12,Neptune,Sun,Semi-Sextile,0.83,High
2027-03-12,Neptune,Mars,Opposition,0.98,High
2027-03-12,Pluto,Uranus,Quincunx,0.77,High
2027-03-12,North Node (Mean),Moon,Square,0.18,High
2027-03-13,Sun,Venus,Semi-Sextile,1.06,Medium
2027-03-13,Sun,Jupiter,Bi-Quintile,1.08,Medium
2027-03-13,Sun,Saturn,Square,1.02,Medium
2027-03-13,Moon,Jupiter,Sesquiquadrate,1.12,Medium
2027-03-13,Moon,Neptune,Conjunction,0.9,High
2027-03-13,Mercury,Saturn,Quintile,0.26,High
2027-03-13,Mercury,Uranus,Trine,0.64,High
2027-03-13,Mercury,Neptune,Sextile,0.86,High
2027-03-13,Venus,Saturn,Semi-Square,0.72,High
2027-03-13,Mars,Pluto,Semi-Sextile,0.88,High
2027-03-13,Saturn,Sun,Opposition,0.92,High
2027-03-13,Saturn,Venus,Bi-Quintile,1.18,Medium
2027-03-13,Saturn,Mars,Semi-Sextile,1.49,Medium
2027-03-13,Saturn,Pluto,Sesquiquadrate,0.28,High
2027-03-13,Uranus,Jupiter,Quincunx,0.88,High
2027-03-13,Neptune,Sun,Semi-Sextile,0.16,High
2027-03-13,Neptune,Mars,Opposition,0.73,High
2027-03-13,Pluto,Moon,Bi-Quintile,0.79,High
2027-03-13,Pluto,Uranus,Quincunx,0.8,High
2027-03-14,Sun,Moon,Bi-Quintile,0.82,High
2027-03-14,Sun,Jupiter,Bi-Quintile,1.17,Medium
2027-03-14,Sun,Saturn,Square,1.14,Medium
2027-03-14,Moon,Jupiter,Sesquiquadrate,1.21,Medium
2027-03-14,Moon,Neptune,Conjunction,0.86,High
2027-03-14,Mercury,Saturn,Quintile,0.14,High
2027-03-14,Mercury,Uranus,Trine,0.61,High
2027-03-14,Mercury,Neptune,Sextile,0.89,High
2027-03-14,Venus,Saturn,Semi-Square,0.6,High
2027-03-14,Mars,Pluto,Semi-Sextile,0.9,High
2027-03-14,Saturn,Venus,Bi-Quintile,0.02,High
2027-03-14,Saturn,Mars,Semi-Sextile,1.25,Medium
2027-03-14,Saturn,Pluto,Sesquiquadrate,0.26,High
2027-03-14,Uranus,Jupiter,Quincunx,0.97,High
2027-03-14,Neptune,Sun,Semi-Sextile,1.16,Medium
2027-03-14,Neptune,Mars,Opposition,0.49,High
2027-03-14,Pluto,Venus,Semi-Square,0.58,High
2027-03-14,Pluto,Uranus,Quincunx,0.83,High
2027-03-15,Sun,Mercury,Semi-Square,1.39,Medium
2027-03-15,Sun,Jupiter,Bi-Quintile,1.25,Medium
2027-03-15,Sun,Saturn,Square,1.26,Medium
2027-03-15,Moon,Jupiter,Sesquiquadrate,1.29,Medium
2027-03-15,Moon,Neptune,Conjunction,0.83,High
2027-03-15,Mercury,Saturn,Quintile,0.02,High
2027-03-15,Mercury,Uranus,Trine,0.58,High
2027-03-15,Mercury,Neptune,Sextile,0.93,High
2027-03-15,Venus,Saturn,Semi-Square,0.48,High
2027-03-15,Mars,Pluto,Semi-Sextile,0.92,High
2027-03-15,Jupiter,Moon,Bi-Quintile,1.29,Medium
2027-03-15,Saturn,Moon,Square,0.52,High
2027-03-15,Saturn,Venus,Bi-Quintile,1.21,Medium
2027-03-15,Saturn,Mars,Semi-Sextile,1.03,Medium
2027-03-15,Saturn,Pluto,Sesquiquadrate,0.23,High
2027-03-15,Uranus,Jupiter,Quincunx,1.06,Medium
2027-03-15,Neptune,Moon,Trine,0.24,High
2027-03-15,Neptune,Mars,Opposition,0.27,High
2027-03-15,Pluto,Venus,Semi-Square,0.62,High
2027-03-15,Pluto,Uranus,Quincunx,0.86,High
2027-03-15,North Node (Mean),Sun,Semi-Square,1.14,Medium
2027-03-16,Sun,Mercury,Semi-Square,0.45,High
2027-03-16,Sun,Jupiter,Bi-Quintile,1.34,Medium
2027-03-16,Sun,Saturn,Square,1.38,Medium
2027-03-16,Moon,Venus,Semi-Square,1.38,Medium
2027-03-16,Moon,Jupiter,Sesquiquadrate,1.38,Medium
2027-03-16,Moon,Neptune,Conjunction,0.79,High
2027-03-16,Mercury,Saturn,Quintile,0.1,High
2027-03-16,Mercury,Uranus,Trine,0.55,High
2027-03-16,Mercury,Neptune,Sextile,0.97,High
2027-03-16,Venus,Saturn,Semi-Square,0.36,High
2027-03-16,Mars,Moon,Opposition,0.78,High
2027-03-16,Mars,Pluto,Semi-Sextile,0.95,High
2027-03-16,Jupiter,Mercury,Semi-Sextile,1.49,Medium
2027-03-16,Saturn,Mars,Semi-Sextile,0.81,High
2027-03-16,Saturn,Pluto,Sesquiquadrate,0.21,High
2027-03-16,Uranus,Venus,Semi-Sextile,1.15,Medium
2027-03-16,Uranus,Jupiter,Quincunx,1.14,Medium
2027-03-16,Neptune,Moon,Sesquiquadrate,1.14,Medium
2027-03-16,Neptune,Mars,Opposition,0.06,High
2027-03-16,Pluto,Uranus,Quincunx,0.89,High
2027-03-16,North Node (Mean),Sun,Semi-Square,0.14,High
2027-03-17,Sun,Mercury,Semi-Square,0.54,High
2027-03-17,Sun,Jupiter,Bi-Quintile,1.42,Medium
2027-03-17,Moon,Venus,Semi-Square,0.18,High
2027-03-17,Moon,Jupiter,Sesquiquadrate,1.46,Medium
2027-03-17,Moon,Neptune,Conjunction,0.75,High
2027-03-17,Mercury,Saturn,Quintile,0.22,High
2027-03-17,Mercury,Uranus,Trine,0.52,High
2027-03-17,Mercury,Neptune,Sextile,1.01,Medium
2027-03-17,Venus,Mercury,Conjunction,1.2,Medium
2027-03-17,Venus,Saturn,Semi-Square,0.24,High
2027-03-17,Mars,Venus,Semi-Square,1.23,Medium
2027-03-17,Mars,Pluto,Semi-Sextile,0.97,High
2027-03-17,Jupiter,Mercury,Semi-Sextile,0.51,High
2027-03-17,Saturn,Moon,Sextile,1.13,Medium
2027-03-17,Saturn,Mars,Semi-Sextile,0.61,High
2027-03-17,Saturn,Pluto,Sesquiquadrate,0.19,High
2027-03-17,Uranus,Moon,Trine,1.31,Medium
2027-03-17,Uranus,Venus,Semi-Sextile,0.05,High
2027-03-17,Uranus,Jupiter,Quincunx,1.22,Medium
2027-03-17,Neptune,Mars,Opposition,0.14,High
2027-03-17,Pluto,Uranus,Quincunx,0.92,High
2027-03-17,North Node (Mean),Sun,Semi-Square,0.85,High
2027-03-18,Sun,Jupiter,Bi-Quintile,1.5,Medium
2027-03-18,Moon,Venus,Semi-Square,1.02,Medium
2027-03-18,Moon,Neptune,Conjunction,0.71,High
2027-03-18,Mercury,Saturn,Quintile,0.35,High
2027-03-18,Mercury,Uranus,Trine,0.49,High
2027-03-18,Mercury,Neptune,Sextile,1.05,Medium
2027-03-18,Venus,Mercury,Conjunction,0.17,High
2027-03-18,Venus,Saturn,Semi-Square,0.11,High
2027-03-18,Mars,Moon,Quincunx,0.61,High
2027-03-18,Mars,Venus,Semi-Square,0.03,High
2027-03-18,Mars,Pluto,Semi-Sextile,0.99,High
2027-03-18,Jupiter,Mercury,Semi-Sextile,0.53,High
2027-03-18,Saturn,Venus,Quincunx,1.19,Medium
2027-03-18,Saturn,Mars,Semi-Sextile,0.43,High
2027-03-18,Saturn,Pluto,Sesquiquadrate,0.17,High
2027-03-18,Uranus,Moon,Sesquiquadrate,0.67,High
2027-03-18,Uranus,Venus,Semi-Sextile,1.25,Medium
2027-03-18,Uranus,Jupiter,Quincunx,1.3,Medium
2027-03-18,Neptune,Mars,Opposition,0.33,High
2027-03-18,Pluto,Mercury,Sextile,1.27,Medium
2027-03-18,Pluto,Uranus,Quincunx,0.95,High
2027-03-19,Sun,Moon,Bi-Quintile,0.1,High
2027-03-19,Moon,Neptune,Conjunction,0.68,High
2027-03-19,Mercury,Saturn,Quintile,0.47,High
2027-03-19,Mercury,Uranus,Trine,0.46,High
2027-03-19,Mercury,Neptune,Sextile,1.08,Medium
2027-03-19,Venus,Mercury,Conjunction,0.9,High
2027-03-19,Venus,Saturn,Semi-Square,0.01,High
2027-03-19,Mars,Moon,Sesquiquadrate,1.19,Medium
2027-03-19,Mars,Venus,Semi-Square,1.17,Medium
2027-03-19,Mars,Pluto,Semi-Sextile,1.01,Medium
2027-03-19,Jupiter,Sun,Sextile,0.9,High
2027-03-19,Saturn,Venus,Quincunx,0.01,High
2027-03-19,Saturn,Mars,Semi-Sextile,0.25,High
2027-03-19,Saturn,Pluto,Sesquiquadrate,0.14,High
2027-03-19,Uranus,Moon,Quincunx,0.09,High
2027-03-19,Uranus,Jupiter,Quincunx,1.38,Medium
2027-03-19,Neptune,Venus,Conjunction,0.75,High
2027-03-19,Neptune,Mars,Opposition,0.51,High
2027-03-19,Pluto,Mercury,Sextile,0.2,High
2027-03-19,Pluto,Uranus,Quincunx,0.98,High
2027-03-20,Moon,Neptune,Conjunction,0.64,High
2027-03-20,Mercury,Moon,Quincunx,1.04,Medium
2027-03-20,Mercury,Saturn,Quintile,0.59,High
2027-03-20,Mercury,Uranus,Trine,0.42,High
2027-03-20,Mercury,Neptune,Sextile,1.12,Medium
2027-03-20,Venus,Sun,Semi-Sextile,0.6,High
2027-03-20,Venus,Saturn,Semi-Square,0.13,High
2027-03-20,Mars,Pluto,Semi-Sextile,1.03,Medium
2027-03-20,Jupiter,Sun,Sextile,0.09,High
2027-03-20,Saturn,Venus,Quincunx,1.21,Medium
2027-03-20,Saturn,Mars,Semi-Sextile,0.09,High
2027-03-20,Saturn,Pluto,Sesquiquadrate,0.12,High
2027-03-20,Uranus,Jupiter,Quincunx,1.45,Medium
2027-03-20,Neptune,Venus,Conjunction,0.45,High
2027-03-20,Neptune,Mars,Opposition,0.67,High
2027-03-20,Pluto,Mercury,Sextile,0.92,High
2027-03-20,Pluto,Uranus,Quincunx,1.02,Medium
2027-03-21,Moon,Mercury,Semi-Sextile,1.13,Medium
2027-03-21,Moon,Neptune,Conjunction,0.6,High
2027-03-21,Mercury,Moon,Sesquiquadrate,0.37,High
2027-03-21,Mercury,Saturn,Quintile,0.72,High
2027-03-21,Mercury,Uranus,Trine,0.39,High
2027-03-21,Mercury,Neptune,Sextile,1.16,Medium
2027-03-21,Venus,Sun,Semi-Sextile,0.39,High
2027-03-21,Venus,Saturn,Semi-Square,0.25,High
2027-03-21,Mars,Pluto,Semi-Sextile,1.06,Medium
2027-03-21,Jupiter,Sun,Sextile,1.08,Medium
2027-03-21,Saturn,Mars,Semi-Sextile,0.06,High
2027-03-21,Saturn,Pluto,Sesquiquadrate,0.1,High
2027-03-21,Uranus,Moon,Opposition,1.15,Medium
2027-03-21,Neptune,Mars,Opposition,0.81,High
2027-03-21,Pluto,Sun,Square,0.71,High
2027-03-21,Pluto,Jupiter,Sesquiquadrate,1.44,Medium
2027-03-21,Pluto,Uranus,Quincunx,1.05,Medium
2027-03-21,North Node (Mean),Moon,Bi-Quintile,1.35,Medium
2027-03-22,Moon,Mercury,Semi-Sextile,0.05,High
2027-03-22,Moon,Neptune,Conjunction,0.56,High
2027-03-22,Mercury,Sun,Sextile,1.16,Medium
2027-03-22,Mercury,Moon,Trine,0.47,High
2027-03-22,Mercury,Saturn,Quintile,0.84,High
2027-03-22,Mercury,Uranus,Trine,0.35,High
2027-03-22,Mercury,Neptune,Sextile,1.2,Medium
2027-03-22,Venus,Sun,Semi-Sextile,1.38,Medium
2027-03-22,Venus,Saturn,Semi-Square,0.38,High
2027-03-22,Mars,Mercury,Sextile,0.99,High
2027-03-22,Mars,Pluto,Semi-Sextile,1.08,Medium
2027-03-22,Saturn,Mars,Semi-Sextile,0.19,High
2027-03-22,Saturn,Pluto,Sesquiquadrate,0.08,High
2027-03-22,Neptune,Mars,Opposition,0.95,High
2027-03-22,Pluto,Sun,Square,0.28,High
2027-03-22,Pluto,Moon,Square,0.97,High
2027-03-22,Pluto,Jupiter,Sesquiquadrate,1.37,Medium
2027-03-22,Pluto,Uranus,Quincunx,1.08,Medium
2027-03-23,Moon,Mercury,Semi-Sextile,1.27,Medium
2027-03-23,Moon,Neptune,Conjunction,0.52,High
2027-03-23,Mercury,Sun,Sextile,0.16,High
2027-03-23,Mercury,Saturn,Quintile,0.96,High
2027-03-23,Mercury,Uranus,Trine,0.32,High
2027-03-23,Mercury,Neptune,Sextile,1.23,Medium
2027-03-23,Venus,Moon,Sesquiquadrate,0.98,High
2027-03-23,Venus,Saturn,Semi-Square,0.5,High
2027-03-23,Mars,Mercury,Sextile,0.23,High
2027-03-23,Mars,Pluto,Semi-Sextile,1.1,Medium
2027-03-23,Saturn,Mars,Semi-Sextile,0.31,High
2027-03-23,Saturn,Pluto,Sesquiquadrate,0.06,High
2027-03-23,Neptune,Mars,Opposition,1.07,Medium
2027-03-23,Pluto,Sun,Square,1.27,Medium
2027-03-23,Pluto,Jupiter,Sesquiquadrate,1.3,Medium
2027-03-23,Pluto,Uranus,Quincunx,1.12,Medium
