open_time,open,high,low,close,volume,close_time,quote_volume,trades,taker_buy_base_volume,taker_buy_quote_volume,symbol,open_time_formatted,close_time_formatted
1687996800000,30077.4,30843.98,30049.98,30447.31,36330.62903,1688083199999,1107940389.9242406,758428,17834.38857,543872730.2617269,BTCUSDT,2023-06-29,2023-06-29 23:59:59.999
1688083200000,30447.31,31282.0,29500.0,30472.0,89419.07618,1688169599999,2726355505.5063505,1559366,44319.81254,1351735332.858577,BTCUSDT,2023-06-30,2023-06-30 23:59:59.999
1688169600000,30471.99,30661.6,30320.57,30585.9,17501.75075,1688255999999,533859338.1325383,567975,8102.13876,247175148.950766,BTCUSDT,2023-07-01,2023-07-01 23:59:59.999
1688256000000,30585.9,30791.0,30155.0,30617.03,23286.41019,1688342399999,711031423.4334425,591533,10630.2474,324616031.9581684,BTCUSDT,2023-07-02,2023-07-02 23:59:59.999
1688342400000,30617.02,31380.0,30570.27,31156.2,43761.64311,1688428799999,1352635339.5043936,781855,20885.94331,645698735.3773494,BTCUSDT,2023-07-03,2023-07-03 23:59:59.999
1688428800000,31156.2,31350.69,30620.0,30766.51,33206.11943,1688515199999,1028794008.5245212,779472,14107.36566,437126154.0841225,BTCUSDT,2023-07-04,2023-07-04 23:59:59.999
1688515200000,30766.52,30878.07,30200.0,30504.81,33215.67122,1688601599999,1013694790.3170501,827926,15619.11716,476478254.9434133,BTCUSDT,2023-07-05,2023-07-05 23:59:59.999
1688601600000,30504.8,31500.0,29850.45,29895.43,71319.6261,1688687999999,2181763648.99527,1397042,33952.63237,1039137135.293551,BTCUSDT,2023-07-06,2023-07-06 23:59:59.999
1688688000000,29895.42,30449.0,29701.02,30344.7,34070.53895,1688774399999,1027461795.2332091,912948,14875.86309,448638761.3838917,BTCUSDT,2023-07-07,2023-07-07 23:59:59.999
1688774400000,30344.7,30386.81,30044.47,30284.63,13094.59042,1688860799999,395759717.5724278,480214,5990.91468,181083431.1999306,BTCUSDT,2023-07-08,2023-07-08 23:59:59.999
1688860800000,30284.63,30445.52,30061.12,30160.71,15388.50196,1688947199999,465781514.2589476,473168,7017.35093,212433521.8897289,BTCUSDT,2023-07-09,2023-07-09 23:59:59.999
1688947200000,30160.71,31045.78,29950.0,30411.57,41262.87652,1689033599999,1254289037.7420728,896853,19574.2347,595390893.1450084,BTCUSDT,2023-07-10,2023-07-10 23:59:59.999
1689033600000,30411.57,30813.63,30300.0,30622.1,28476.83311,1689119999999,868966244.2412692,691213,13670.16079,417204801.1629621,BTCUSDT,2023-07-11,2023-07-11 23:59:59.999
1689120000000,30622.1,30983.25,30210.0,30380.0,38108.99669,1689206399999,1166497472.433173,784195,18251.27965,558742524.9312288,BTCUSDT,2023-07-12,2023-07-12 23:59:59.999
1689206400000,30380.0,31804.2,30251.0,31454.23,70772.51836,1689292799999,2194927210.224416,1301632,36084.84178,1119542855.1513171,BTCUSDT,2023-07-13,2023-07-13 23:59:59.999
1689292800000,31454.23,31630.0,29900.0,30312.01,60749.48424,1689379199999,1869443273.7476244,1274387,28513.77996,877642037.8224415,BTCUSDT,2023-07-14,2023-07-14 23:59:59.999
1689379200000,30312.0,30390.9,30200.0,30289.52,14118.55329,1689465599999,427921094.3021783,488354,6430.54981,194912673.9119217,BTCUSDT,2023-07-15,2023-07-15 23:59:59.999
1689465600000,30289.52,30441.46,30064.29,30231.99,15760.1281,1689551999999,477189328.0072937,494225,7322.44372,221713710.223243,BTCUSDT,2023-07-16,2023-07-16 23:59:59.999
1689552000000,30232.0,30336.96,29659.2,30138.0,30882.76839,1689638399999,929647644.243343,816466,14352.21893,432105955.4547703,BTCUSDT,2023-07-17,2023-07-17 23:59:59.999
1689638400000,30138.01,30239.78,29512.0,29859.13,30003.8601,1689724799999,897157095.4774112,754775,13771.19621,411748868.0629127,BTCUSDT,2023-07-18,2023-07-18 23:59:59.999
1689724800000,29859.14,30189.09,29761.96,29909.21,25657.36137,1689811199999,769254865.2851151,617415,12260.98321,367624217.9174355,BTCUSDT,2023-07-19,2023-07-19 23:59:59.999
1689811200000,29909.21,30417.46,29570.96,29800.0,37540.68193,1689897599999,1125950643.7116494,749723,18061.33493,541742405.5204978,BTCUSDT,2023-07-20,2023-07-20 23:59:59.999
1689897600000,29800.0,30061.7,29726.34,29901.72,23881.40865,1689983999999,713123417.7612139,555611,11566.3884,345404092.6459083,BTCUSDT,2023-07-21,2023-07-21 23:59:59.999
1689984000000,29901.72,29999.0,29625.1,29794.0,14660.40467,1690070399999,437785700.3396102,423988,6725.50525,200848375.4485695,BTCUSDT,2023-07-22,2023-07-22 23:59:59.999
1690070400000,29793.99,30350.0,29730.0,30083.75,18292.78637,1690156799999,548940321.0915866,519434,8889.35695,266761143.4116981,BTCUSDT,2023-07-23,2023-07-23 23:59:59.999
1690156800000,30083.75,30099.58,28861.9,29176.5,39628.99691,1690243199999,1162562413.8190155,869107,18047.66786,529388757.4915814,BTCUSDT,2023-07-24,2023-07-24 23:59:59.999
1690243200000,29176.5,29376.0,29047.65,29228.91,21565.7478,1690329599999,629531351.1145664,533797,10257.29455,299466722.1976085,BTCUSDT,2023-07-25,2023-07-25 23:59:59.999
1690329600000,29228.91,29690.0,29096.94,29351.96,33931.63366,1690415999999,995569172.1396836,750401,15987.94266,469155943.83416,BTCUSDT,2023-07-26,2023-07-26 23:59:59.999
1690416000000,29351.95,29567.49,29083.85,29222.78,22476.47626,1690502399999,659594157.3443576,583045,10384.95749,304728875.7312362,BTCUSDT,2023-07-27,2023-07-27 23:59:59.999
1690502400000,29222.78,29542.22,29123.12,29314.14,23993.61627,1690588799999,702705076.837866,543177,11422.36141,334588917.0883291,BTCUSDT,2023-07-28,2023-07-28 23:59:59.999
1690588800000,29314.14,29406.92,29256.18,29352.9,10851.36844,1690675199999,318276733.8766431,339750,5443.09222,159659088.1646764,BTCUSDT,2023-07-29,2023-07-29 23:59:59.999
1690675200000,29352.9,29449.0,29033.24,29281.09,15706.97441,1690761599999,459830379.6509824,454846,7720.41654,226012721.3705351,BTCUSDT,2023-07-30,2023-07-30 23:59:59.999
1690761600000,29281.09,29530.0,29101.8,29232.25,22605.48964,1690847999999,663025204.2072346,563115,11029.2258,323482162.2920864,BTCUSDT,2023-07-31,2023-07-31 23:59:59.999
1690848000000,29232.26,29739.25,28585.7,29705.99,44719.65162,1690934399999,1299160215.077924,900141,21831.75056,634595648.9435309,BTCUSDT,2023-08-01,2023-08-01 23:59:59.999
1690934400000,29705.99,30047.5,28927.5,29186.01,48181.65141,1691020799999,1419729744.649752,945158,22953.8144,676256840.2750593,BTCUSDT,2023-08-02,2023-08-02 23:59:59.999
1691020800000,29186.0,29433.33,28968.0,29193.64,26476.91994,1691107199999,773302705.4947629,651970,12901.09228,376856740.4883937,BTCUSDT,2023-08-03,2023-08-03 23:59:59.999
1691107200000,29193.65,29333.08,28807.54,29113.99,23551.95217,1691193599999,686643453.3930904,544850,10539.62903,307284659.321428,BTCUSDT,2023-08-04,2023-08-04 23:59:59.999
1691193600000,29114.0,29152.23,28978.64,29072.13,11645.52018,1691279999999,338478560.1218247,331924,5491.4962,159611625.1658778,BTCUSDT,2023-08-05,2023-08-05 23:59:59.999
1691280000000,29072.13,29205.09,28991.88,29088.42,13178.1972,1691366399999,383209498.8777505,338654,6471.24487,188192943.696217,BTCUSDT,2023-08-06,2023-08-06 23:59:59.999
1691366400000,29088.43,29276.78,28701.03,29211.06,30966.87746,1691452799999,899492595.6812717,671438,15375.49318,446702609.5645752,BTCUSDT,2023-08-07,2023-08-07 23:59:59.999
1691452800000,29211.06,30244.0,29146.45,29770.42,45700.53392,1691539199999,1352934531.6659672,877168,24189.62133,716161501.5730364,BTCUSDT,2023-08-08,2023-08-08 23:59:59.999
1691539200000,29770.41,30160.0,29376.67,29581.99,38003.88725,1691625599999,1130396850.0974114,750252,18700.85778,556446376.251785,BTCUSDT,2023-08-09,2023-08-09 23:59:59.999
1691625600000,29581.99,29738.0,29320.2,29455.75,23463.45373,1691711999999,692863472.0877249,513691,11204.06553,330886650.2003818,BTCUSDT,2023-08-10,2023-08-10 23:59:59.999
1691712000000,29455.76,29564.52,29252.45,29426.03,20637.0443,1691798399999,607176051.3015367,437828,9803.94004,288451712.1002085,BTCUSDT,2023-08-11,2023-08-11 23:59:59.999
1691798400000,29426.02,29481.35,29381.56,29430.17,8971.48068,1691884799999,263949405.5434029,310852,4181.99127,123039182.1587899,BTCUSDT,2023-08-12,2023-08-12 23:59:59.999
1691884800000,29430.18,29474.65,29272.32,29303.84,11101.70947,1691971199999,326264625.2296824,341726,5257.07008,154501729.2473491,BTCUSDT,2023-08-13,2023-08-13 23:59:59.999
1691971200000,29303.85,29695.32,29102.45,29430.93,31443.11532,1692057599999,924613476.681799,671592,15036.11048,442247506.1673844,BTCUSDT,2023-08-14,2023-08-14 23:59:59.999
1692057600000,29430.92,29499.26,29059.6,29200.0,27503.87691,1692143999999,806683957.3100156,591162,12751.63951,374046205.2590536,BTCUSDT,2023-08-15,2023-08-15 23:59:59.999
1692144000000,29200.01,29259.85,28723.08,28730.51,32996.69854,1692230399999,959870747.0063142,768028,14761.86053,429510396.4298237,BTCUSDT,2023-08-16,2023-08-16 23:59:59.999
1692230400000,28730.51,28783.48,25166.0,26623.41,100271.54033,1692316799999,2755821274.340605,1976577,47495.99471,1302553963.3106227,BTCUSDT,2023-08-17,2023-08-17 23:59:59.999
1692316800000,26623.41,26832.6,25619.0,26054.0,69790.65711,1692403199999,1834219523.699404,1293122,33522.24573,881095856.1944035,BTCUSDT,2023-08-18,2023-08-18 23:59:59.999
1692403200000,26054.0,26281.0,25801.09,26100.01,26160.75343,1692489599999,680623880.8247554,615764,12952.29598,337010159.8115182,BTCUSDT,2023-08-19,2023-08-19 23:59:59.999
1692489600000,26100.01,26299.0,25971.05,26189.99,19056.91209,1692575999999,497880752.2301158,451543,9909.1293,258890029.0825063,BTCUSDT,2023-08-20,2023-08-20 23:59:59.999
1692576000000,26190.0,26258.42,25812.0,26126.92,30267.24233,1692662399999,788205156.3215925,565987,14052.07264,365942107.3406446,BTCUSDT,2023-08-21,2023-08-21 23:59:59.999
1692662400000,26126.92,26139.42,25300.0,26056.0,34247.06688,1692748799999,886782344.1602929,603624,16436.92888,425661908.6149738,BTCUSDT,2023-08-22,2023-08-22 23:59:59.999
1692748800000,26055.99,26819.27,25812.82,26432.72,44023.69978,1692835199999,1156326251.922411,673711,21955.66524,576734438.2954001,BTCUSDT,2023-08-23,2023-08-23 23:59:59.999
1692835200000,26432.71,26577.87,25864.0,26180.05,30205.22116,1692921599999,792966965.8982658,575619,13987.93493,367233375.4168434,BTCUSDT,2023-08-24,2023-08-24 23:59:59.999
1692921600000,26180.05,26314.05,25777.15,26060.01,27753.33772,1693007999999,722611079.1898074,611438,13258.65894,345214226.918254,BTCUSDT,2023-08-25,2023-08-25 23:59:59.999
1693008000000,26060.0,26125.77,25985.92,26017.37,10022.22322,1693094399999,261041530.4758038,329412,4681.90628,121952627.5976749,BTCUSDT,2023-08-26,2023-08-26 23:59:59.999
1693094400000,26017.38,26182.23,25966.11,26101.77,12099.64216,1693180799999,315548363.0193776,349090,6170.48664,160918200.3936097,BTCUSDT,2023-08-27,2023-08-27 23:59:59.999
1693180800000,26101.78,26253.99,25864.5,26120.0,22692.62655,1693267199999,591008939.17657,523057,10912.40549,284226173.7934395,BTCUSDT,2023-08-28,2023-08-28 23:59:59.999
1693267200000,26120.0,28142.85,25922.0,27716.34,74251.99488,1693353599999,2023326050.758479,1137083,37945.55071,1034244032.3814663,BTCUSDT,2023-08-29,2023-08-29 23:59:59.999
1693353600000,27716.34,27768.57,27017.24,27299.99,35448.25848,1693439999999,969086451.1625257,690292,16715.57712,456926409.729732,BTCUSDT,2023-08-30,2023-08-30 23:59:59.999
1693440000000,27299.99,27587.51,25655.01,25940.78,51032.80401,1693526399999,1360373186.0116708,944690,24598.11397,655707233.8849008,BTCUSDT,2023-08-31,2023-08-31 23:59:59.999
1693526400000,25940.77,26156.0,25333.75,25805.05,41032.15056,1693612799999,1059444591.7097493,881179,19960.9903,515429946.1831724,BTCUSDT,2023-09-01,2023-09-01 23:59:59.999
1693612800000,25805.04,25987.5,25752.47,25869.51,16250.77698,1693699199999,419812969.9468598,567728,7634.91416,197234437.0220484,BTCUSDT,2023-09-02,2023-09-02 23:59:59.999
1693699200000,25869.52,26135.0,25800.0,25971.21,17474.47667,1693785599999,453100690.1021077,496412,8583.16498,222581536.0268467,BTCUSDT,2023-09-03,2023-09-03 23:59:59.999
1693785600000,25971.21,26108.02,25631.21,25826.02,21777.59609,1693871999999,563532890.5699993,596830,10177.3686,263365883.4295556,BTCUSDT,2023-09-04,2023-09-04 23:59:59.999
1693872000000,25826.03,25915.49,25562.62,25792.1,21323.39337,1693958399999,548893707.6002005,566736,9926.65838,255537038.4660957,BTCUSDT,2023-09-05,2023-09-05 23:59:59.999
1693958400000,25792.11,26040.0,25372.51,25759.95,27262.52386,1694044799999,700763180.8011677,636302,12736.70564,327416444.7840959,BTCUSDT,2023-09-06,2023-09-06 23:59:59.999
1694044800000,25759.95,26443.14,25615.38,26255.0,27687.49567,1694131199999,718923008.9071183,631929,13506.19156,350741324.2920373,BTCUSDT,2023-09-07,2023-09-07 23:59:59.999
1694131200000,26255.0,26445.5,25647.26,25910.5,28999.76471,1694217599999,754184537.1096923,646852,14238.89945,370236844.4314076,BTCUSDT,2023-09-08,2023-09-08 23:59:59.999
1694217600000,25910.5,25945.09,25796.64,25901.61,10980.62277,1694303999999,284109473.8075783,359038,5212.44349,134863388.7628859,BTCUSDT,2023-09-09,2023-09-09 23:59:59.999
1694304000000,25901.6,26033.66,25570.57,25841.61,18738.26914,1694390399999,483577459.2055345,489773,8747.51072,225752901.0403501,BTCUSDT,2023-09-10,2023-09-10 23:59:59.999
1694390400000,25841.6,25900.69,24901.0,25162.52,41682.32,1694476799999,1057371884.6697066,864138,19664.90243,498821645.3852222,BTCUSDT,2023-09-11,2023-09-11 23:59:59.999
1694476800000,25162.53,26567.0,25131.48,25840.1,56434.38537,1694563199999,1464393036.9616623,1047056,27720.5183,719147319.9787064,BTCUSDT,2023-09-12,2023-09-12 23:59:59.999
1694563200000,25840.1,26405.22,25764.17,26222.0,31610.82753,1694649599999,825437881.4687591,714880,15287.00038,399099781.6207648,BTCUSDT,2023-09-13,2023-09-13 23:59:59.999
1694649600000,26222.0,26860.49,26126.77,26522.73,38333.1725,1694735999999,1015267319.7730227,799278,19440.45467,514863794.3783894,BTCUSDT,2023-09-14,2023-09-14 23:59:59.999
1694736000000,26522.73,26888.0,26224.0,26600.0,26227.29369,1694822399999,695203258.0004445,654094,12600.39115,334045930.7667212,BTCUSDT,2023-09-15,2023-09-15 23:59:59.999
1694822400000,26599.99,26777.0,26445.0,26559.67,13960.93351,1694908799999,370889866.4592735,526416,6508.91352,172926781.3888423,BTCUSDT,2023-09-16,2023-09-16 23:59:59.999
1694908800000,26559.67,26623.25,26399.0,26527.51,12998.10277,1694995199999,344703727.5601071,476775,6359.89459,168675580.016463,BTCUSDT,2023-09-17,2023-09-17 23:59:59.999
1694995200000,26527.5,27409.0,26377.35,26762.51,43000.43256,1695081599999,1158780347.625305,938705,21551.71605,580912488.7594309,BTCUSDT,2023-09-18,2023-09-18 23:59:59.999
1695081600000,26762.5,27483.57,26667.79,27210.26,36190.52187,1695167999999,981539255.55962,898076,17851.15558,484061308.124933,BTCUSDT,2023-09-19,2023-09-19 23:59:59.999
1695168000000,27210.25,27388.63,26800.0,27125.0,34207.21867,1695254399999,927206075.9626273,867288,16983.43086,460402346.1707834,BTCUSDT,2023-09-20,2023-09-20 23:59:59.999
1695254400000,27125.01,27159.6,26377.7,26568.08,34476.82662,1695340799999,920768143.3513128,823416,16878.78202,450738363.8506985,BTCUSDT,2023-09-21,2023-09-21 23:59:59.999
1695340800000,26568.08,26743.38,26468.77,26580.14,18198.2292,1695427199999,484331618.9485319,567149,8484.09679,225805692.7235693,BTCUSDT,2023-09-22,2023-09-22 23:59:59.999
1695427200000,26580.14,26632.81,26509.0,26575.96,9440.7026,1695513599999,250873957.3886738,421717,4387.1973,116581214.130133,BTCUSDT,2023-09-23,2023-09-23 23:59:59.999
1695513600000,26575.97,26738.54,26122.08,26248.38,15706.65771,1695599999999,416368301.3736848,545045,7547.06342,200078452.0167577,BTCUSDT,2023-09-24,2023-09-24 23:59:59.999
1695600000000,26248.39,26446.15,25990.46,26304.81,26266.2039,1695686399999,688252596.3809944,873488,12654.58207,331622453.1518055,BTCUSDT,2023-09-25,2023-09-25 23:59:59.999
1695686400000,26304.8,26397.46,26088.34,26221.67,18495.35066,1695772799999,485217905.0421048,697727,8813.76144,231246870.5474588,BTCUSDT,2023-09-26,2023-09-26 23:59:59.999
1695772800000,26221.68,26850.0,26112.06,26372.99,34771.57978,1695859199999,918797815.048481,939690,16813.75506,444221386.426141,BTCUSDT,2023-09-27,2023-09-27 23:59:59.999
1695859200000,26373.0,27308.48,26342.4,27021.39,44517.83491,1695945599999,1193420040.1309185,1158974,22463.19242,602340703.6015062,BTCUSDT,2023-09-28,2023-09-28 23:59:59.999
1695945600000,27021.39,27244.89,26665.16,26906.96,28478.76219,1696031999999,767827314.9319088,878610,14409.35554,388591243.2591525,BTCUSDT,2023-09-29,2023-09-29 23:59:59.999
1696032000000,26906.96,27094.99,26886.31,26962.56,12804.62307,1696118399999,345406056.6806953,534908,6221.24272,167818583.0599575,BTCUSDT,2023-09-30,2023-09-30 23:59:59.999
1696118400000,26962.57,28065.51,26954.09,27992.57,24602.81468,1696204799999,674657121.9944204,883593,12815.98694,351622961.4701274,BTCUSDT,2023-10-01,2023-10-01 23:59:59.999
1696204800000,27992.58,28580.0,27281.44,27494.51,57071.14241,1696291199999,1600944483.4902065,1464158,28423.61,797598852.4797782,BTCUSDT,2023-10-02,2023-10-02 23:59:59.999
1696291200000,27494.51,27676.52,27160.5,27426.46,28928.96555,1696377599999,794301815.426502,1202377,13562.03527,372402100.7967511,BTCUSDT,2023-10-03,2023-10-03 23:59:59.999
1696377600000,27426.45,27839.72,27202.0,27778.57,29816.142,1696463999999,820421385.2557853,1188381,15077.70185,414806576.3484014,BTCUSDT,2023-10-04,2023-10-04 23:59:59.999
1696464000000,27778.57,28120.39,27352.0,27410.39,30681.49619,1696550399999,849415594.0472504,1210397,14985.99405,415039706.5866476,BTCUSDT,2023-10-05,2023-10-05 23:59:59.999
1696550400000,27410.39,28295.0,27175.94,27931.09,37983.24277,1696636799999,1052864393.8176135,1326700,19091.24006,529241188.557369,BTCUSDT,2023-10-06,2023-10-06 23:59:59.999
1696636800000,27931.1,28029.67,27842.08,27956.67,13348.83825,1696723199999,372820279.523143,641623,6392.35089,178534947.7787839,BTCUSDT,2023-10-07,2023-10-07 23:59:59.999
1696723200000,27956.67,28095.14,27687.5,27917.05,19693.56921,1696809599999,549839951.4800811,822730,9216.08271,257333249.5330772,BTCUSDT,2023-10-08,2023-10-08 23:59:59.999
1696809600000,27917.06,27987.93,27260.0,27590.12,31534.74639,1696895999999,870014634.3621609,1156525,15077.43003,415887241.10445,BTCUSDT,2023-10-09,2023-10-09 23:59:59.999
1696896000000,27590.12,27735.0,27298.0,27390.12,22776.84383,1696982399999,626258724.2775784,1002272,10851.22317,298354384.6981499,BTCUSDT,2023-10-10,2023-10-10 23:59:59.999
1696982400000,27390.12,27477.39,26538.66,26875.52,37349.44706,1697068799999,1007065585.9346406,1336479,17460.0774,470620209.7857446,BTCUSDT,2023-10-11,2023-10-11 23:59:59.999
1697068800000,26875.52,26947.04,26555.0,26759.63,23428.64112,1697155199999,626909068.3868717,1066082,11128.85943,297794983.5412317,BTCUSDT,2023-10-12,2023-10-12 23:59:59.999
1697155200000,26759.63,27130.0,26685.0,26862.0,24115.76499,1697241599999,647553796.3580662,1035322,11209.65389,301049285.742293,BTCUSDT,2023-10-13,2023-10-13 23:59:59.999
1697241600000,26862.0,26989.58,26789.0,26852.48,10417.25576,1697327999999,280059019.0534013,517837,4378.85219,117730324.8186729,BTCUSDT,2023-10-14,2023-10-14 23:59:59.999
1697328000000,26852.48,27293.33,26808.25,27154.15,15274.6917,1697414399999,412673965.3439348,682942,7802.69243,210833694.1344327,BTCUSDT,2023-10-15,2023-10-15 23:59:59.999
1697414400000,27154.14,30000.0,27112.66,28500.78,78399.22445,1697500799999,2210785548.2360964,2289339,40738.04173,1148700588.6793344,BTCUSDT,2023-10-16,2023-10-16 23:59:59.999
1697500800000,28500.77,28613.65,28069.32,28395.91,38428.44532,1697587199999,1090741746.4830873,1345810,18994.06799,539218488.3415859,BTCUSDT,2023-10-17,2023-10-17 23:59:59.999
1697587200000,28395.91,28982.36,28142.87,28320.0,32162.47591,1697673599999,914773525.1527581,1215235,15590.14442,443515753.8170772,BTCUSDT,2023-10-18,2023-10-18 23:59:59.999
1697673600000,28320.0,28916.89,28100.66,28713.71,35895.50179,1697759999999,1023984017.0322788,1330256,18427.23743,525695852.5632501,BTCUSDT,2023-10-19,2023-10-19 23:59:59.999
1697760000000,28713.71,30207.55,28578.29,29669.04,59422.0992,1697846399999,1753411192.551091,1915748,29466.75927,869634841.3281221,BTCUSDT,2023-10-20,2023-10-20 23:59:59.999
1697846400000,29669.05,30379.99,29464.77,29909.8,27517.51897,1697932799999,821964508.4353629,1152137,13836.12444,413323530.3421796,BTCUSDT,2023-10-21,2023-10-21 23:59:59.999
1697932800000,29909.8,30248.0,29640.0,29992.46,22852.54563,1698019199999,683854827.8969322,1008299,11161.46844,334011129.2314961,BTCUSDT,2023-10-22,2023-10-22 23:59:59.999
1698019200000,29992.46,34741.91,29883.6,33069.99,93513.64246,1698105599999,2941620022.8651876,2839938,47839.23087,1505815243.5676994,BTCUSDT,2023-10-23,2023-10-23 23:59:59.999
1698105600000,33069.99,35280.0,32832.34,33922.73,115265.02418,1698191999999,3933194868.161196,2850160,57409.31981,1959449469.4657931,BTCUSDT,2023-10-24,2023-10-24 23:59:59.999
1698192000000,33922.73,35132.85,33679.05,34496.05,54887.02529,1698278399999,1888210825.6063828,1643976,26150.50377,900236395.3726264,BTCUSDT,2023-10-25,2023-10-25 23:59:59.999
1698278400000,34496.05,34824.13,33751.0,34151.66,39744.66255,1698364799999,1363077907.10912,1382785,18528.43061,635547858.4928182,BTCUSDT,2023-10-26,2023-10-26 23:59:59.999
1698364800000,34151.66,34245.0,33390.95,33892.02,32330.40106,1698451199999,1096889423.419842,1112240,14310.32429,485405697.9244014,BTCUSDT,2023-10-27,2023-10-27 23:59:59.999
1698451200000,33892.01,34493.33,33860.0,34081.0,16880.13144,1698537599999,575936523.347353,607438,8313.30759,283656619.5863619,BTCUSDT,2023-10-28,2023-10-28 23:59:59.999
1698537600000,34081.01,34750.11,33930.0,34525.89,20685.52176,1698623999999,711652985.1790963,717480,10053.96096,345933681.7968467,BTCUSDT,2023-10-29,2023-10-29 23:59:59.999
1698624000000,34525.88,34856.0,34062.84,34474.73,33657.95976,1698710399999,1159771907.6421053,1117727,15237.56781,525162190.5371194,BTCUSDT,2023-10-30,2023-10-30 23:59:59.999
1698710400000,34474.74,34720.49,34025.0,34639.77,32737.89822,1698796799999,1125442444.4884882,1179053,15843.795,544722903.4968481,BTCUSDT,2023-10-31,2023-10-31 23:59:59.999
1698796800000,34639.78,35582.0,34097.39,35421.43,53473.28165,1698883199999,1856348820.4794536,1624635,25779.0029,895387891.4676665,BTCUSDT,2023-11-01,2023-11-01 23:59:59.999
1698883200000,35421.43,35984.99,34300.0,34941.59,48015.57732,1698969599999,1686141698.092171,1450837,23303.3535,818365718.9549311,BTCUSDT,2023-11-02,2023-11-02 23:59:59.999
1698969600000,34941.58,34946.5,34120.0,34716.78,39071.20644,1699055999999,1347962831.5658624,1237373,19168.85669,661176167.7749346,BTCUSDT,2023-11-03,2023-11-03 23:59:59.999
1699056000000,34716.78,35255.0,34585.18,35062.07,18377.55545,1699142399999,639958598.4198353,794787,9229.16649,321479754.9172934,BTCUSDT,2023-11-04,2023-11-04 23:59:59.999
1699142400000,35062.06,35380.0,34448.0,35011.88,24528.73376,1699228799999,859350974.0014893,1038468,11870.33193,415912075.9000027,BTCUSDT,2023-11-05,2023-11-05 23:59:59.999
1699228800000,35011.89,35276.33,34725.9,35046.09,22346.47086,1699315199999,782427702.2653205,988246,10770.27727,377126281.1530906,BTCUSDT,2023-11-06,2023-11-06 23:59:59.999
1699315200000,35046.09,35888.0,34523.06,35399.12,38688.73692,1699401599999,1358031361.1978526,1352796,19375.26868,680382009.6599416,BTCUSDT,2023-11-07,2023-11-07 23:59:59.999
1699401600000,35399.13,36106.0,35100.0,35624.72,33401.34137,1699487999999,1185492160.4927278,1132568,17192.8245,610314635.3798897,BTCUSDT,2023-11-08,2023-11-08 23:59:59.999
1699488000000,35624.72,37972.24,35534.05,36701.09,82537.88885,1699574399999,3033417922.7826815,2138765,42156.81236,1550254981.0451877,BTCUSDT,2023-11-09,2023-11-09 23:59:59.999
1699574400000,36701.1,37526.0,36324.71,37301.63,43414.04898,1699660799999,1605069174.5241032,1297729,21388.56879,790671818.768367,BTCUSDT,2023-11-10,2023-11-10 23:59:59.999
1699660800000,37301.63,37408.26,36666.93,37130.0,22984.97235,1699747199999,851924612.7339427,923300,10728.65792,397673179.6679197,BTCUSDT,2023-11-11,2023-11-11 23:59:59.999
1699747200000,37129.99,37222.22,36731.1,37064.13,17687.18874,1699833599999,655570813.1382711,810885,8506.46051,315285367.544748,BTCUSDT,2023-11-12,2023-11-12 23:59:59.999
1699833600000,37064.13,37417.99,36333.0,36462.93,32798.18252,1699919999999,1208037462.3041444,1217191,15442.44512,568916594.9113173,BTCUSDT,2023-11-13,2023-11-13 23:59:59.999
1699920000000,36462.93,36744.0,34800.0,35551.19,45503.68416,1700006399999,1639130785.08681,1404428,21205.18615,763841642.880878,BTCUSDT,2023-11-14,2023-11-14 23:59:59.999
1700006400000,35551.2,37980.0,35360.0,37858.2,53569.13385,1700092799999,1963249656.5094738,1545427,28142.1424,1031669501.9934208,BTCUSDT,2023-11-15,2023-11-15 23:59:59.999
1700092800000,37858.2,37929.54,35500.0,36163.51,47490.39566,1700179199999,1744503339.0151725,1542446,22214.04928,815932555.1331269,BTCUSDT,2023-11-16,2023-11-16 23:59:59.999
1700179200000,36163.51,36800.0,35861.1,36613.92,38283.61112,1700265599999,1391225051.1923273,1349322,18403.36411,668865883.1417465,BTCUSDT,2023-11-17,2023-11-17 23:59:59.999
1700265600000,36613.91,36845.49,36178.58,36568.1,17102.24186,1700351999999,624434069.5256634,784498,8101.54756,295795105.4300323,BTCUSDT,2023-11-18,2023-11-18 23:59:59.999
1700352000000,36568.11,37500.0,36384.02,37359.86,21246.34648,1700438399999,781531839.4371592,862400,10575.25293,389089868.806342,BTCUSDT,2023-11-19,2023-11-19 23:59:59.999
1700438400000,37359.85,37750.0,36677.0,37448.78,36022.70291,1700524799999,1343722642.386475,1485050,17591.22652,656245983.7397183,BTCUSDT,2023-11-20,2023-11-20 23:59:59.999
1700524800000,37448.79,37649.44,35735.0,35741.65,47646.54804,1700611199999,1756747495.9818547,1936895,22371.42068,824920009.55786,BTCUSDT,2023-11-21,2023-11-21 23:59:59.999
1700611200000,35741.65,37861.1,35632.01,37408.34,45051.30697,1700697599999,1657141022.427348,1648374,23046.71174,847145468.3259536,BTCUSDT,2023-11-22,2023-11-22 23:59:59.999
1700697600000,37408.35,37653.44,36870.0,37294.28,23827.92882,1700783999999,888826648.8541473,992284,11086.35132,413539343.9448205,BTCUSDT,2023-11-23,2023-11-23 23:59:59.999
1700784000000,37294.27,38414.0,37251.51,37713.57,44680.80646,1700870399999,1688715728.079148,1379414,22349.17236,844803081.6321824,BTCUSDT,2023-11-24,2023-11-24 23:59:59.999
1700870400000,37713.57,37888.0,37591.1,37780.67,11396.14464,1700956799999,430165251.7609749,569448,5153.91116,194536221.2850941,BTCUSDT,2023-11-25,2023-11-25 23:59:59.999
1700956800000,37780.67,37814.63,37150.0,37447.43,21264.53723,1701043199999,797321193.5893991,848020,10204.51641,382571274.0460782,BTCUSDT,2023-11-26,2023-11-26 23:59:59.999
1701043200000,37447.42,37569.23,36707.0,37242.7,30001.07376,1701129599999,1112557435.2767923,1238017,14458.63822,536129095.5668442,BTCUSDT,2023-11-27,2023-11-27 23:59:59.999
1701129600000,37242.7,38377.0,36868.41,37818.87,37544.46667,1701215999999,1414360251.6823456,1272779,18168.56198,684514270.9388717,BTCUSDT,2023-11-28,2023-11-28 23:59:59.999
1701216000000,37818.88,38450.0,37570.0,37854.64,32994.19107,1701302399999,1252586505.66259,1131353,15588.96473,591917955.4743968,BTCUSDT,2023-11-29,2023-11-29 23:59:59.999
1701302400000,37854.65,38145.85,37500.0,37723.96,24740.29147,1701388799999,934491058.9608141,1007791,11484.45424,433772722.5045634,BTCUSDT,2023-11-30,2023-11-30 23:59:59.999
1701388800000,37723.97,38999.0,37615.86,38682.52,43415.66324,1701475199999,1669750777.6239815,1523417,22408.27301,861977420.1631953,BTCUSDT,2023-12-01,2023-12-01 23:59:59.999
1701475200000,38682.51,39717.14,38641.61,39450.35,26696.92161,1701561599999,1043421976.7660652,1034690,13166.65386,514763687.5746009,BTCUSDT,2023-12-02,2023-12-02 23:59:59.999
1701561600000,39450.35,40250.0,39274.86,39972.26,26710.65335,1701647999999,1059860641.0494444,1151524,13333.29632,529259227.1675092,BTCUSDT,2023-12-03,2023-12-03 23:59:59.999
1701648000000,39972.26,42420.0,39972.26,41991.1,79272.33059,1701734399999,3285736844.1408806,2112219,38595.61905,1599710862.0871768,BTCUSDT,2023-12-04,2023-12-04 23:59:59.999
1701734400000,41991.1,44488.0,41414.0,44073.32,67490.74644,1701820799999,2890205389.4901266,2072700,34815.80813,1491813847.2389681,BTCUSDT,2023-12-05,2023-12-05 23:59:59.999
1701820800000,44073.82,44297.21,43335.28,43762.69,51431.10492,1701907199999,2256979505.594805,1876282,25092.62492,1101273363.0864296,BTCUSDT,2023-12-06,2023-12-06 23:59:59.999
1701907200000,43762.69,44047.33,42821.1,43273.14,47103.26845,1701993599999,2046945851.8836446,1414759,22635.67672,983629776.4938614,BTCUSDT,2023-12-07,2023-12-07 23:59:59.999
1701993600000,43273.15,44700.0,43081.1,44170.99,42900.37556,1702079999999,1875581755.4469104,1311268,20818.67861,910357262.894073,BTCUSDT,2023-12-08,2023-12-08 23:59:59.999
1702080000000,44171.0,44358.02,43584.51,43713.6,24925.97008,1702166399999,1096487106.5648339,987352,11598.00774,510255993.8680859,BTCUSDT,2023-12-09,2023-12-09 23:59:59.999
1702166400000,43713.59,44049.0,43563.0,43789.51,18956.61758,1702252799999,830485162.5569535,830667,8841.90643,387376075.3824843,BTCUSDT,2023-12-10,2023-12-10 23:59:59.999
1702252800000,43789.5,43804.5,40222.0,41253.4,76663.89804,1702339199999,3205540835.511434,2087142,36499.24269,1525642878.1521034,BTCUSDT,2023-12-11,2023-12-11 23:59:59.999
1702339200000,41253.41,42104.12,40680.0,41492.39,42722.69773,1702425599999,1773961284.3375635,1526411,21394.91158,888438328.8915346,BTCUSDT,2023-12-12,2023-12-12 23:59:59.999
1702425600000,41492.38,43475.2,40555.0,42869.03,45865.99773,1702511999999,1919703389.4848804,1724659,22354.97386,935785466.0225857,BTCUSDT,2023-12-13,2023-12-13 23:59:59.999
1702512000000,42869.03,43420.0,41400.0,43022.26,42047.05709,1702598399999,1798740625.30166,1599536,20579.79343,880356342.3815118,BTCUSDT,2023-12-14,2023-12-14 23:59:59.999
1702598400000,43022.26,43080.81,41666.0,41940.3,33421.7932,1702684799999,1416898938.509979,1323628,16321.13654,691713304.7485888,BTCUSDT,2023-12-15,2023-12-15 23:59:59.999
1702684800000,41940.29,42724.43,41605.0,42278.03,24118.85747,1702771199999,1020469627.8857331,1180886,12193.50511,515909440.9100929,BTCUSDT,2023-12-16,2023-12-16 23:59:59.999
1702771200000,42278.02,42424.07,41252.0,41374.65,27722.11452,1702857599999,1161963642.9627964,1227634,13245.86404,555309260.127941,BTCUSDT,2023-12-17,2023-12-17 23:59:59.999
1702857600000,41374.64,42757.81,40542.93,42657.8,46734.0925,1702943999999,1936003306.0825727,1741647,23255.79871,963775419.5731498,BTCUSDT,2023-12-18,2023-12-18 23:59:59.999
1702944000000,42657.8,43497.0,41811.1,42275.99,40927.86444,1703030399999,1747830242.4615936,1609188,20163.65946,861082883.3110158,BTCUSDT,2023-12-19,2023-12-19 23:59:59.999
1703030400000,42275.99,44283.0,42206.0,43668.93,48710.2947,1703116799999,2115813869.779619,1934588,23912.13682,1038694005.7761399,BTCUSDT,2023-12-20,2023-12-20 23:59:59.999
1703116800000,43668.92,44242.35,43286.72,43861.8,34624.29384,1703203199999,1514529919.1877797,1500702,17058.89545,746266380.7692404,BTCUSDT,2023-12-21,2023-12-21 23:59:59.999
1703203200000,43861.79,44398.26,43412.54,43969.04,32783.19638,1703289599999,1436074497.5128598,1404109,16049.22275,703199211.0393196,BTCUSDT,2023-12-22,2023-12-22 23:59:59.999
1703289600000,43969.04,43988.68,43291.1,43702.16,16557.1293,1703375999999,722943825.3332176,849658,7765.30564,339046509.1677196,BTCUSDT,2023-12-23,2023-12-23 23:59:59.999
1703376000000,43702.15,43946.0,42500.0,42991.5,25144.33496,1703462399999,1093460634.8894227,1137678,11841.26614,514962029.1783347,BTCUSDT,2023-12-24,2023-12-24 23:59:59.999
1703462400000,42991.5,43802.32,42720.43,43576.13,27021.23992,1703548799999,1172053386.5109816,1168428,13691.2393,593900885.8031462,BTCUSDT,2023-12-25,2023-12-25 23:59:59.999
1703548800000,43576.12,43592.68,41637.6,42508.93,41010.04282,1703635199999,1746333612.304945,1475816,21096.16634,898267435.237983,BTCUSDT,2023-12-26,2023-12-26 23:59:59.999
1703635200000,42508.93,43677.0,42098.69,43428.85,36191.21136,1703721599999,1554082990.052276,1439770,18982.83267,815239612.617364,BTCUSDT,2023-12-27,2023-12-27 23:59:59.999
1703721600000,43428.86,43787.57,42241.79,42563.76,35150.52485,1703807999999,1508408742.378081,1391826,17422.8191,747631903.055399,BTCUSDT,2023-12-28,2023-12-28 23:59:59.999
1703808000000,42563.76,43111.0,41300.0,42066.95,42597.18912,1703894399999,1803086285.2465775,1571137,21195.34128,897324724.7968955,BTCUSDT,2023-12-29,2023-12-29 23:59:59.999
1703894400000,42066.94,42612.32,41520.3,42140.28,22906.57818,1703980799999,964875790.984935,936545,11727.69648,494133887.9071811,BTCUSDT,2023-12-30,2023-12-30 23:59:59.999
1703980800000,42140.29,42899.0,41965.84,42283.58,23585.91603,1704067199999,1001519241.5559053,1016484,11997.14865,509478742.7445108,BTCUSDT,2023-12-31,2023-12-31 23:59:59.999
1704067200000,42283.58,44184.1,42180.77,44179.55,27174.29903,1704153599999,1169995682.0280013,1114623,14331.7318,617352094.5605195,BTCUSDT,2024-01-01,2024-01-01 23:59:59.999
1704153600000,44179.55,45879.63,44148.34,44946.91,65146.40661,1704239999999,2944331821.8230762,2247532,33817.14447,1527964124.2375848,BTCUSDT,2024-01-02,2024-01-02 23:59:59.999
1704240000000,44946.91,45500.0,40750.0,42845.23,81194.55173,1704326399999,3507104563.744232,2658041,39103.99162,1687665202.9513144,BTCUSDT,2024-01-03,2024-01-03 23:59:59.999
1704326400000,42845.23,44729.58,42613.77,44151.1,48038.06334,1704412799999,2095095359.4936347,1819944,23605.90059,1030075267.839013,BTCUSDT,2024-01-04,2024-01-04 23:59:59.999
1704412800000,44151.1,44357.46,42450.0,44145.11,48075.25327,1704499199999,2100953924.3687155,2064845,24015.06426,1049655019.1400094,BTCUSDT,2024-01-05,2024-01-05 23:59:59.999
1704499200000,44145.12,44214.42,43397.05,43968.32,17835.06144,1704585599999,781212883.4916061,956642,9048.57073,396341787.3638776,BTCUSDT,2024-01-06,2024-01-06 23:59:59.999
1704585600000,43968.32,44480.59,43572.09,43929.02,23023.8508,1704671999999,1014635096.1241482,1109259,11613.52347,511871007.5258263,BTCUSDT,2024-01-07,2024-01-07 23:59:59.999
1704672000000,43929.01,47248.99,43175.0,46951.04,72814.57589,1704758399999,3298772150.6815076,2364464,38728.8053,1755312207.6681833,BTCUSDT,2024-01-08,2024-01-08 23:59:59.999
1704758400000,46951.04,47972.0,44748.67,46110.0,69927.66617,1704844799999,3251442072.8083963,2637745,34825.45429,1620151226.3362696,BTCUSDT,2024-01-09,2024-01-09 23:59:59.999
1704844800000,46110.0,47695.93,44300.36,46653.99,89911.41203,1704931199999,4123809481.712767,3133588,46910.79439,2153126701.3521643,BTCUSDT,2024-01-10,2024-01-10 23:59:59.999
1704931200000,46654.0,48969.48,45606.06,46339.16,87470.3296,1705017599999,4105139605.028302,2998451,44076.1683,2070467939.6599925,BTCUSDT,2024-01-11,2024-01-11 23:59:59.999
1705017600000,46339.16,46515.53,41500.0,42782.73,86327.93707,1705103999999,3827483735.576057,2809192,41707.58066,1850840878.9778297,BTCUSDT,2024-01-12,2024-01-12 23:59:59.999
1705104000000,42782.74,43257.0,42436.12,42847.99,36118.47464,1705190399999,1547370611.5531662,1434243,17748.09824,760432218.2454551,BTCUSDT,2024-01-13,2024-01-13 23:59:59.999
1705190400000,42847.99,43079.0,41720.0,41732.35,28228.40894,1705276799999,1202212782.257693,1235727,13690.30843,583261659.738576,BTCUSDT,2024-01-14,2024-01-14 23:59:59.999
1705276800000,41732.35,43400.43,41718.05,42511.1,40269.89303,1705363199999,1718982911.1081028,1657611,19924.7603,849997411.087583,BTCUSDT,2024-01-15,2024-01-15 23:59:59.999
1705363200000,42511.1,43578.01,42050.0,43137.95,45045.74589,1705449599999,1931947150.05907,1716580,24064.55667,1031525441.9352086,BTCUSDT,2024-01-16,2024-01-16 23:59:59.999
1705449600000,43137.94,43198.0,42200.69,42776.1,33266.21388,1705535999999,1419888430.9228892,1438172,16648.20529,710532768.0475779,BTCUSDT,2024-01-17,2024-01-17 23:59:59.999
1705536000000,42776.09,42930.0,40683.28,41327.5,43907.51641,1705622399999,1839426541.263579,1466087,21085.14336,883292634.2063637,BTCUSDT,2024-01-18,2024-01-18 23:59:59.999
1705622400000,41327.51,42196.86,40280.0,41659.03,48342.74559,1705708799999,1993846466.5387518,1641428,24347.5002,1004478721.3792055,BTCUSDT,2024-01-19,2024-01-19 23:59:59.999
1705708800000,41659.03,41872.56,41456.3,41696.04,15923.99493,1705795199999,662768008.1509343,807324,7557.36632,314535141.9955636,BTCUSDT,2024-01-20,2024-01-20 23:59:59.999
1705795200000,41696.05,41881.39,41500.98,41580.33,11730.16301,1705881599999,489151571.0309043,657817,5576.56045,232552207.1607329,BTCUSDT,2024-01-21,2024-01-21 23:59:59.999
1705881600000,41580.32,41689.65,39431.58,39568.02,55426.19911,1705967999999,2247452153.7954326,2147250,26788.13985,1086650848.0670526,BTCUSDT,2024-01-22,2024-01-22 23:59:59.999
1705968000000,39568.02,40176.74,38555.0,39897.6,57956.63351,1706054399999,2275851990.6468267,2043925,30913.97177,1214417243.6964118,BTCUSDT,2024-01-23,2024-01-23 23:59:59.999
1706054400000,39897.59,40555.0,39484.19,40084.88,39293.82861,1706140799999,1569704923.8307493,1675615,20673.05725,825887009.4744226,BTCUSDT,2024-01-24,2024-01-24 23:59:59.999
1706140800000,40084.89,40300.24,39550.0,39961.09,31022.11853,1706227199999,1238813296.1526136,1291233,15685.24919,626369240.3733964,BTCUSDT,2024-01-25,2024-01-25 23:59:59.999
1706227200000,39961.09,42246.82,39822.52,41823.51,47384.96726,1706313599999,1951700659.289807,1624861,24674.75551,1016105199.7171212,BTCUSDT,2024-01-26,2024-01-26 23:59:59.999
1706313600000,41823.51,42200.0,41394.34,42120.63,16224.41667,1706399999999,678418702.3509445,751148,7485.64978,312938659.2480243,BTCUSDT,2024-01-27,2024-01-27 23:59:59.999
1706400000000,42120.63,42842.68,41620.81,42031.06,27294.99838,1706486399999,1154365891.6682587,1032493,12971.1882,548670338.639401,BTCUSDT,2024-01-28,2024-01-28 23:59:59.999
1706486400000,42031.05,43333.0,41804.88,43302.7,31542.74207,1706572799999,1343462280.3618684,1197856,15996.88627,681504721.3585126,BTCUSDT,2024-01-29,2024-01-29 23:59:59.999
1706572800000,43302.71,43882.36,42683.99,42941.1,37619.24546,1706659199999,1633251085.6713595,1316610,19317.29993,838876408.4556684,BTCUSDT,2024-01-30,2024-01-30 23:59:59.999
1706659200000,42941.1,43745.11,42276.84,42580.0,39871.13688,1706745599999,1711665577.0530825,1499559,20289.94825,871009715.1702207,BTCUSDT,2024-01-31,2024-01-31 23:59:59.999
1706745600000,42580.0,43285.13,41884.28,43082.94,35231.04664,1706831999999,1497121440.6440022,1392269,18134.84304,770635549.4842128,BTCUSDT,2024-02-01,2024-02-01 23:59:59.999
1706832000000,43082.95,43488.0,42546.79,43200.0,29672.14418,1706918399999,1277919437.2905612,1086342,15645.5711,673834785.747791,BTCUSDT,2024-02-02,2024-02-02 23:59:59.999
1706918400000,43199.99,43380.01,42880.0,43011.09,12033.40998,1707004799999,518775350.0336009,609962,5691.78572,245377398.5105957,BTCUSDT,2024-02-03,2024-02-03 23:59:59.999
1707004800000,43011.1,43119.04,42222.0,42582.88,17066.89404,1707091199999,730999557.7083682,931235,8427.12671,360928641.0597722,BTCUSDT,2024-02-04,2024-02-04 23:59:59.999
1707091200000,42582.88,43569.76,42258.1,42708.7,29467.75905,1707177599999,1262620640.5407174,1317397,14984.06962,642077579.5827268,BTCUSDT,2024-02-05,2024-02-05 23:59:59.999
1707177600000,42708.7,43399.98,42574.0,43098.95,24675.85433,1707263999999,1061049582.6002767,1120760,12810.98205,550866463.7409194,BTCUSDT,2024-02-06,2024-02-06 23:59:59.999
1707264000000,43098.96,44396.5,42788.0,44349.6,34392.59915,1707350399999,1496013692.382922,1378809,17755.87738,772721372.4443885,BTCUSDT,2024-02-07,2024-02-07 23:59:59.999
1707350400000,44349.6,45614.3,44331.1,45288.65,45439.62231,1707436799999,2042912128.1517665,1863650,22731.52397,1021963499.800335,BTCUSDT,2024-02-08,2024-02-08 23:59:59.999
1707436800000,45288.66,48200.0,45242.12,47132.77,73503.481,1707523199999,3453043306.4209757,2323884,37360.96419,1754880225.38021,BTCUSDT,2024-02-09,2024-02-09 23:59:59.999
1707523200000,47132.78,48170.0,46800.0,47751.09,24802.35936,1707609599999,1176079377.6922762,1323421,12740.69912,604397015.51796,BTCUSDT,2024-02-10,2024-02-10 23:59:59.999
1707609600000,47751.08,48592.66,47557.16,48299.99,29958.80837,1707695999999,1443314885.7714052,1407270,15741.38294,758411879.955689,BTCUSDT,2024-02-11,2024-02-11 23:59:59.999
1707696000000,48300.0,50334.82,47710.01,49917.27,59009.96705,1707782399999,2898220863.0181804,1939394,30797.43359,1512688561.6888654,BTCUSDT,2024-02-12,2024-02-12 23:59:59.999
1707782400000,49917.28,50368.61,48300.95,49699.59,55551.56706,1707868799999,2745025370.067447,1741811,28409.79337,1403783512.6809905,BTCUSDT,2024-02-13,2024-02-13 23:59:59.999
1707868800000,49699.6,52043.71,49225.01,51795.17,57046.37401,1707955199999,2919604456.723313,1859392,29664.5183,1518339681.334602,BTCUSDT,2024-02-14,2024-02-14 23:59:59.999
1707955200000,51795.17,52816.62,51314.0,51880.0,53816.03055,1708041599999,2802825737.9920154,1786569,26722.58656,1391971339.715806,BTCUSDT,2024-02-15,2024-02-15 23:59:59.999
1708041600000,51880.01,52572.08,51566.0,52124.11,37772.25318,1708127999999,1965003863.9713342,1583711,18309.89888,952708587.7324988,BTCUSDT,2024-02-16,2024-02-16 23:59:59.999
1708128000000,52124.1,52162.82,50625.0,51642.64,25674.00622,1708214399999,1319908544.979089,1427773,12655.51593,650426057.1976154,BTCUSDT,2024-02-17,2024-02-17 23:59:59.999
1708214400000,51642.64,52377.0,51163.28,52137.67,21992.10363,1708300799999,1139209588.4334626,1375422,11281.34692,584447328.1142722,BTCUSDT,2024-02-18,2024-02-18 23:59:59.999
1708300800000,52137.68,52488.77,51677.0,51774.73,29534.99432,1708387199999,1539600521.6007729,1542990,15266.36204,795825023.6442236,BTCUSDT,2024-02-19,2024-02-19 23:59:59.999
1708387200000,51774.74,52985.0,50760.37,52258.82,49614.47318,1708473599999,2574874999.3787174,1971912,24994.25062,1297330385.0050933,BTCUSDT,2024-02-20,2024-02-20 23:59:59.999
1708473600000,52258.82,52366.8,50625.0,51849.39,43079.40049,1708559999999,2210278288.725095,1824860,22239.73293,1140905416.956252,BTCUSDT,2024-02-21,2024-02-21 23:59:59.999
1708560000000,51849.38,52065.78,50940.78,51288.42,35309.44574,1708646399999,1820949707.158534,1688184,17830.4673,919599483.9078617,BTCUSDT,2024-02-22,2024-02-22 23:59:59.999
1708646400000,51288.42,51548.54,50521.0,50744.15,30545.79544,1708732799999,1559143576.8296163,1487039,14610.80906,745820955.2560463,BTCUSDT,2024-02-23,2024-02-23 23:59:59.999
1708732800000,50744.15,51698.0,50585.0,51568.22,16560.4211,1708819199999,847793393.571868,855015,8462.15627,433239599.4239887,BTCUSDT,2024-02-24,2024-02-24 23:59:59.999
1708819200000,51568.21,51958.55,51279.8,51728.85,18721.63159,1708905599999,966951114.4504629,923992,9544.17672,492952522.6816389,BTCUSDT,2024-02-25,2024-02-25 23:59:59.999
1708905600000,51728.85,54910.0,50901.44,54476.47,51256.72199,1708991999999,2710403072.980595,1808909,27198.83551,1438371804.1101012,BTCUSDT,2024-02-26,2024-02-26 23:59:59.999
1708992000000,54476.48,57588.15,54450.13,57037.34,67194.98562,1709078399999,3795949115.2249317,2414285,34970.25885,1975472154.5115738,BTCUSDT,2024-02-27,2024-02-27 23:59:59.999
1709078400000,57037.35,64000.0,56691.85,62432.1,118763.46984,1709164799999,7162581994.48574,3895062,62066.63936,3742433894.9450765,BTCUSDT,2024-02-28,2024-02-28 23:59:59.999
1709164800000,62432.11,63676.35,60364.7,61130.98,78425.07603,1709251199999,4872212871.27608,3169405,39463.06931,2452515504.8686514,BTCUSDT,2024-02-29,2024-02-29 23:59:59.999
1709251200000,61130.99,63114.23,60777.0,62387.9,47737.93473,1709337599999,2956537377.9660296,1947444,24195.70252,1498771144.099956,BTCUSDT,2024-03-01,2024-03-01 23:59:59.999
1709337600000,62387.9,62433.19,61561.12,61987.28,25534.73659,1709423999999,1582566973.834093,1641808,12691.37721,786583052.0862726,BTCUSDT,2024-03-02,2024-03-02 23:59:59.999
1709424000000,61987.28,63231.88,61320.0,63113.97,28994.90903,1709510399999,1804536272.9443457,1992011,14905.186,927868983.7308431,BTCUSDT,2024-03-03,2024-03-03 23:59:59.999
1709510400000,63113.97,68499.0,62300.0,68245.71,84835.16005,1709596799999,5568877537.081252,3887853,45319.0864,2974396037.6857204,BTCUSDT,2024-03-04,2024-03-04 23:59:59.999
1709596800000,68245.71,69000.0,59005.0,63724.01,132696.7813,1709683199999,8674526591.287142,5310706,65991.84526,4318205559.64365,BTCUSDT,2024-03-05,2024-03-05 23:59:59.999
1709683200000,63724.01,67641.1,62779.14,66074.04,78738.85491,1709769599999,5197743036.597276,3302981,40344.32596,2663883160.206962,BTCUSDT,2024-03-06,2024-03-06 23:59:59.999
1709769600000,66074.04,67980.0,65551.0,66823.17,53059.8869,1709855999999,3548088039.2736087,2428227,27935.66302,1867854683.98203,BTCUSDT,2024-03-07,2024-03-07 23:59:59.999
1709856000000,66823.18,69990.0,66082.66,68124.19,74261.932842,1709942399999,5044395324.399055,2943927,37711.514581,2563347797.5286803,BTCUSDT,2024-03-08,2024-03-08 23:59:59.999
1709942400000,68124.2,68541.1,67861.1,68313.27,19872.89743,1710028799999,1355964036.9092987,1345341,10005.592,682720256.0028228,BTCUSDT,2024-03-09,2024-03-09 23:59:59.999
1710028800000,68313.28,69887.61,68094.75,68955.88,38404.66835,1710115199999,2659307501.0945783,2139518,19188.79904,1328747995.9940255,BTCUSDT,2024-03-10,2024-03-10 23:59:59.999
1710115200000,68955.88,72800.0,67024.96,72078.1,75292.825726,1710201599999,5352704377.618805,3043414,39435.855459,2803359303.286973,BTCUSDT,2024-03-11,2024-03-11 23:59:59.999
1710201600000,72078.1,73000.0,68620.82,71452.01,68783.546691,1710287999999,4909667978.559339,3047890,34517.212933,2465202174.407226,BTCUSDT,2024-03-12,2024-03-12 23:59:59.999
1710288000000,71452.0,73650.25,71333.31,73072.41,52659.711647,1710374399999,3829764501.253793,2501197,26787.082237,1948382241.8894603,BTCUSDT,2024-03-13,2024-03-13 23:59:59.999
1710374400000,73072.4,73777.0,68555.0,71388.94,71757.628746,1710460799999,5132189849.096632,2994869,35676.748326,2552190396.8890066,BTCUSDT,2024-03-14,2024-03-14 23:59:59.999
1710460800000,71388.94,72419.71,65600.0,69499.85,103334.03546,1710547199999,7065279917.872112,3904445,49844.66515,3409385750.021177,BTCUSDT,2024-03-15,2024-03-15 23:59:59.999
1710547200000,69499.84,70043.0,64780.0,65300.63,55926.95336,1710633599999,3788544202.8848557,2729019,27240.19894,1846731512.2736232,BTCUSDT,2024-03-16,2024-03-16 23:59:59.999
1710633600000,65300.64,68904.4,64533.0,68393.48,49742.21589,1710719999999,3322963634.2425127,2449156,25328.29435,1692079618.2113106,BTCUSDT,2024-03-17,2024-03-17 23:59:59.999
1710720000000,68393.47,68956.0,66565.2,67609.99,55691.08088,1710806399999,3768277912.418918,2464515,28529.67219,1930726566.249246,BTCUSDT,2024-03-18,2024-03-18 23:59:59.999
1710806400000,67610.0,68124.11,61555.0,61937.4,101005.32487,1710892799999,6484805948.535393,3593832,48205.28434,3095258881.7022734,BTCUSDT,2024-03-19,2024-03-19 23:59:59.999
1710892800000,61937.41,68100.0,60775.0,67840.51,90420.58592,1710979199999,5769770052.062583,3549793,45523.84281,2907222064.1312914,BTCUSDT,2024-03-20,2024-03-20 23:59:59.999
1710979200000,67840.51,68240.47,64529.01,65501.27,53357.48002,1711065599999,3551223142.964417,2388390,26650.09786,1774833851.2215245,BTCUSDT,2024-03-21,2024-03-21 23:59:59.999
1711065600000,65501.28,66649.62,62260.0,63796.64,51482.37821,1711151999999,3310481978.1076455,2492881,24578.87957,1580940164.1212375,BTCUSDT,2024-03-22,2024-03-22 23:59:59.999
1711152000000,63796.64,65999.0,63000.0,63990.01,26410.11409,1711238399999,1706152172.6316135,1753566,12749.00823,823892846.714977,BTCUSDT,2024-03-23,2024-03-23 23:59:59.999
1711238400000,63990.02,67628.69,63772.29,67209.99,31395.78015,1711324799999,2059312948.6486874,1880774,16689.65617,1095820626.0291996,BTCUSDT,2024-03-24,2024-03-24 23:59:59.999
1711324800000,67210.0,71150.0,66385.06,69880.01,53431.14486,1711411199999,3679964073.8112125,2632220,27815.58769,1915614174.2397635,BTCUSDT,2024-03-25,2024-03-25 23:59:59.999
1711411200000,69880.0,71561.1,69280.0,69988.0,38934.38417,1711497599999,2738537345.33588,2176807,19498.85666,1371708206.538872,BTCUSDT,2024-03-26,2024-03-26 23:59:59.999
1711497600000,69987.99,71769.54,68359.18,69469.99,49119.35685,1711583999999,3426458581.943343,2453366,24902.3347,1737325915.8344178,BTCUSDT,2024-03-27,2024-03-27 23:59:59.999
1711584000000,69469.99,71552.06,68903.62,70780.6,35439.03239,1711670399999,2500571208.0026274,1799897,18007.26883,1270852446.707745,BTCUSDT,2024-03-28,2024-03-28 23:59:59.999
1711670400000,70780.6,70916.16,69009.0,69850.54,25445.08353,1711756799999,1779608477.3224537,1522607,11839.0929,828039936.6854533,BTCUSDT,2024-03-29,2024-03-29 23:59:59.999
1711756800000,69850.53,70321.1,69540.0,69582.18,13644.61142,1711843199999,954555919.6855745,1110488,6423.89367,449436189.733619,BTCUSDT,2024-03-30,2024-03-30 23:59:59.999
1711843200000,69582.17,71366.0,69562.99,71280.01,19396.34433,1711929599999,1367523707.261245,1181926,10142.47988,715151368.946302,BTCUSDT,2024-03-31,2024-03-31 23:59:59.999
1711929600000,71280.0,71288.23,68062.86,69649.8,41445.32039,1712015999999,2876486469.465523,1893438,20211.15024,1402849944.782289,BTCUSDT,2024-04-01,2024-04-01 23:59:59.999
1712016000000,69649.81,69674.23,64550.0,65463.99,71799.82793,1712102399999,4750030717.922425,2662410,35520.17401,2348263612.3034706,BTCUSDT,2024-04-02,2024-04-02 23:59:59.999
1712102400000,65463.99,66903.63,64493.07,65963.28,39887.21778,1712188799999,2630556596.1359286,2172096,20618.58747,1360363531.1659517,BTCUSDT,2024-04-03,2024-04-03 23:59:59.999
1712188800000,65963.27,69309.91,65064.52,68487.79,41510.48453,1712275199999,2795469450.572386,2000945,21013.32173,1415699952.0381584,BTCUSDT,2024-04-04,2024-04-04 23:59:59.999
1712275200000,68487.8,68756.67,65952.56,67820.62,37915.23073,1712361599999,2555458935.236009,1901980,18889.98453,1273220222.7625887,BTCUSDT,2024-04-05,2024-04-05 23:59:59.999
1712361600000,67820.63,69692.0,67447.83,68896.0,20134.28919,1712447999999,1373131967.7648187,1171460,9973.86412,680800856.2096505,BTCUSDT,2024-04-06,2024-04-06 23:59:59.999
1712448000000,68896.0,70326.29,68824.0,69360.39,21534.74433,1712534399999,1496213373.1855776,1269048,11149.90398,774906774.5282812,BTCUSDT,2024-04-07,2024-04-07 23:59:59.999
1712534400000,69360.38,72797.99,69043.24,71620.0,45723.87624,1712620799999,3270853309.6629424,2037025,25309.90487,1811209901.716354,BTCUSDT,2024-04-08,2024-04-08 23:59:59.999
1712620800000,71620.0,71758.19,68210.0,69146.0,39293.90242,1712707199999,2749007421.6421075,1804157,18896.53756,1321865585.2380521,BTCUSDT,2024-04-09,2024-04-09 23:59:59.999
1712707200000,69146.0,71172.08,67518.0,70631.08,42006.02377,1712793599999,2901564970.815804,1852170,20269.34809,1401023003.7318227,BTCUSDT,2024-04-10,2024-04-10 23:59:59.999
1712793600000,70631.08,71305.89,69567.21,70006.23,31917.25595,1712879999999,2247473274.6162577,1658995,15908.49124,1120249990.7357526,BTCUSDT,2024-04-11,2024-04-11 23:59:59.999
1712880000000,70006.22,71227.46,65086.86,67116.52,56072.86229,1712966399999,3843551585.3212748,2496617,25935.86464,1777808491.1704543,BTCUSDT,2024-04-12,2024-04-12 23:59:59.999
1712966400000,67116.52,67929.0,60660.57,63924.51,71395.22019,1713052799999,4614468627.809045,3341340,33221.6695,2144846149.680918,BTCUSDT,2024-04-13,2024-04-13 23:59:59.999
1713052800000,63924.52,65840.0,62134.0,65661.84,61599.17818,1713139199999,3946124834.6970353,2657953,29732.29634,1904847012.5093086,BTCUSDT,2024-04-14,2024-04-14 23:59:59.999
1713139200000,65661.85,66867.07,62274.4,63419.99,52389.53069,1713225599999,3398072231.5612235,2539048,25206.68008,1634572976.9398127,BTCUSDT,2024-04-15,2024-04-15 23:59:59.999
1713225600000,63419.99,64365.0,61600.0,63793.39,53435.29331,1713311999999,3355338198.4469132,2604354,26041.2664,1635683129.3076532,BTCUSDT,2024-04-16,2024-04-16 23:59:59.999
1713312000000,63793.4,64499.0,59678.16,61277.37,50610.54509,1713398399999,3128625247.4738536,2458327,24346.74671,1506361259.7013583,BTCUSDT,2024-04-17,2024-04-17 23:59:59.999
1713398400000,61277.38,64117.09,60803.35,63470.08,43601.60918,1713484799999,2726741448.886802,2142511,20870.20705,1305027167.9395082,BTCUSDT,2024-04-18,2024-04-18 23:59:59.999
1713484800000,63470.09,65450.0,59600.01,63818.01,69774.30271,1713571199999,4419893235.183288,2828284,34941.50216,2214809735.2402415,BTCUSDT,2024-04-19,2024-04-19 23:59:59.999
1713571200000,63818.01,65419.0,63090.07,64940.59,23137.42975,1713657599999,1486949581.439479,1376712,11811.8444,759077474.2972904,BTCUSDT,2024-04-20,2024-04-20 23:59:59.999
1713657600000,64940.58,65695.56,64237.5,64941.15,19316.42152,1713743999999,1254396628.1531765,1390153,9734.71767,632257865.0082499,BTCUSDT,2024-04-21,2024-04-21 23:59:59.999
1713744000000,64941.15,67232.35,64500.0,66819.32,31397.99371,1713830399999,2071690434.976552,1816591,16466.05497,1086399264.6092272,BTCUSDT,2024-04-22,2024-04-22 23:59:59.999
1713830400000,66819.32,67183.01,65765.81,66414.0,22599.90004,1713916799999,1502139968.7198818,1433915,10854.17402,721404825.847041,BTCUSDT,2024-04-23,2024-04-23 23:59:59.999
1713916800000,66414.0,67070.43,63606.06,64289.59,33595.69637,1714003199999,2195714861.6576557,1784897,16899.50969,1104368114.1058698,BTCUSDT,2024-04-24,2024-04-24 23:59:59.999
1714003200000,64289.58,65297.94,62794.0,64498.34,31341.46338,1714089599999,2007704069.2622728,1375324,14808.62959,948738136.268438,BTCUSDT,2024-04-25,2024-04-25 23:59:59.999
1714089600000,64498.33,64820.01,63297.48,63770.01,27085.19346,1714175999999,1736631357.3537388,1025561,13570.23647,870093757.518899,BTCUSDT,2024-04-26,2024-04-26 23:59:59.999
1714176000000,63770.0,63923.41,62391.24,63461.98,20933.06052,1714262399999,1320337707.7871158,912422,9903.95325,624733409.2112879,BTCUSDT,2024-04-27,2024-04-27 23:59:59.999
1714262400000,63461.98,64370.0,62781.0,63118.62,16949.20005,1714348799999,1078450016.4732296,790652,7941.33811,505261267.5695052,BTCUSDT,2024-04-28,2024-04-28 23:59:59.999
1714348800000,63118.62,64228.35,61765.53,63866.0,28150.22947,1714435199999,1765038324.6837213,1152296,13986.59437,877053322.3079969,BTCUSDT,2024-04-29,2024-04-29 23:59:59.999
1714435200000,63866.0,64734.0,59191.6,60672.0,54947.65535,1714521599999,3372142467.4322524,1985671,26385.41614,1620421850.578699,BTCUSDT,2024-04-30,2024-04-30 23:59:59.999
1714521600000,60672.01,60841.63,56552.82,58364.97,81166.46823,1714607999999,4705572361.7402,2401089,38203.57377,2213404278.590011,BTCUSDT,2024-05-01,2024-05-01 23:59:59.999
1714608000000,58364.97,59625.0,56911.84,59060.61,47583.81961,1714694399999,2778840305.0505786,1572898,23240.7537,1356148775.8867364,BTCUSDT,2024-05-02,2024-05-02 23:59:59.999
1714694400000,59060.6,63333.0,58811.32,62882.01,43628.40143,1714780799999,2658193708.347904,1558661,22145.44334,1349687455.5957608,BTCUSDT,2024-05-03,2024-05-03 23:59:59.999
1714780800000,62882.01,64540.0,62541.03,63892.04,24368.69282,1714867199999,1547468697.8765798,1113509,12671.20599,804768764.3062501,BTCUSDT,2024-05-04,2024-05-04 23:59:59.999
1714867200000,63892.03,64646.0,62822.17,64012.0,18526.75029,1714953599999,1182572239.5306182,992921,8954.93439,571783428.2394707,BTCUSDT,2024-05-05,2024-05-05 23:59:59.999
1714953600000,64012.0,65500.0,62700.0,63165.19,34674.91949,1715039999999,2218131198.4661326,1392557,17179.56031,1099303474.2805216,BTCUSDT,2024-05-06,2024-05-06 23:59:59.999
1715040000000,63165.18,64422.41,62261.0,62312.08,25598.79472,1715126399999,1624531631.592377,1272898,12502.38281,793575994.2141025,BTCUSDT,2024-05-07,2024-05-07 23:59:59.999
1715126400000,62312.07,63020.22,60888.0,61193.03,26121.19004,1715212799999,1623561041.1255188,1415152,12669.58179,787749415.5480814,BTCUSDT,2024-05-08,2024-05-08 23:59:59.999
1715212800000,61193.03,63429.03,60630.0,63074.01,30660.8061,1715299199999,1895849912.7734754,1381957,15120.01471,935341755.6782354,BTCUSDT,2024-05-09,2024-05-09 23:59:59.999
1715299200000,63074.0,63469.13,60187.12,60799.99,36529.34025,1715385599999,2255550468.413852,1500643,18066.83174,1116494638.2804892,BTCUSDT,2024-05-10,2024-05-10 23:59:59.999
1715385600000,60799.99,61515.0,60487.09,60825.99,13374.56936,1715471999999,814928013.4573288,753281,6223.09555,379263096.215133,BTCUSDT,2024-05-11,2024-05-11 23:59:59.999
1715472000000,60825.99,61888.0,60610.0,61483.99,12753.13236,1715558399999,781041632.4623835,727113,6416.91108,393132351.8883925,BTCUSDT,2024-05-12,2024-05-12 23:59:59.999
1715558400000,61484.0,63450.0,60749.21,62940.08,32733.41839,1715644799999,2041896626.6108148,1371433,16717.90863,1043060982.3574601,BTCUSDT,2024-05-13,2024-05-13 23:59:59.999
1715644800000,62940.09,63118.36,61142.77,61577.49,29088.72041,1715731199999,1800171876.1676655,1127939,13815.81443,855088066.212488,BTCUSDT,2024-05-14,2024-05-14 23:59:59.999
1715731200000,61577.49,66444.16,61319.47,66206.5,43559.74719,1715817599999,2794259631.8910465,1729454,21797.84094,1398781701.4413886,BTCUSDT,2024-05-15,2024-05-15 23:59:59.999
1715817600000,66206.51,66752.01,64602.77,65235.21,31106.3671,1715903999999,2045507646.8293848,1269793,15645.11263,1028962305.104384,BTCUSDT,2024-05-16,2024-05-16 23:59:59.999
1715904000000,65235.21,67451.2,65106.38,67024.0,26292.23409,1715990399999,1745971822.3447454,1117254,13301.09525,883129353.163343,BTCUSDT,2024-05-17,2024-05-17 23:59:59.999
1715990400000,67024.0,67400.01,66600.0,66915.2,14441.25774,1716076799999,967145944.6835316,734067,6911.13424,462859253.5879108,BTCUSDT,2024-05-18,2024-05-18 23:59:59.999
1716076800000,66915.2,67700.0,65857.25,66274.01,18025.30409,1716163199999,1204989222.8768685,823729,8692.17507,581378180.3374597,BTCUSDT,2024-05-19,2024-05-19 23:59:59.999
1716163200000,66274.0,71515.56,66060.31,71446.62,50816.7011,1716249599999,3485474763.752294,1930939,26792.52994,1839346667.540789,BTCUSDT,2024-05-20,2024-05-20 23:59:59.999
1716249600000,71446.62,71979.0,69162.94,70148.34,49607.4336,1716335999999,3509345769.233608,2137448,24686.27911,1746693652.328722,BTCUSDT,2024-05-21,2024-05-21 23:59:59.999
1716336000000,70148.34,70666.0,68842.19,69166.62,27673.18026,1716422399999,1931700812.3032143,1371973,13124.78731,916344293.9104757,BTCUSDT,2024-05-22,2024-05-22 23:59:59.999
1716422400000,69166.62,70096.12,66312.16,67969.65,40513.17374,1716508799999,2766790260.7886024,1827855,19791.15119,1351640092.5813658,BTCUSDT,2024-05-23,2024-05-23 23:59:59.999
1716508800000,67969.66,69250.0,66600.12,68549.99,28095.83664,1716595199999,1906438696.7156012,1165907,14344.29889,973457354.6957757,BTCUSDT,2024-05-24,2024-05-24 23:59:59.999
1716595200000,68549.99,69610.0,68500.0,69290.57,12130.39418,1716681599999,837339788.9838961,703803,5851.95991,403954862.6694792,BTCUSDT,2024-05-25,2024-05-25 23:59:59.999
1716681600000,69290.56,69562.23,68128.01,68507.67,11872.11797,1716767999999,818914878.9908898,722849,5934.62083,409411078.5460924,BTCUSDT,2024-05-26,2024-05-26 23:59:59.999
1716768000000,68507.67,70687.56,68250.0,69436.43,23136.92737,1716854399999,1604722197.8374028,1219341,11709.62174,812172288.2576373,BTCUSDT,2024-05-27,2024-05-27 23:59:59.999
1716854400000,69436.43,69591.81,67277.91,68398.39,32622.97042,1716940799999,2224860225.7992225,1459351,15543.09776,1059920452.3146172,BTCUSDT,2024-05-28,2024-05-28 23:59:59.999
1716940800000,68398.4,68935.68,67124.65,67652.42,23159.83149,1717027199999,1573095221.6483984,1221044,11748.55954,797928379.3669178,BTCUSDT,2024-05-29,2024-05-29 23:59:59.999
1717027200000,67652.41,69500.0,67128.0,68352.17,28478.2184,1717113599999,1945001081.5215867,1272851,14074.36655,961595245.1787834,BTCUSDT,2024-05-30,2024-05-30 23:59:59.999
1717113600000,68352.17,69044.1,66670.0,67540.01,26690.32184,1717199999999,1812659052.2496767,1177860,13258.10182,900414200.1161768,BTCUSDT,2024-05-31,2024-05-31 23:59:59.999
1717200000000,67540.01,67900.0,67428.44,67766.85,8837.66133,1717286399999,598305207.9932046,638484,4235.27045,286752060.4028929,BTCUSDT,2024-06-01,2024-06-01 23:59:59.999
1717286400000,67766.84,68460.0,67257.47,67765.63,15426.32529,1717372799999,1046827665.3829314,812348,7760.23377,526768921.1262222,BTCUSDT,2024-06-02,2024-06-02 23:59:59.999
1717372800000,67765.62,70288.0,67612.48,68809.9,29633.374,1717459199999,2047757076.2268357,1253789,15308.67275,1058024704.3533732,BTCUSDT,2024-06-03,2024-06-03 23:59:59.999
1717459200000,68809.89,71063.45,68567.32,70537.84,29619.78489,1717545599999,2069902136.99324,1254515,14922.96734,1043071241.6284808,BTCUSDT,2024-06-04,2024-06-04 23:59:59.999
1717545600000,70537.83,71758.0,70383.66,71108.0,28703.18082,1717631999999,2040073765.8676395,1055115,14210.23392,1010053925.7910814,BTCUSDT,2024-06-05,2024-06-05 23:59:59.999
1717632000000,71108.0,71700.0,70117.64,70799.06,21842.00449,1717718399999,1551467659.1542966,900226,10287.3911,730849194.230399,BTCUSDT,2024-06-06,2024-06-06 23:59:59.999
1717718400000,70799.06,71997.02,68420.0,69355.6,35598.45045,1717804799999,2507250591.3329782,1516415,17318.78051,1220810920.344433,BTCUSDT,2024-06-07,2024-06-07 23:59:59.999
1717804800000,69355.6,69582.2,69168.02,69310.46,9773.82967,1717891199999,678267390.5310388,714103,4772.23036,331182466.9003425,BTCUSDT,2024-06-08,2024-06-08 23:59:59.999
1717891200000,69310.46,69857.14,69130.24,69648.14,9890.56709,1717977599999,687344656.0725566,575583,4883.69296,339405376.0815447,BTCUSDT,2024-06-09,2024-06-09 23:59:59.999
1717977600000,69648.15,70195.94,69172.29,69540.0,17122.66941,1718063999999,1192466549.9691226,936731,8412.00246,585909223.775813,BTCUSDT,2024-06-10,2024-06-10 23:59:59.999
1718064000000,69540.0,69590.01,66051.0,67314.24,41436.01588,1718150399999,2793799020.4691243,1782415,19839.8232,1337254654.9989924,BTCUSDT,2024-06-11,2024-06-11 23:59:59.999
1718150400000,67314.23,69999.0,66905.0,68263.99,37175.32356,1718236799999,2550285139.184372,1670745,18975.89081,1302069589.6416814,BTCUSDT,2024-06-12,2024-06-12 23:59:59.999
1718236800000,68263.98,68449.3,66251.78,66773.01,29079.55571,1718323199999,1958897960.9172916,1518202,13886.14007,935614189.6986811,BTCUSDT,2024-06-13,2024-06-13 23:59:59.999
1718323200000,66773.01,67370.24,65078.0,66043.99,28408.18797,1718409599999,1884451554.428285,1736314,13619.40861,903708200.7849749,BTCUSDT,2024-06-14,2024-06-14 23:59:59.999
1718409600000,66043.99,66478.48,65857.1,66228.25,11451.80242,1718495999999,758175888.0283372,700886,5495.02083,363796116.4535752,BTCUSDT,2024-06-15,2024-06-15 23:59:59.999
1718496000000,66228.25,66998.7,66034.5,66676.87,9392.52223,1718582399999,624653672.6138575,703295,4750.05166,315940653.9926121,BTCUSDT,2024-06-16,2024-06-16 23:59:59.999
1718582400000,66676.86,67298.81,65130.0,66504.33,27386.16851,1718668799999,1812061226.7565656,1542620,13716.89431,907703353.5304953,BTCUSDT,2024-06-17,2024-06-17 23:59:59.999
1718668800000,66504.33,66588.23,64060.0,65175.32,42350.10244,1718755199999,2755141806.0310903,2151711,20076.41361,1305946733.5892808,BTCUSDT,2024-06-18,2024-06-18 23:59:59.999
1718755200000,65175.32,65727.54,64666.0,64974.37,20060.79576,1718841599999,1307731953.9545317,1078458,10289.7818,670875724.3137285,BTCUSDT,2024-06-19,2024-06-19 23:59:59.999
1718841600000,64974.37,66482.94,64559.15,64869.99,24265.29031,1718927999999,1584896152.1663702,1282687,11828.87934,772646071.2169966,BTCUSDT,2024-06-20,2024-06-20 23:59:59.999
1718928000000,64869.99,65066.66,63379.35,64143.56,25993.56442,1719014399999,1665541539.708616,1362617,12543.2596,803462610.6919086,BTCUSDT,2024-06-21,2024-06-21 23:59:59.999
1719014400000,64143.56,64546.81,63943.82,64262.01,7308.95542,1719100799999,470027247.3402083,562832,3756.29045,241583895.4543618,BTCUSDT,2024-06-22,2024-06-22 23:59:59.999
1719100800000,64262.01,64521.0,63178.32,63210.01,8224.45447,1719187199999,526848525.0029452,592759,3974.67964,254685735.5338773,BTCUSDT,2024-06-23,2024-06-23 23:59:59.999
1719187200000,63210.01,63369.8,58402.0,60293.3,52161.35414,1719273599999,3180853460.924751,2190787,24495.59428,1493633137.5266542,BTCUSDT,2024-06-24,2024-06-24 23:59:59.999
1719273600000,60293.3,62420.0,60257.06,61806.01,31189.24361,1719359999999,1914901308.84587,1277481,15360.08458,943071608.5109415,BTCUSDT,2024-06-25,2024-06-25 23:59:59.999
1719360000000,61806.01,62487.81,60712.0,60864.99,22485.66463,1719446399999,1381716993.3554919,1112152,11435.02653,702676210.4365481,BTCUSDT,2024-06-26,2024-06-26 23:59:59.999
1719446400000,60864.98,62389.22,60606.63,61706.47,18344.28631,1719532799999,1126705164.782892,1062176,9298.265,570914131.0571834,BTCUSDT,2024-06-27,2024-06-27 23:59:59.999
1719532800000,61706.46,62225.31,60063.0,60427.84,24821.19255,1719619199999,1519872032.026636,1479626,12661.53908,775499790.7912346,BTCUSDT,2024-06-28,2024-06-28 23:59:59.999
1719619200000,60427.84,61224.0,60383.77,60986.68,11509.55904,1719705599999,701345872.4881144,767669,5461.68911,332791254.6908993,BTCUSDT,2024-06-29,2024-06-29 23:59:59.999
1719705600000,60986.68,63058.76,60712.21,62772.01,17326.30136,1719791999999,1070250012.5446604,1108912,8224.44601,508208752.0856987,BTCUSDT,2024-06-30,2024-06-30 23:59:59.999
1719792000000,62772.01,63861.76,62497.2,62899.99,24547.10538,1719878399999,1550980813.6701345,1461508,12388.60654,782785773.8355592,BTCUSDT,2024-07-01,2024-07-01 23:59:59.999
1719878400000,62900.0,63288.83,61806.28,62135.47,18573.11875,1719964799999,1160792332.6175597,1308816,9453.17931,590763216.5799825,BTCUSDT,2024-07-02,2024-07-02 23:59:59.999
1719964800000,62135.46,62285.94,59400.0,60208.58,32160.11127,1720051199999,1945901232.9066572,1839372,15055.45492,910631739.6738483,BTCUSDT,2024-07-03,2024-07-03 23:59:59.999
1720051200000,60208.57,60498.19,56771.0,57050.01,54568.77276,1720137599999,3168619756.2436485,2523236,24982.98822,1450509608.6804216,BTCUSDT,2024-07-04,2024-07-04 23:59:59.999
1720137600000,57050.02,57546.0,53485.93,56628.79,81348.24756,1720223999999,4515040083.536515,3749255,37926.65162,2104682004.5166821,BTCUSDT,2024-07-05,2024-07-05 23:59:59.999
1720224000000,56628.79,58475.0,56018.0,58230.13,21651.31558,1720310399999,1235398733.4357028,1411065,11083.50401,632724011.5474728,BTCUSDT,2024-07-06,2024-07-06 23:59:59.999
1720310400000,58230.13,58449.46,55724.37,55857.81,19118.93918,1720396799999,1094135752.452869,1289229,9081.66872,519830378.935563,BTCUSDT,2024-07-07,2024-07-07 23:59:59.999
1720396800000,55857.81,58236.73,54260.16,56714.62,48090.2049,1720483199999,2699942701.375511,2554389,23963.90684,1346497811.2117922,BTCUSDT,2024-07-08,2024-07-08 23:59:59.999
1720483200000,56714.61,58296.0,56289.45,58050.0,27732.20788,1720569599999,1592351321.655387,1757693,14143.25001,812249336.7493434,BTCUSDT,2024-07-09,2024-07-09 23:59:59.999
1720569600000,58050.0,59470.0,57157.79,57725.85,24951.73799,1720655999999,1452293495.6501489,1766696,12423.53162,723209557.6496755,BTCUSDT,2024-07-10,2024-07-10 23:59:59.999
1720656000000,57725.85,59650.0,57050.0,57339.89,29761.05735,1720742399999,1728929618.0583844,2157661,15019.30135,872986677.1195273,BTCUSDT,2024-07-11,2024-07-11 23:59:59.999
1720742400000,57339.89,58526.68,56542.47,57889.1,23652.4569,1720828799999,1360201319.0761504,1749738,11488.82545,661028735.6644312,BTCUSDT,2024-07-12,2024-07-12 23:59:59.999
1720828800000,57889.09,59850.0,57756.63,59204.02,15357.74519,1720915199999,900429281.1482327,1114391,7889.36244,462600767.8610776,BTCUSDT,2024-07-13,2024-07-13 23:59:59.999
1720915200000,59204.01,61420.69,59194.01,60797.91,21178.33907,1721001599999,1273562988.611176,1456088,10479.46025,630300143.2598463,BTCUSDT,2024-07-14,2024-07-14 23:59:59.999
1721001600000,60797.91,64900.0,60632.3,64724.14,38690.9782,1721087999999,2435540879.0289335,2600425,19076.54212,1201411783.6666038,BTCUSDT,2024-07-15,2024-07-15 23:59:59.999
1721088000000,64724.06,65388.97,62373.24,65043.99,42530.52915,1721174399999,2725231969.2884507,2484783,21595.04799,1384337933.3310027,BTCUSDT,2024-07-16,2024-07-16 23:59:59.999
1721174400000,65044.0,66128.63,63854.0,64087.99,29567.52954,1721260799999,1922412273.0882094,1868671,14616.17013,950725865.5856608,BTCUSDT,2024-07-17,2024-07-17 23:59:59.999
1721260800000,64087.99,65133.3,63238.48,63987.92,22568.7225,1721347199999,1449872437.6497972,1696742,11288.35191,725073622.705674,BTCUSDT,2024-07-18,2024-07-18 23:59:59.999
1721347200000,63987.92,67386.0,63300.67,66660.0,35634.72739,1721433599999,2331517674.368659,2184889,17971.06949,1176753281.038326,BTCUSDT,2024-07-19,2024-07-19 23:59:59.999
1721433600000,66660.01,67598.0,66222.46,67139.96,14386.92434,1721519999999,961878801.8482211,995093,6868.63454,459313955.2534891,BTCUSDT,2024-07-20,2024-07-20 23:59:59.999
1721520000000,67139.97,68366.66,65777.0,68165.34,21819.11191,1721606399999,1465757867.9747434,1322942,11412.05459,766856991.8425376,BTCUSDT,2024-07-21,2024-07-21 23:59:59.999
1721606400000,68165.35,68474.55,66559.97,67532.01,21451.04303,1721692799999,1448418369.8467097,1558140,10263.9504,693063991.1191068,BTCUSDT,2024-07-22,2024-07-22 23:59:59.999
1721692800000,67532.0,67750.98,65441.08,65936.01,31406.15316,1721779199999,2088544473.3235078,1772089,15168.84798,1008794779.0389912,BTCUSDT,2024-07-23,2024-07-23 23:59:59.999
1721779200000,65936.0,67102.01,65111.0,65376.0,23082.56277,1721865599999,1526490826.4669967,1391053,10827.75551,716084205.2016414,BTCUSDT,2024-07-24,2024-07-24 23:59:59.999
1721865600000,65376.01,66175.49,63456.7,65799.95,35126.42934,1721951999999,2266419771.224864,1830360,16579.45258,1070150879.3639548,BTCUSDT,2024-07-25,2024-07-25 23:59:59.999
1721952000000,65799.95,68200.0,65722.63,67907.99,24244.36023,1722038399999,1630839588.6966548,1406982,12444.52129,837159298.5663502,BTCUSDT,2024-07-26,2024-07-26 23:59:59.999
1722038400000,67908.0,69399.99,66650.0,67896.5,31710.21921,1722124799999,2162335067.0234175,1690591,15838.9282,1080427116.1916444,BTCUSDT,2024-07-27,2024-07-27 23:59:59.999
1722124800000,67896.49,68318.43,67066.66,68249.88,10868.69394,1722211199999,736755676.1377451,821210,5403.48694,366295409.635027,BTCUSDT,2024-07-28,2024-07-28 23:59:59.999
1722211200000,68249.88,70079.99,66428.0,66784.69,36467.29633,1722297599999,2499265962.091455,1952812,18196.23316,1248743452.5576787,BTCUSDT,2024-07-29,2024-07-29 23:59:59.999
1722297600000,66784.68,67000.0,65302.67,66188.0,23132.25441,1722383999999,1533270724.799421,1622083,11096.82554,735708436.0236866,BTCUSDT,2024-07-30,2024-07-30 23:59:59.999
1722384000000,66188.0,66849.24,64530.0,64628.0,22625.43905,1722470399999,1489443332.5960116,1609976,10818.48504,712275323.706937,BTCUSDT,2024-07-31,2024-07-31 23:59:59.999
1722470400000,64628.01,65659.78,62302.0,65354.02,35542.26854,1722556799999,2270877792.65868,2397257,16886.93292,1079221072.7580278,BTCUSDT,2024-08-01,2024-08-01 23:59:59.999
1722556800000,65354.02,65596.14,61230.01,61498.33,38820.42937,1722643199999,2469588785.6981573,2457735,18202.35794,1158565579.090291,BTCUSDT,2024-08-02,2024-08-02 23:59:59.999
1722643200000,61498.34,62198.22,59850.0,60697.99,28034.71567,1722729599999,1711555901.18011,1669555,12947.95791,790701622.6375737,BTCUSDT,2024-08-03,2024-08-03 23:59:59.999
1722729600000,60697.99,61117.63,57122.77,58161.0,31616.52003,1722815999999,1874490041.5437353,1886195,14556.6247,863334319.9678984,BTCUSDT,2024-08-04,2024-08-04 23:59:59.999
1722816000000,58161.0,58305.59,49000.0,54018.81,162065.59186,1722902399999,8580928177.429901,7568497,77363.26323,4097736999.0679235,BTCUSDT,2024-08-05,2024-08-05 23:59:59.999
1722902400000,54018.82,57040.99,53950.0,56022.01,55884.77676,1722988799999,3119018848.329888,3433824,27934.19288,1559417942.6490836,BTCUSDT,2024-08-06,2024-08-06 23:59:59.999
1722988800000,56022.0,57736.05,54558.62,55134.16,44269.37684,1723075199999,2490553853.602583,2397504,21897.14983,1232415104.4472857,BTCUSDT,2024-08-07,2024-08-07 23:59:59.999
1723075200000,55133.76,62745.14,54730.0,61685.99,48349.52949,1723161599999,2836312292.431818,2603042,25676.29533,1508140014.0005167,BTCUSDT,2024-08-08,2024-08-08 23:59:59.999
1723161600000,61686.0,61744.37,59535.0,60837.99,30972.48017,1723247999999,1878350555.5122633,1827809,15023.05073,911225295.6263436,BTCUSDT,2024-08-09,2024-08-09 23:59:59.999
1723248000000,60837.99,61470.58,60242.0,60923.51,9995.20621,1723334399999,607372221.2460397,800499,4893.63854,297435046.0025079,BTCUSDT,2024-08-10,2024-08-10 23:59:59.999
1723334400000,60923.51,61858.0,58286.73,58712.59,19189.84512,1723420799999,1152081498.1567774,1319469,9094.74521,546165456.9550736,BTCUSDT,2024-08-11,2024-08-11 23:59:59.999
1723420800000,58712.59,60711.09,57642.21,59346.64,37009.91743,1723507199999,2186851067.316586,2293837,18279.26596,1080368631.1427846,BTCUSDT,2024-08-12,2024-08-12 23:59:59.999
1723507200000,59346.64,61578.1,58392.88,60587.15,27858.95851,1723593599999,1668247896.8477187,1713485,13647.22341,817397824.2293857,BTCUSDT,2024-08-13,2024-08-13 23:59:59.999
1723593600000,60587.16,61800.0,58433.18,58683.39,28422.76326,1723679999999,1705464263.505865,1729342,13263.8962,796386901.3641165,BTCUSDT,2024-08-14,2024-08-14 23:59:59.999
1723680000000,58683.39,59849.38,56078.54,57541.06,37686.17622,1723766399999,2194915865.052229,2507858,17255.22311,1005337423.7264239,BTCUSDT,2024-08-15,2024-08-15 23:59:59.999
1723766400000,57541.05,59817.76,57098.62,58874.6,27610.84344,1723852799999,1614654900.3332715,1999539,13963.51824,816740633.5454462,BTCUSDT,2024-08-16,2024-08-16 23:59:59.999
1723852800000,58874.59,59700.0,58785.05,59491.99,7721.72931,1723939199999,457737705.7722839,807159,3871.6531,229477473.8098391,BTCUSDT,2024-08-17,2024-08-17 23:59:59.999
1723939200000,59491.99,60284.99,58408.92,58427.35,13634.85717,1724025599999,813166580.7264851,1099730,6660.58254,397459480.8719823,BTCUSDT,2024-08-18,2024-08-18 23:59:59.999
1724025600000,58427.35,59617.63,57787.3,59438.5,22809.31251,1724111999999,1336287900.197634,1636295,11350.30776,665066212.7595356,BTCUSDT,2024-08-19,2024-08-19 23:59:59.999
1724112000000,59438.5,61400.0,58548.23,59013.8,31477.44548,1724198399999,1890620149.7910202,1904519,16041.22019,964180516.1529399,BTCUSDT,2024-08-20,2024-08-20 23:59:59.999
1724198400000,59013.8,61820.93,58783.47,61156.03,27983.6422,1724284799999,1682529555.0960546,1981525,14156.90984,851829721.3994548,BTCUSDT,2024-08-21,2024-08-21 23:59:59.999
1724284800000,61156.03,61400.0,59724.87,60375.84,21241.20588,1724371199999,1288544247.9560175,1718280,10269.33376,623042041.0781735,BTCUSDT,2024-08-22,2024-08-22 23:59:59.999
1724371200000,60375.83,64955.0,60342.14,64037.24,38118.07089,1724457599999,2375916932.7935486,2555682,20372.88336,1270318490.0257754,BTCUSDT,2024-08-23,2024-08-23 23:59:59.999
1724457600000,64037.24,64494.5,63531.0,64157.01,15857.15616,1724543999999,1015774255.1740764,1551856,7643.02686,489673236.6598002,BTCUSDT,2024-08-24,2024-08-24 23:59:59.999
1724544000000,64157.02,65000.0,63773.27,64220.0,12305.47977,1724630399999,789935122.9930242,1263065,6315.72233,405555580.8604438,BTCUSDT,2024-08-25,2024-08-25 23:59:59.999
1724630400000,64219.99,64481.0,62800.0,62834.0,19470.05276,1724716799999,1238341818.4320166,2152841,8995.67609,572188217.6295675,BTCUSDT,2024-08-26,2024-08-26 23:59:59.999
1724716800000,62834.0,63212.0,58034.01,59415.0,35135.94178,1724803199999,2158144642.992993,2995281,15873.1536,975361314.8776591,BTCUSDT,2024-08-27,2024-08-27 23:59:59.999
1724803200000,59415.0,60234.98,57860.0,59034.9,36868.54275,1724889599999,2183054412.974087,3664134,17135.91162,1014904733.0685129,BTCUSDT,2024-08-28,2024-08-28 23:59:59.999
1724889600000,59034.9,61166.99,58713.09,59359.01,27020.90743,1724975999999,1617931684.258576,2743900,13152.3859,787682410.3518869,BTCUSDT,2024-08-29,2024-08-29 23:59:59.999
1724976000000,59359.0,59944.07,57701.1,59123.99,28519.32195,1725062399999,1680918972.4658496,2845696,13783.34749,812769089.2849813,BTCUSDT,2024-08-30,2024-08-30 23:59:59.999
1725062400000,59123.99,59462.38,58744.0,58973.99,8798.409,1725148799999,519849184.8690446,895944,4195.93079,247955494.3591592,BTCUSDT,2024-08-31,2024-08-31 23:59:59.999
1725148800000,58974.0,59076.59,57201.0,57301.86,20705.15741,1725235199999,1202176847.3910584,2153180,9651.50531,560452387.8985474,BTCUSDT,2024-09-01,2024-09-01 23:59:59.999
1725235200000,57301.77,59425.69,57128.0,59132.13,22895.01461,1725321599999,1333092369.4465685,1966119,11295.25452,657496577.6304803,BTCUSDT,2024-09-02,2024-09-02 23:59:59.999
1725321600000,59132.12,59809.65,57415.0,57487.73,22828.18447,1725407999999,1335076815.8599248,2208758,10979.79204,642252673.1132113,BTCUSDT,2024-09-03,2024-09-03 23:59:59.999
1725408000000,57487.74,58519.0,55606.0,57970.9,35560.82146,1725494399999,2027630870.1796753,3177549,16861.75483,961923197.778253,BTCUSDT,2024-09-04,2024-09-04 23:59:59.999
1725494400000,57970.9,58327.07,55643.65,56180.0,27806.91413,1725580799999,1577770853.1007974,3368058,12955.8897,734996919.3590955,BTCUSDT,2024-09-05,2024-09-05 23:59:59.999
1725580800000,56180.0,57008.0,52550.0,53962.97,54447.76826,1725667199999,2988914918.924334,5287281,25325.18849,1390546230.881093,BTCUSDT,2024-09-06,2024-09-06 23:59:59.999
1725667200000,53962.97,54850.0,53745.54,54160.86,16694.04774,1725753599999,905693342.5898322,1920923,8023.90683,435381439.0095956,BTCUSDT,2024-09-07,2024-09-07 23:59:59.999
1725753600000,54160.86,55318.0,53629.01,54869.95,16274.14779,1725839999999,885743172.9184759,1796092,8031.76084,437221897.1104152,BTCUSDT,2024-09-08,2024-09-08 23:59:59.999
1725840000000,54869.95,58088.0,54591.96,57042.0,32384.51737,1725926399999,1809715390.0493293,3355912,16412.83148,917669512.2220293,BTCUSDT,2024-09-09,2024-09-09 23:59:59.999
1725926400000,57042.01,58044.36,56386.4,57635.99,23626.78126,1726012799999,1349365460.0900571,2843148,11690.37506,667774722.6993911,BTCUSDT,2024-09-10,2024-09-10 23:59:59.999
1726012800000,57635.99,57981.71,55545.19,57338.0,33026.56757,1726099199999,1875738697.3784153,4045103,15979.30786,907634258.5649891,BTCUSDT,2024-09-11,2024-09-11 23:59:59.999
1726099200000,57338.0,58588.0,57324.0,58132.32,31074.40631,1726185599999,1802848638.0757017,3706764,14783.00418,857572456.5100869,BTCUSDT,2024-09-12,2024-09-12 23:59:59.999
1726185600000,58132.31,60625.0,57632.62,60498.0,29825.23333,1726271999999,1760671733.5492997,3378012,15395.13731,909141733.9747654,BTCUSDT,2024-09-13,2024-09-13 23:59:59.999
1726272000000,60497.99,60610.45,59400.0,59993.03,12137.90901,1726358399999,728527024.3416963,1288784,5570.22098,334303099.7432136,BTCUSDT,2024-09-14,2024-09-14 23:59:59.999
1726358400000,59993.02,60395.8,58691.05,59132.0,13757.92361,1726444799999,822410872.3906956,1552950,6431.24697,384460724.5703967,BTCUSDT,2024-09-15,2024-09-15 23:59:59.999
1726444800000,59132.0,59210.7,57493.3,58213.99,26477.5642,1726531199999,1543273198.7027452,3145152,12859.7584,749563220.8060508,BTCUSDT,2024-09-16,2024-09-16 23:59:59.999
1726531200000,58213.99,61320.0,57610.01,60313.99,33116.25878,1726617599999,1983378424.775704,3918209,16390.65993,981860543.2735815,BTCUSDT,2024-09-17,2024-09-17 23:59:59.999
1726617600000,60313.99,61786.24,59174.8,61759.99,36087.02469,1726703999999,2174000496.820776,5167671,18429.59712,1110622778.7510853,BTCUSDT,2024-09-18,2024-09-18 23:59:59.999
1726704000000,61759.98,63850.0,61555.0,62947.99,34332.52608,1726790399999,2153175931.1738715,4438284,17609.62958,1104427424.5246968,BTCUSDT,2024-09-19,2024-09-19 23:59:59.999
1726790400000,62948.0,64133.32,62350.0,63201.05,25466.37794,1726876799999,1611195963.9908044,3969296,12411.32227,785440558.8125728,BTCUSDT,2024-09-20,2024-09-20 23:59:59.999
1726876800000,63201.05,63559.9,62758.0,63348.96,8375.34608,1726963199999,528657852.3183024,1283611,3877.73743,244802615.7845593,BTCUSDT,2024-09-21,2024-09-21 23:59:59.999
1726963200000,63348.97,64000.0,62357.93,63578.76,14242.19892,1727049599999,897477338.3735127,2145736,6923.17369,436456231.9537881,BTCUSDT,2024-09-22,2024-09-22 23:59:59.999
1727049600000,63578.76,64745.88,62538.75,63339.99,24078.05287,1727135999999,1531015038.3680267,3999187,12331.07643,784350440.7145653,BTCUSDT,2024-09-23,2024-09-23 23:59:59.999
1727136000000,63339.99,64688.0,62700.0,64262.7,23185.04759,1727222399999,1472720338.8562915,3870157,11522.89363,732118662.4171054,BTCUSDT,2024-09-24,2024-09-24 23:59:59.999
1727222400000,64262.7,64817.99,62947.08,63152.01,17813.11168,1727308799999,1135250828.2732148,3355531,8384.67983,534590429.2105493,BTCUSDT,2024-09-25,2024-09-25 23:59:59.999
1727308800000,63152.01,65839.0,62670.0,65173.99,28373.30593,1727395199999,1831204595.9448967,4361333,15041.9886,971176161.3870806,BTCUSDT,2024-09-26,2024-09-26 23:59:59.999
1727395200000,65173.99,66498.0,64819.9,65769.95,22048.80487,1727481599999,1448852210.3602211,3498529,11092.85716,729156061.3679231,BTCUSDT,2024-09-27,2024-09-27 23:59:59.999
1727481600000,65769.95,66260.0,65422.23,65858.0,9127.23316,1727567999999,600118483.1222521,1341703,4501.22534,296026669.8337066,BTCUSDT,2024-09-28,2024-09-28 23:59:59.999
1727568000000,65858.0,66076.12,65432.0,65602.01,8337.74111,1727654399999,547980013.7152303,1413449,4132.9378,271622295.3535291,BTCUSDT,2024-09-29,2024-09-29 23:59:59.999
1727654400000,65602.01,65618.8,62856.3,63327.59,30011.08752,1727740799999,1920250261.7442162,3978584,14451.93044,924324016.7358449,BTCUSDT,2024-09-30,2024-09-30 23:59:59.999
1727740800000,63327.6,64130.63,60164.0,60805.78,43671.48108,1727827199999,2723672081.8326254,5607069,20951.74486,1308603194.3310401,BTCUSDT,2024-10-01,2024-10-01 23:59:59.999
1727827200000,60804.92,62390.31,60000.0,60649.28,31534.70118,1727913599999,1928377637.836784,5313210,15719.32519,961468320.5154727,BTCUSDT,2024-10-02,2024-10-02 23:59:59.999
1727913600000,60649.27,61477.19,59828.11,60752.71,26221.43472,1727999999999,1590773866.8074434,5244004,12906.51464,783073701.7331173,BTCUSDT,2024-10-03,2024-10-03 23:59:59.999
1728000000000,60752.72,62484.85,60459.9,62086.0,21294.65994,1728086399999,1311145630.5020497,3798631,10689.34488,658151113.9351828,BTCUSDT,2024-10-04,2024-10-04 23:59:59.999
1728086400000,62086.0,62370.56,61689.26,62058.0,7807.46141,1728172799999,484588468.3419123,1183175,3690.55536,229107774.75427,BTCUSDT,2024-10-05,2024-10-05 23:59:59.999
1728172800000,62058.01,62975.0,61798.97,62819.91,8906.86177,1728259199999,555669634.4773514,1556553,4798.29924,299426562.8303448,BTCUSDT,2024-10-06,2024-10-06 23:59:59.999
1728259200000,62819.91,64478.19,62128.0,62224.0,25966.1852,1728345599999,1646315506.5791945,4809342,12760.73415,809108823.5126126,BTCUSDT,2024-10-07,2024-10-07 23:59:59.999
1728345600000,62224.01,63200.0,61860.31,62160.49,19702.22371,1728431999999,1230076253.818657,3798438,9614.36947,600357593.787378,BTCUSDT,2024-10-08,2024-10-08 23:59:59.999
1728432000000,62160.5,62543.75,60301.0,60636.02,20011.15684,1728518399999,1234778807.5932417,3668363,9454.70171,583725546.0309885,BTCUSDT,2024-10-09,2024-10-09 23:59:59.999
1728518400000,60636.01,61321.68,58946.0,60326.39,23967.92481,1728604799999,1445604381.9363792,3872577,10827.77272,653182369.9427671,BTCUSDT,2024-10-10,2024-10-10 23:59:59.999
1728604800000,60326.4,63417.56,60087.64,62540.0,23641.35209,1728691199999,1462219576.849865,3222180,12099.56755,748431117.9165705,BTCUSDT,2024-10-11,2024-10-11 23:59:59.999
1728691200000,62539.99,63480.0,62487.23,63206.22,10911.30116,1728777599999,686978508.9887543,1770837,5196.91695,327263147.4760401,BTCUSDT,2024-10-12,2024-10-12 23:59:59.999
1728777600000,63206.23,63285.72,62050.0,62870.02,11909.21995,1728863999999,746564374.2082387,2242529,5855.04617,367046338.9194209,BTCUSDT,2024-10-13,2024-10-13 23:59:59.999
1728864000000,62870.02,66500.0,62457.81,66083.99,37669.95222,1728950399999,2450094472.813545,4977577,19941.11906,1297062359.2474864,BTCUSDT,2024-10-14,2024-10-14 23:59:59.999
1728950400000,66084.0,67950.0,64800.01,67074.14,43683.95423,1729036799999,2894021862.319518,6245619,21820.682,1446378130.5659852,BTCUSDT,2024-10-15,2024-10-15 23:59:59.999
1729036800000,67074.14,68424.0,66750.49,67620.01,29938.25544,1729123199999,2024560410.1062675,5109685,15212.87402,1029210667.4758284,BTCUSDT,2024-10-16,2024-10-16 23:59:59.999
1729123200000,67620.0,67939.4,66666.0,67421.78,25328.22861,1729209599999,1702164439.5654595,3981960,12153.94712,816887407.4042379,BTCUSDT,2024-10-17,2024-10-17 23:59:59.999
1729209600000,67421.78,69000.0,67192.36,68428.0,28725.635,1729295999999,1959735899.8769643,4010969,14218.1785,970440964.2668117,BTCUSDT,2024-10-18,2024-10-18 23:59:59.999
1729296000000,68427.99,68693.26,68010.0,68378.0,8193.66737,1729382399999,559628628.9613105,1152428,4071.19627,278085065.5176925,BTCUSDT,2024-10-19,2024-10-19 23:59:59.999
1729382400000,68377.99,69400.0,68100.0,69031.99,12442.47378,1729468799999,854082429.8105861,1563795,6772.92574,465001555.930983,BTCUSDT,2024-10-20,2024-10-20 23:59:59.999
1729468800000,69032.0,69519.52,66840.67,67377.5,31374.42184,1729555199999,2130833593.5466976,3686777,13593.60828,923860758.4208844,BTCUSDT,2024-10-21,2024-10-21 23:59:59.999
1729555200000,67377.5,67836.01,66571.42,67426.0,24598.96268,1729641599999,1654285791.6605556,3669291,12400.51857,834160889.2398736,BTCUSDT,2024-10-22,2024-10-22 23:59:59.999
1729641600000,67426.01,67472.83,65260.0,66668.65,25530.2407,1729727999999,1695101430.9187467,3807365,11888.33995,789384635.110686,BTCUSDT,2024-10-23,2024-10-23 23:59:59.999
1729728000000,66668.65,68850.0,66510.0,68198.28,22589.83877,1729814399999,1526736320.912938,3797462,11502.58514,777936396.524746,BTCUSDT,2024-10-24,2024-10-24 23:59:59.999
1729814400000,68198.27,68771.49,65596.29,66698.33,34479.71125,1729900799999,2320667435.293254,5332593,16031.032,1079347459.1549635,BTCUSDT,2024-10-25,2024-10-25 23:59:59.999
1729900800000,66698.32,67454.55,66439.9,67092.76,11842.9077,1729987199999,792887047.147892,2373501,6069.18986,406369780.1532944,BTCUSDT,2024-10-26,2024-10-26 23:59:59.999
1729987200000,67092.76,68332.05,66913.73,68021.7,8653.19592,1730073599999,585006148.4704809,1771989,4417.7362,298699666.9984393,BTCUSDT,2024-10-27,2024-10-27 23:59:59.999
1730073600000,68021.69,70270.0,67618.0,69962.21,29046.75459,1730159999999,2005105729.8174448,4432446,15218.34976,1051606096.4298259,BTCUSDT,2024-10-28,2024-10-28 23:59:59.999
1730160000000,69962.21,73620.12,69760.0,72736.42,50128.60594,1730246399999,3602465986.8917575,5645430,26898.46516,1932608784.1630373,BTCUSDT,2024-10-29,2024-10-29 23:59:59.999
1730246400000,72736.41,72961.0,71436.0,72344.74,26885.99056,1730332799999,1941210537.2882867,4040734,13487.21433,973898183.7467278,BTCUSDT,2024-10-30,2024-10-30 23:59:59.999
1730332800000,72344.75,72700.0,69685.76,70292.01,29352.10297,1730419199999,2091144977.4946847,4525542,14205.13879,1012048241.8498938,BTCUSDT,2024-10-31,2024-10-31 23:59:59.999
1730419200000,70292.01,71632.95,68820.14,69496.01,38301.86755,1730505599999,2677358022.00497,4569271,18044.1622,1261663986.7596903,BTCUSDT,2024-11-01,2024-11-01 23:59:59.999
1730505600000,69496.0,69914.37,69000.14,69374.74,10521.67243,1730591999999,731232427.6311548,1603561,5227.50713,363370734.8158011,BTCUSDT,2024-11-02,2024-11-02 23:59:59.999
1730592000000,69374.74,69391.0,67478.73,68775.99,24995.70243,1730678399999,1709666206.4062023,3668029,12277.58177,839939073.1389577,BTCUSDT,2024-11-03,2024-11-03 23:59:59.999
1730678400000,68775.99,69500.0,66835.0,67850.01,29800.39187,1730764799999,2033902307.0027761,5377048,14927.24077,1019257547.5246849,BTCUSDT,2024-11-04,2024-11-04 23:59:59.999
1730764800000,67850.01,70577.91,67476.63,69372.01,33355.06888,1730851199999,2310418908.069922,4955644,17059.88663,1181816730.9237833,BTCUSDT,2024-11-05,2024-11-05 23:59:59.999
1730851200000,69372.01,76400.0,69298.0,75571.99,104126.994787,1730937599999,7702283270.258009,8434184,53243.884427,3938516657.2327332,BTCUSDT,2024-11-06,2024-11-06 23:59:59.999
1730937600000,75571.99,76849.99,74416.0,75857.89,44869.422345,1731023999999,3391796661.9719553,5207722,21805.460295,1648278335.300733,BTCUSDT,2024-11-07,2024-11-07 23:59:59.999
1731024000000,75857.89,77199.99,75555.0,76509.78,36521.099583,1731110399999,2784449097.5315185,4877489,17555.393633,1339019332.1967125,BTCUSDT,2024-11-08,2024-11-08 23:59:59.999
1731110400000,76509.78,76900.0,75714.66,76677.46,16942.07915,1731196799999,1294709001.60289,2585264,8032.79327,614028515.3001705,BTCUSDT,2024-11-09,2024-11-09 23:59:59.999
1731196800000,76677.46,81500.0,76492.0,80370.01,61830.100435,1731283199999,4905441473.900737,7128598,32751.012177,2597409399.234963,BTCUSDT,2024-11-10,2024-11-10 23:59:59.999
1731283200000,80370.01,89530.54,80216.01,88647.99,82323.665776,1731369599999,6944268709.942721,9348890,42837.295314,3613896167.371912,BTCUSDT,2024-11-11,2024-11-11 23:59:59.999
1731369600000,88648.0,89940.0,85072.0,87952.01,97299.887911,1731455999999,8540084566.279819,11499058,49589.333451,4353451682.829404,BTCUSDT,2024-11-12,2024-11-12 23:59:59.999
1731456000000,87952.0,93265.64,86127.99,90375.2,86763.854127,1731542399999,7790928962.043038,11962100,44342.329327,3983689817.4014444,BTCUSDT,2024-11-13,2024-11-13 23:59:59.999
1731542400000,90375.21,91790.0,86668.21,87325.59,56729.51086,1731628799999,5073860815.928665,9828858,27940.856,2499212755.773147,BTCUSDT,2024-11-14,2024-11-14 23:59:59.999
1731628800000,87325.59,91850.0,87073.38,91032.07,47927.95068,1731715199999,4276238971.1814294,8009111,24800.61087,2213154236.5096154,BTCUSDT,2024-11-15,2024-11-15 23:59:59.999
1731715200000,91032.08,91779.66,90056.17,90586.92,22717.87689,1731801599999,2067958511.9048474,4239455,11496.31366,1046686701.0029461,BTCUSDT,2024-11-16,2024-11-16 23:59:59.999
1731801600000,90587.98,91449.99,88722.0,89855.99,23867.55609,1731887999999,2153871724.810395,4930719,11852.78227,1070094820.6738938,BTCUSDT,2024-11-17,2024-11-17 23:59:59.999
1731888000000,89855.98,92594.0,89376.9,90464.08,46545.03448,1731974399999,4239909950.661894,7161125,23628.87098,2153158394.316311,BTCUSDT,2024-11-18,2024-11-18 23:59:59.999
1731974400000,90464.07,93905.51,90357.0,92310.79,43660.04682,1732060799999,4025108502.849614,5647789,22127.852724,2040301638.1161728,BTCUSDT,2024-11-19,2024-11-19 23:59:59.999
1732060800000,92310.8,94831.97,91500.0,94286.56,42203.198712,1732147199999,3950932314.646069,7365987,20425.307962,1912348704.247262,BTCUSDT,2024-11-20,2024-11-20 23:59:59.999
1732147200000,94286.56,98988.0,94040.0,98317.12,69228.360477,1732233599999,6722807908.325656,9048605,35424.063227,3440467290.318527,BTCUSDT,2024-11-21,2024-11-21 23:59:59.999
1732233600000,98317.12,99588.01,97122.11,98892.0,46189.309243,1732319999999,4555536773.363205,7271311,22709.668193,2240635299.646484,BTCUSDT,2024-11-22,2024-11-22 23:59:59.999
1732320000000,98892.0,98908.85,97136.0,97672.4,24757.84367,1732406399999,2431609866.3295145,3839138,11176.2487,1097538914.9412584,BTCUSDT,2024-11-23,2024-11-23 23:59:59.999
1732406400000,97672.4,98564.0,95734.77,97900.04,31200.97838,1732492799999,3034172011.9517884,4964720,15124.12176,1471313633.7467725,BTCUSDT,2024-11-24,2024-11-24 23:59:59.999
1732492800000,97900.05,98871.8,92600.19,93010.01,50847.45096,1732579199999,4883444806.322193,8289691,23486.92705,2255516841.6102185,BTCUSDT,2024-11-25,2024-11-25 23:59:59.999
1732579200000,93010.01,94973.37,90791.1,91965.16,57858.73138,1732665599999,5370918648.818167,10225809,29120.26765,2702543576.089108,BTCUSDT,2024-11-26,2024-11-26 23:59:59.999
1732665600000,91965.16,97208.21,91792.14,95863.11,41153.42734,1732751999999,3894358511.617565,6648690,20316.58245,1922620637.3076186,BTCUSDT,2024-11-27,2024-11-27 23:59:59.999
1732752000000,95863.11,96564.0,94640.0,95643.98,28814.54357,1732838399999,2749861591.2596097,4988161,14805.69321,1412851841.0751946,BTCUSDT,2024-11-28,2024-11-28 23:59:59.999
1732838400000,95643.99,98619.99,95364.99,97460.0,27701.78231,1732924799999,2690451030.6342874,5094070,13840.21172,1344148785.2636425,BTCUSDT,2024-11-29,2024-11-29 23:59:59.999
1732924800000,97460.0,97463.95,96092.01,96407.99,14503.83306,1733011199999,1402672950.6998208,3354759,7075.91503,684284805.0234444,BTCUSDT,2024-11-30,2024-11-30 23:59:59.999
1733011200000,96407.99,97836.0,95693.88,97185.18,16938.60452,1733097599999,1641327626.6062205,3342200,8114.89569,786489040.1936378,BTCUSDT,2024-12-01,2024-12-01 23:59:59.999
1733097600000,97185.17,98130.0,94395.0,95840.62,37958.66981,1733183999999,3646639621.737588,7560103,18821.93327,1808458555.890584,BTCUSDT,2024-12-02,2024-12-02 23:59:59.999
1733184000000,95840.61,96305.52,93578.17,95849.69,35827.32283,1733270399999,3413995542.0186563,5361712,17339.11167,1652090703.1755955,BTCUSDT,2024-12-03,2024-12-03 23:59:59.999
1733270400000,95849.69,99000.0,94587.83,98587.32,43850.53728,1733356799999,4241994533.786106,6648724,22033.60112,2132655972.045,BTCUSDT,2024-12-04,2024-12-04 23:59:59.999
1733356800000,98587.32,104088.0,90500.0,96945.63,109921.729662,1733443199999,11048002942.149931,12012364,56235.078356,5657171374.763455,BTCUSDT,2024-12-05,2024-12-05 23:59:59.999
1733443200000,96945.63,101898.99,95981.72,99740.84,45049.5331,1733529599999,4456641685.364444,6919102,21999.62416,2175645718.5533605,BTCUSDT,2024-12-06,2024-12-06 23:59:59.999
1733529600000,99740.84,100439.18,98844.0,99831.99,14931.9459,1733615999999,1487953846.8385458,2634566,6776.55,675350661.2973348,BTCUSDT,2024-12-07,2024-12-07 23:59:59.999
1733616000000,99831.99,101351.0,98657.7,101109.59,14612.99688,1733702399999,1459576946.402151,2994709,7152.80173,714745738.9188356,BTCUSDT,2024-12-08,2024-12-08 23:59:59.999
1733702400000,101109.6,101215.93,94150.05,97276.47,53949.11595,1733788799999,5283626995.705648,8445872,25472.08477,2495722030.5370946,BTCUSDT,2024-12-09,2024-12-09 23:59:59.999
1733788800000,97276.48,98270.0,94256.54,96593.0,51708.68933,1733875199999,4988660195.092428,11556189,24523.09586,2367164879.170773,BTCUSDT,2024-12-10,2024-12-10 23:59:59.999
1733875200000,96593.0,101888.0,95658.24,101125.0,37753.78291,1733961599999,3745703763.01845,8250511,19112.84559,1897146318.2111704,BTCUSDT,2024-12-11,2024-12-11 23:59:59.999
1733961600000,101125.0,102540.0,99311.64,100004.29,29232.08745,1734047999999,2949462583.8661704,8066322,14175.88661,1430984456.6703606,BTCUSDT,2024-12-12,2024-12-12 23:59:59.999
1734048000000,100004.29,101895.26,99205.0,101424.25,21904.03923,1734134399999,2203903393.0741005,5481660,10669.09365,1073720887.6354558,BTCUSDT,2024-12-13,2024-12-13 23:59:59.999
1734134400000,101424.24,102650.0,100609.41,101420.0,14191.70326,1734220799999,1441594367.0463192,3374538,6790.24676,689981854.1394897,BTCUSDT,2024-12-14,2024-12-14 23:59:59.999
1734220800000,101420.0,105250.0,101237.14,104463.99,22228.921775,1734307199999,2290462903.835791,3638809,12668.894355,1305611448.3000975,BTCUSDT,2024-12-15,2024-12-15 23:59:59.999
1734307200000,104463.99,107793.07,103333.0,106058.66,41302.40274,1734393599999,4364964400.634553,8048054,20349.0995,2150550899.2475224,BTCUSDT,2024-12-16,2024-12-16 23:59:59.999
1734393600000,106058.65,108353.0,105321.49,106133.74,29064.936466,1734479999999,3103833327.775107,7212799,14187.320446,1515158210.55198,BTCUSDT,2024-12-17,2024-12-17 23:59:59.999
1734480000000,106133.74,106524.98,100000.0,100204.01,50307.99755,1734566399999,5194263316.259236,8762120,23308.37525,2407213144.2694983,BTCUSDT,2024-12-18,2024-12-18 23:59:59.999
1734566400000,100204.01,102800.11,95700.0,97461.86,55147.398,1734652799999,5487546517.707752,7273941,26898.63715,2677636003.906506,BTCUSDT,2024-12-19,2024-12-19 23:59:59.999
1734652800000,97461.86,98233.0,92232.54,97805.44,62884.1357,1734739199999,6022845238.832326,7429007,29463.23021,2822939306.663078,BTCUSDT,2024-12-20,2024-12-20 23:59:59.999
1734739200000,97805.44,99540.61,96398.39,97291.99,23483.54143,1734825599999,2296232055.195926,3717638,11726.94119,1146732451.4218132,BTCUSDT,2024-12-21,2024-12-21 23:59:59.999
1734825600000,97292.0,97448.08,94250.35,95186.27,19353.83036,1734911999999,1857819866.3603997,3633551,9293.39749,892081877.7627708,BTCUSDT,2024-12-22,2024-12-22 23:59:59.999
1734912000000,95186.28,96538.92,92520.0,94881.47,32810.76703,1734998399999,3100007213.494563,5464919,16339.58355,1544707289.744369,BTCUSDT,2024-12-23,2024-12-23 23:59:59.999
1734998400000,94881.47,99487.99,93569.02,98663.58,23674.22488,1735084799999,2287214424.7064757,3421549,11969.2539,1156798174.582326,BTCUSDT,2024-12-24,2024-12-24 23:59:59.999
1735084800000,98663.58,99569.15,97632.02,99429.6,14474.1651,1735171199999,1426143976.0493636,3283028,7006.5265,690465056.5871859,BTCUSDT,2024-12-25,2024-12-25 23:59:59.999
1735171200000,99429.61,99963.7,95199.14,95791.6,21192.36727,1735257599999,2049123567.3867724,5203490,10071.87249,973940616.1292443,BTCUSDT,2024-12-26,2024-12-26 23:59:59.999
1735257600000,95791.6,97544.58,93500.01,94299.03,26501.26429,1735343999999,2528567849.7794614,5718866,12945.51657,1235623739.0578184,BTCUSDT,2024-12-27,2024-12-27 23:59:59.999
1735344000000,94299.03,95733.99,94135.66,95300.0,8385.8929,1735430399999,794651624.8349555,2732061,4203.59876,398416342.128167,BTCUSDT,2024-12-28,2024-12-28 23:59:59.999
1735430400000,95300.0,95340.0,93009.52,93738.2,13576.00578,1735516799999,1278370863.9768472,2865838,5651.38589,532195414.1027413,BTCUSDT,2024-12-29,2024-12-29 23:59:59.999
1735516800000,93738.19,95024.5,91530.45,92792.05,27619.4225,1735603199999,2573126059.769478,5560563,13092.19646,1220209278.2523272,BTCUSDT,2024-12-30,2024-12-30 23:59:59.999
1735603200000,92792.05,96250.0,92033.73,93576.0,19612.03389,1735689599999,1845718801.922704,3347847,9687.96775,911716321.605402,BTCUSDT,2024-12-31,2024-12-31 23:59:59.999
1735689600000,93576.0,95151.15,92888.0,94591.79,10373.32613,1735775999999,975444194.1379983,1516556,5347.73648,502914035.6405907,BTCUSDT,2025-01-01,2025-01-01 23:59:59.999
1735776000000,94591.78,97839.5,94392.0,96984.79,21970.48948,1735862399999,2118411852.6812794,3569079,10915.96986,1052226710.3336717,BTCUSDT,2025-01-02,2025-01-02 23:59:59.999
1735862400000,96984.79,98976.91,96100.01,98174.18,15253.82936,1735948799999,1486610768.5907917,2851164,7468.60797,727787246.8965588,BTCUSDT,2025-01-03,2025-01-03 23:59:59.999
1735948800000,98174.17,98778.43,97514.79,98220.5,8990.05651,1736035199999,881223751.6353602,1559982,4350.80221,426524714.1305539,BTCUSDT,2025-01-04,2025-01-04 23:59:59.999
1736035200000,98220.51,98836.85,97276.79,98363.61,8095.63723,1736121599999,793931715.9546324,1685799,3877.90985,380355340.4686036,BTCUSDT,2025-01-05,2025-01-05 23:59:59.999
1736121600000,98363.61,102480.0,97920.0,102235.6,25263.43375,1736207999999,2540561688.7771435,3853702,12539.59534,1260943259.4662561,BTCUSDT,2025-01-06,2025-01-06 23:59:59.999
1736208000000,102235.6,102724.38,96181.81,96954.61,32059.87537,1736294399999,3170421659.717236,4480562,14815.11453,1464336049.7055345,BTCUSDT,2025-01-07,2025-01-07 23:59:59.999
1736294400000,96954.6,97268.65,92500.9,95060.61,33704.67894,1736380799999,3205849081.112962,5171208,15803.85091,1503791328.6993084,BTCUSDT,2025-01-08,2025-01-08 23:59:59.999
1736380800000,95060.61,95382.32,91203.67,92552.49,34544.83685,1736467199999,3217669887.245398,6027161,15323.62663,1427812152.272761,BTCUSDT,2025-01-09,2025-01-09 23:59:59.999
1736467200000,92552.49,95836.0,92206.02,94726.11,31482.86424,1736553599999,2962085343.283704,5531444,15617.43823,1469711545.6571271,BTCUSDT,2025-01-10,2025-01-10 23:59:59.999
1736553600000,94726.1,95050.94,93831.73,94599.99,7047.9043,1736639999999,665685994.93301,1496191,3412.37671,322346977.4354553,BTCUSDT,2025-01-11,2025-01-11 23:59:59.999
1736640000000,94599.99,95450.1,93711.19,94545.06,8606.86622,1736726399999,813278829.6583949,1658863,4028.33031,380691769.9184427,BTCUSDT,2025-01-12,2025-01-12 23:59:59.999
1736726400000,94545.07,95940.0,89256.69,94536.1,42619.56423,1736812799999,3930666134.3474574,5740963,19473.88042,1797888178.849608,BTCUSDT,2025-01-13,2025-01-13 23:59:59.999
1736812800000,94536.11,97371.0,94346.22,96560.86,27846.61753,1736899199999,2676048470.3569503,4532923,14248.69616,1369464111.693496,BTCUSDT,2025-01-14,2025-01-14 23:59:59.999
1736899200000,96560.85,100681.94,96500.0,100497.35,30509.99179,1736985599999,3006242382.8867946,3487945,15494.17873,1527728226.3083327,BTCUSDT,2025-01-15,2025-01-15 23:59:59.999
1736985600000,100497.35,100866.66,97335.13,99987.3,27832.85317,1737071999999,2765162040.639799,3762755,13513.53707,1342462621.6273284,BTCUSDT,2025-01-16,2025-01-16 23:59:59.999
1737072000000,99987.3,105865.22,99950.77,104077.48,39171.85292,1737158399999,4040993985.4750466,3886907,20673.213,2131223293.2048461,BTCUSDT,2025-01-17,2025-01-17 23:59:59.999
1737158400000,104077.47,104988.88,102277.55,104556.23,24307.82998,1737244799999,2521522119.379525,3403162,11607.51274,1204170928.374812,BTCUSDT,2025-01-18,2025-01-18 23:59:59.999
1737244800000,104556.23,106422.43,99651.6,101331.57,43397.28298,1737331199999,4513423971.410253,5271920,21079.51082,2193270771.0019445,BTCUSDT,2025-01-19,2025-01-19 23:59:59.999
1737331200000,101331.57,109588.0,99550.0,102260.01,89529.231732,1737417599999,9398787064.320715,11597937,44770.529492,4704453254.515383,BTCUSDT,2025-01-20,2025-01-20 23:59:59.999
1737417600000,102260.0,107240.81,100119.04,106143.82,45941.02002,1737503999999,4768512258.156502,6842980,23227.02741,2411854258.5127187,BTCUSDT,2025-01-21,2025-01-21 23:59:59.999
1737504000000,106143.82,106394.46,103339.12,103706.66,22248.69254,1737590399999,2331144640.658579,4364035,10501.59306,1100173331.9876585,BTCUSDT,2025-01-22,2025-01-22 23:59:59.999
1737590400000,103706.66,106850.0,101262.28,103910.34,53953.12031,1737676799999,5610760848.131639,6961383,27045.92646,2813824950.5718837,BTCUSDT,2025-01-23,2025-01-23 23:59:59.999
1737676800000,103910.35,107120.0,102750.0,104870.5,23609.24017,1737763199999,2483818574.373748,4798886,11893.4605,1251601023.3484685,BTCUSDT,2025-01-24,2025-01-24 23:59:59.999
1737763200000,104870.51,105286.52,104106.09,104746.85,9068.32377,1737849599999,949511531.3578017,1770765,4462.60438,467284996.3760966,BTCUSDT,2025-01-25,2025-01-25 23:59:59.999
1737849600000,104746.86,105500.0,102520.44,102620.0,9812.51238,1737935999999,1024352365.4715523,1813011,4642.17247,484871090.3361497,BTCUSDT,2025-01-26,2025-01-26 23:59:59.999
1737936000000,102620.01,103260.0,97777.77,102082.83,50758.1341,1738022399999,5092886322.829244,9368910,23529.22433,2361569760.8418937,BTCUSDT,2025-01-27,2025-01-27 23:59:59.999
1738022400000,102082.83,103800.0,100272.68,101335.52,22022.05765,1738108799999,2253977324.036209,5428644,10756.64741,1101357650.2919877,BTCUSDT,2025-01-28,2025-01-28 23:59:59.999
1738108800000,101335.52,104782.68,101328.01,103733.24,23155.35802,1738195199999,2380383694.772136,5189699,11675.17182,1200636637.8143668,BTCUSDT,2025-01-29,2025-01-29 23:59:59.999
1738195200000,103733.25,106457.44,103278.54,104722.94,19374.07472,1738281599999,2038112603.5126412,3990075,10140.92834,1066933244.9920207,BTCUSDT,2025-01-30,2025-01-30 23:59:59.999
1738281600000,104722.94,106012.0,101560.0,102429.56,21983.18193,1738367999999,2282174002.1952176,4331904,10697.39968,1111485874.1292844,BTCUSDT,2025-01-31,2025-01-31 23:59:59.999
1738368000000,102429.56,102783.71,100279.51,100635.65,12290.95747,1738454399999,1250354228.2372296,2588786,5625.89331,572540016.1490111,BTCUSDT,2025-02-01,2025-02-01 23:59:59.999
1738454400000,100635.66,101456.6,96150.0,97700.59,34619.49939,1738540799999,3412084312.5836277,7202339,15587.16669,1536076091.3030133,BTCUSDT,2025-02-02,2025-02-02 23:59:59.999
1738540800000,97700.59,102500.01,91231.0,101328.52,75164.7385,1738627199999,7228589180.711621,10625262,36736.56946,3537845694.481266,BTCUSDT,2025-02-03,2025-02-03 23:59:59.999
1738627200000,101328.51,101732.31,96150.0,97763.13,40267.98697,1738713599999,3989698644.2649307,6618911,19091.58154,1891457194.359833,BTCUSDT,2025-02-04,2025-02-04 23:59:59.999
1738713600000,97763.14,99149.0,96155.0,96612.43,26233.30444,1738799999999,2562342153.829685,4471763,11032.55174,1078316288.1425588,BTCUSDT,2025-02-05,2025-02-05 23:59:59.999
1738800000000,96612.44,99120.0,95676.64,96554.35,23515.20405,1738886399999,2289071921.2175603,4242807,11261.53049,1096611639.376009,BTCUSDT,2025-02-06,2025-02-06 23:59:59.999
1738886400000,96554.35,100137.99,95620.34,96506.8,31794.22065,1738972799999,3107592434.6738343,5012456,15249.3537,1491114588.559852,BTCUSDT,2025-02-07,2025-02-07 23:59:59.999
1738972800000,96506.8,96880.0,95688.0,96444.74,10147.24294,1739059199999,977040267.5158631,1757892,4450.52682,428452764.9047411,BTCUSDT,2025-02-08,2025-02-08 23:59:59.999
1739059200000,96444.75,97323.09,94713.0,96462.75,14120.91613,1739145599999,1359495152.3107975,2293192,6663.72875,641795598.1752762,BTCUSDT,2025-02-09,2025-02-09 23:59:59.999
1739145600000,96462.75,98345.0,95256.0,97430.82,20572.87537,1739231999999,1999112052.6687863,3475919,9607.62329,933665618.5050191,BTCUSDT,2025-02-10,2025-02-10 23:59:59.999
1739232000000,97430.82,98478.42,94876.88,95778.2,18647.76379,1739318399999,1806534846.3863194,3716586,8594.50066,832320054.8763716,BTCUSDT,2025-02-11,2025-02-11 23:59:59.999
1739318400000,95778.21,98119.99,94088.23,97869.99,29151.16625,1739404799999,2800142168.3943653,4992737,13820.70553,1328044257.0401335,BTCUSDT,2025-02-12,2025-02-12 23:59:59.999
1739404800000,97870.0,98083.91,95217.36,96608.14,19921.77616,1739491199999,1916988246.3921187,3909456,8852.16215,851823567.0939347,BTCUSDT,2025-02-13,2025-02-13 23:59:59.999
1739491200000,96608.13,98826.0,96252.82,97500.48,18173.02646,1739577599999,1768073218.8690155,3499564,9061.31682,881925349.6444213,BTCUSDT,2025-02-14,2025-02-14 23:59:59.999
1739577600000,97500.47,97972.26,97223.58,97569.66,7349.37683,1739663999999,717245393.778092,1694327,3579.14202,349322778.2339769,BTCUSDT,2025-02-15,2025-02-15 23:59:59.999
1739664000000,97569.67,97704.47,96046.18,96118.12,8191.4249,1739750399999,794694242.2949733,1596701,3719.73063,360842416.6644167,BTCUSDT,2025-02-16,2025-02-16 23:59:59.999
1739750400000,96118.12,97046.59,95205.0,95780.0,16492.0451,1739836799999,1584593526.1754677,2831237,8010.41565,769979077.1361973,BTCUSDT,2025-02-17,2025-02-17 23:59:59.999
1739836800000,95780.01,96753.91,93388.09,95671.74,23368.19471,1739923199999,2223994802.892005,4234248,11432.47367,1088319233.5219896,BTCUSDT,2025-02-18,2025-02-18 23:59:59.999
1739923200000,95671.74,96899.99,95029.99,96644.37,16438.50954,1740009599999,1576817572.1032505,2784225,7173.61807,688586919.9759259,BTCUSDT,2025-02-19,2025-02-19 23:59:59.999
1740009600000,96644.37,98711.36,96415.09,98305.0,17057.39177,1740095999999,1663386824.7315507,2386973,8356.42859,815056614.173827,BTCUSDT,2025-02-20,2025-02-20 23:59:59.999
1740096000000,98305.01,99475.0,94871.95,96181.98,32249.2814,1740182399999,3143975917.5734644,4528525,15313.58184,1493403646.8483026,BTCUSDT,2025-02-21,2025-02-21 23:59:59.999
1740182400000,96181.99,96980.0,95770.49,96551.01,11268.17708,1740268799999,1087077133.8226364,1506418,5293.28051,510722895.1675426,BTCUSDT,2025-02-22,2025-02-22 23:59:59.999
1740268800000,96551.01,96650.0,95227.94,96258.0,10884.84913,1740355199999,1044392011.7910241,1457368,4619.93267,443381984.4110255,BTCUSDT,2025-02-23,2025-02-23 23:59:59.999
1740355200000,96258.0,96500.0,91349.26,91552.88,31550.10299,1740441599999,2981809595.445377,4972684,14438.63366,1366473567.874773,BTCUSDT,2025-02-24,2025-02-24 23:59:59.999
1740441600000,91552.88,92540.69,86050.99,88680.4,78333.11111,1740527999999,6962982500.904474,10289145,35822.15275,3183981371.47505,BTCUSDT,2025-02-25,2025-02-25 23:59:59.999
1740528000000,88680.39,89414.15,82256.01,84250.09,56893.54409,1740614399999,4898429925.6364765,8490006,28077.1845,2417690848.8189874,BTCUSDT,2025-02-26,2025-02-26 23:59:59.999
1740614400000,84250.09,87078.46,82716.49,84708.58,42505.45439,1740700799999,3618738891.2221622,6357581,20355.71969,1732725913.2817628,BTCUSDT,2025-02-27,2025-02-27 23:59:59.999
1740700800000,84708.57,85120.0,78258.52,84349.94,83648.03969,1740787199999,6806705236.690679,11344216,40224.85287,3274291175.8103995,BTCUSDT,2025-02-28,2025-02-28 23:59:59.999
1740787200000,84349.95,86558.0,83824.78,86064.53,25785.05464,1740873599999,2194003507.852643,3700728,11748.10769,1000093822.5383525,BTCUSDT,2025-03-01,2025-03-01 23:59:59.999
1740873600000,86064.54,95000.0,85050.6,94270.0,54889.09045,1740959999999,4972549515.788669,7403218,29273.81031,2652973441.154539,BTCUSDT,2025-03-02,2025-03-02 23:59:59.999
1740960000000,94269.99,94416.46,85117.11,86220.61,59171.10218,1741046399999,5321123743.471923,9797860,27915.4365,2513464571.356911,BTCUSDT,2025-03-03,2025-03-03 23:59:59.999
1741046400000,86221.16,88967.52,81500.0,87281.98,55609.10706,1741132799999,4704901219.590436,10326631,27584.7159,2335087296.239287,BTCUSDT,2025-03-04,2025-03-04 23:59:59.999
1741132800000,87281.98,91000.0,86334.53,90606.01,38264.01163,1741219199999,3400243670.3049755,8070266,19230.28436,1709708737.4698935,BTCUSDT,2025-03-05,2025-03-05 23:59:59.999
1741219200000,90606.0,92810.64,87836.0,89931.89,34342.44902,1741305599999,3105145628.3993993,7643526,17283.99411,1563426526.4289935,BTCUSDT,2025-03-06,2025-03-06 23:59:59.999
1741305600000,89931.88,91283.02,84667.03,86801.75,57980.35713,1741391999999,5097554826.613157,9510442,28394.41537,2497922400.4504447,BTCUSDT,2025-03-07,2025-03-07 23:59:59.999
1741392000000,86801.74,86897.25,85218.47,86222.45,12989.23054,1741478399999,1119358968.6520054,2553974,6491.56581,559581591.3470742,BTCUSDT,2025-03-08,2025-03-08 23:59:59.999
1741478400000,86222.46,86500.0,80000.0,80734.37,26115.39345,1741564799999,2173552660.454479,5189138,12093.87232,1006299692.7104127,BTCUSDT,2025-03-09,2025-03-09 23:59:59.999
1741564800000,80734.48,84123.46,77459.91,78595.86,47633.38405,1741651199999,3834924947.758186,8701538,22898.57072,1846606255.3521485,BTCUSDT,2025-03-10,2025-03-10 23:59:59.999
1741651200000,78595.86,83617.4,76606.0,82932.99,48770.06853,1741737599999,3927000827.1107917,6983310,24029.1677,1935950413.2018194,BTCUSDT,2025-03-11,2025-03-11 23:59:59.999
1741737600000,82932.99,84539.85,80607.65,83680.12,31933.986,1741823999999,2638600996.825396,5253577,15749.41702,1301890518.499408,BTCUSDT,2025-03-12,2025-03-12 23:59:59.999
1741824000000,83680.12,84336.33,79939.9,81115.78,27546.27412,1741910399999,2260870111.2393894,4367093,13013.18135,1067945431.1219469,BTCUSDT,2025-03-13,2025-03-13 23:59:59.999
1741910400000,81115.78,85309.71,80818.84,83983.2,26858.52755,1741996799999,2244729595.5411716,3290987,14082.88688,1177807467.01818,BTCUSDT,2025-03-14,2025-03-14 23:59:59.999
1741996800000,83983.19,84676.28,83618.0,84338.44,11324.7332,1742083199999,953445671.8337505,1329670,5195.29128,437551330.253166,BTCUSDT,2025-03-15,2025-03-15 23:59:59.999
1742083200000,84338.44,85117.04,81981.12,82574.53,17596.12531,1742169599999,1468056556.2967227,2767947,8505.95317,710037465.075748,BTCUSDT,2025-03-16,2025-03-16 23:59:59.999
1742169600000,82574.52,84756.83,82456.0,84010.03,17214.74358,1742255999999,1437716814.0468738,3014756,8387.89111,700505421.7877294,BTCUSDT,2025-03-17,2025-03-17 23:59:59.999
1742256000000,84010.02,84021.74,81134.66,82715.03,17610.89883,1742342399999,1450813055.479726,3126371,8047.23418,662808749.3427887,BTCUSDT,2025-03-18,2025-03-18 23:59:59.999
1742342400000,82715.03,87000.0,82547.16,86845.94,28151.05374,1742428799999,2375813941.9437623,3774761,13804.24847,1166238970.2811465,BTCUSDT,2025-03-19,2025-03-19 23:59:59.999
1742428800000,86845.93,87453.67,83655.23,84223.39,22090.30463,1742515199999,1885241921.1556518,3252595,10163.59262,867440339.2962607,BTCUSDT,2025-03-20,2025-03-20 23:59:59.999
1742515200000,84223.38,84850.33,83175.25,84088.79,11956.97443,1742601599999,1005135519.2560017,2360005,5466.41961,459501348.0817583,BTCUSDT,2025-03-21,2025-03-21 23:59:59.999
1742601600000,84088.79,84539.17,83625.1,83840.59,5420.22114,1742687999999,456235443.8016522,864481,2284.19178,192291026.7874248,BTCUSDT,2025-03-22,2025-03-22 23:59:59.999
1742688000000,83840.59,86129.64,83809.75,86082.5,8461.97813,1742774399999,718692319.1499038,1206533,4424.81013,376007261.5213597,BTCUSDT,2025-03-23,2025-03-23 23:59:59.999
1742774400000,86082.5,88765.43,85519.09,87498.16,30115.62111,1742860799999,2636765917.9518433,2916713,14379.95578,1258638667.112904,BTCUSDT,2025-03-24,2025-03-24 23:59:59.999
1742860800000,87498.16,88539.63,86310.0,87392.87,22643.25248,1742947199999,1979571590.8982937,2802815,9440.56294,825308072.6337814,BTCUSDT,2025-03-25,2025-03-25 23:59:59.999
1742947200000,87392.88,88275.0,85860.0,86909.17,18408.78485,1743033599999,1606406955.5864632,2380154,8590.97753,749604853.2968135,BTCUSDT,2025-03-26,2025-03-26 23:59:59.999
1743033600000,86909.17,87756.39,85800.0,87232.01,17098.03897,1743119999999,1487968807.7079022,2376381,8185.05517,712324893.2889168,BTCUSDT,2025-03-27,2025-03-27 23:59:59.999
1743120000000,87232.01,87515.67,83585.0,84424.38,27182.73169,1743206399999,2309946560.664114,3236085,11274.83736,958523321.8112731,BTCUSDT,2025-03-28,2025-03-28 23:59:59.999
1743206400000,84424.38,84624.73,81644.81,82648.54,11696.39864,1743292799999,970199917.9868716,2172387,5621.60485,466215575.4849069,BTCUSDT,2025-03-29,2025-03-29 23:59:59.999
1743292800000,82648.53,83534.64,81565.0,82389.99,9864.49508,1743379199999,816584795.5288126,1907663,4725.07105,391214080.1101161,BTCUSDT,2025-03-30,2025-03-30 23:59:59.999
1743379200000,82390.0,83943.08,81278.52,82550.01,20569.13885,1743465599999,1696009191.0809648,3964358,9912.88184,817875871.1107413,BTCUSDT,2025-03-31,2025-03-31 23:59:59.999
1743465600000,82550.0,85579.46,82432.74,85158.34,20190.39697,1743551999999,1698895702.5754683,3328693,10246.42648,862302772.4330863,BTCUSDT,2025-04-01,2025-04-01 23:59:59.999
1743552000000,85158.35,88500.0,82320.0,82516.29,39931.457,1743638399999,3417279759.830764,5338238,20739.67809,1777735583.8407478,BTCUSDT,2025-04-02,2025-04-02 23:59:59.999
1743638400000,82516.28,83998.02,81211.24,83213.09,27337.84135,1743724799999,2259299724.8643928,4117486,13951.52792,1153439398.6198013,BTCUSDT,2025-04-03,2025-04-03 23:59:59.999
1743724800000,83213.09,84720.0,81659.0,83889.87,32915.53976,1743811199999,2739842666.426737,4992586,15896.18779,1323832046.264688,BTCUSDT,2025-04-04,2025-04-04 23:59:59.999
1743811200000,83889.87,84266.0,82379.95,83537.99,9360.40468,1743897599999,779626577.9013436,1575750,4029.64658,335654613.7277184,BTCUSDT,2025-04-05,2025-04-05 23:59:59.999
1743897600000,83537.99,83817.63,77153.83,78430.0,27942.71436,1743983999999,2239085051.1529646,3948493,12493.8449,1001459573.4944661,BTCUSDT,2025-04-06,2025-04-06 23:59:59.999
1743984000000,78430.0,81243.58,74508.0,79163.24,78387.53089,1744070399999,6084614024.150647,9736596,39075.84274,3034375055.6843963,BTCUSDT,2025-04-07,2025-04-07 23:59:59.999
1744070400000,79163.24,80867.99,76239.9,76322.42,35317.32063,1744156799999,2775277777.102461,5512751,15704.73031,1235370767.1153502,BTCUSDT,2025-04-08,2025-04-08 23:59:59.999
1744156800000,76322.42,83588.0,74620.0,82615.22,75488.28772,1744243199999,5980231256.222496,7741252,39491.62958,3137004042.959261,BTCUSDT,2025-04-09,2025-04-09 23:59:59.999
1744243200000,82615.22,82753.21,78464.36,79607.3,33284.80718,1744329599999,2690294353.8478427,4529545,16339.9191,1321475356.0200849,BTCUSDT,2025-04-10,2025-04-10 23:59:59.999
1744329600000,79607.3,84300.0,78969.58,83423.84,34435.43797,1744415999999,2830363945.1787524,4423157,18019.58367,1482515278.9177043,BTCUSDT,2025-04-11,2025-04-11 23:59:59.999
1744416000000,83423.83,85905.0,82792.95,85276.9,18470.74437,1744502399999,1557403252.9267516,2501196,9526.72644,803747272.783468,BTCUSDT,2025-04-12,2025-04-12 23:59:59.999
1744502400000,85276.91,86100.0,83034.23,83760.0,24680.04181,1744588799999,2086106375.4392555,3275879,11658.67909,986303246.0931836,BTCUSDT,2025-04-13,2025-04-13 23:59:59.999
1744588800000,83760.0,85799.99,83678.0,84591.58,28659.09348,1744675199999,2429132805.0815287,3921522,15196.58929,1288815999.1406174,BTCUSDT,2025-04-14,2025-04-14 23:59:59.999
1744675200000,84591.58,86496.42,83600.0,83643.99,20910.99528,1744761599999,1780972414.3956008,2910533,10439.36072,889895753.1673651,BTCUSDT,2025-04-15,2025-04-15 23:59:59.999
1744761600000,83643.99,85500.0,83111.64,84030.38,20867.24519,1744847999999,1753910031.2009242,3264730,10456.769,878939829.4848368,BTCUSDT,2025-04-16,2025-04-16 23:59:59.999
1744848000000,84030.38,85470.01,83736.26,84947.91,13728.84772,1744934399999,1161659427.386263,2003405,6424.41565,543726754.4187016,BTCUSDT,2025-04-17,2025-04-17 23:59:59.999
1744934400000,84947.92,85132.08,84303.96,84474.69,6529.96315,1745020799999,552648483.647487,840009,2911.78856,246467088.2621466,BTCUSDT,2025-04-18,2025-04-18 23:59:59.999
1745020800000,84474.7,85677.99,84364.45,85077.01,9666.58153,1745107199999,823222752.2842493,875226,5416.30087,461342923.999082,BTCUSDT,2025-04-19,2025-04-19 23:59:59.999
1745107200000,85077.0,85320.76,83949.52,85179.24,8091.67725,1745193599999,685253644.8918362,944130,3843.48314,325482835.7378329,BTCUSDT,2025-04-20,2025-04-20 23:59:59.999
1745193600000,85179.24,88465.99,85144.76,87516.23,31773.37262,1745279999999,2773299591.467066,3041395,17216.39877,1502705225.134135,BTCUSDT,2025-04-21,2025-04-21 23:59:59.999
1745280000000,87516.22,93888.0,87076.03,93442.99,43872.74705,1745366399999,3967785064.12817,3268475,22777.77047,2062639579.2030854,BTCUSDT,2025-04-22,2025-04-22 23:59:59.999
1745366400000,93442.99,94696.05,91935.41,93691.08,27404.16808,1745452799999,2560279933.947952,3016536,13128.05774,1226992558.5765462,BTCUSDT,2025-04-23,2025-04-23 23:59:59.999
1745452800000,93691.07,94005.0,91660.01,93980.47,19497.06071,1745539199999,1811120137.3146787,2797383,8565.18128,795787487.3608981,BTCUSDT,2025-04-24,2025-04-24 23:59:59.999
1745539200000,93980.47,95758.04,92855.96,94638.68,27500.66648,1745625599999,2596877713.640173,3331828,13072.22136,1234153095.7292683,BTCUSDT,2025-04-25,2025-04-25 23:59:59.999
1745625600000,94638.68,95199.0,93870.69,94628.0,9415.06875,1745711999999,889627361.8414447,1475983,4156.22463,392757114.4383579,BTCUSDT,2025-04-26,2025-04-26 23:59:59.999
1745712000000,94628.0,95369.0,93602.58,93749.3,11162.841,1745798399999,1052334792.1866189,1918160,5250.08719,495112239.1081697,BTCUSDT,2025-04-27,2025-04-27 23:59:59.999
1745798400000,93749.29,95630.0,92800.01,95011.18,22157.53351,1745884799999,2092532996.5551717,3424740,11626.77592,1098667305.2399979,BTCUSDT,2025-04-28,2025-04-28 23:59:59.999
1745884800000,95011.18,95461.53,93742.54,94256.82,16955.3402,1745971199999,1607154803.4675477,3020875,7112.68469,674688527.813066,BTCUSDT,2025-04-29,2025-04-29 23:59:59.999
1745971200000,94256.82,95228.45,92910.0,94172.0,17661.2751,1746057599999,1664825670.9831252,3214149,8393.2162,791272380.0312448,BTCUSDT,2025-04-30,2025-04-30 23:59:59.999
1746057600000,94172.0,97424.02,94130.43,96489.91,21380.45343,1746143999999,2053857614.2732673,2925716,10925.87308,1049157198.8587635,BTCUSDT,2025-05-01,2025-05-01 23:59:59.999
1746144000000,96489.9,97895.68,96350.0,96887.14,14905.74811,1746230399999,1446387651.5840576,2698263,7440.33531,722022817.2246199,BTCUSDT,2025-05-02,2025-05-02 23:59:59.999
1746230400000,96887.13,96935.67,95753.01,95856.42,9723.34838,1746316799999,935906144.9651498,1181239,3929.4049,378271292.4443145,BTCUSDT,2025-05-03,2025-05-03 23:59:59.999
1746316800000,95856.42,96304.48,94151.38,94277.62,11036.38342,1746403199999,1053542403.8531588,1674726,4385.33486,418573470.8569623,BTCUSDT,2025-05-04,2025-05-04 23:59:59.999
1746403200000,94277.61,95199.0,93514.1,94733.68,17251.18189,1746489599999,1626999380.1759968,2623300,8399.64855,792299650.3395202,BTCUSDT,2025-05-05,2025-05-05 23:59:59.999
1746489600000,94733.68,96920.65,93377.0,96834.02,16122.64513,1746575999999,1526847764.5636683,2512960,7505.95734,711372483.6117135,BTCUSDT,2025-05-06,2025-05-06 23:59:59.999
1746576000000,96834.02,97732.0,95784.61,97030.5,16644.83854,1746662399999,1611730124.5924542,2849139,8316.74471,805430612.4055355,BTCUSDT,2025-05-07,2025-05-07 23:59:59.999
1746662400000,97030.5,104145.76,96876.29,103261.6,34962.02847,1746748799999,3508645830.5650144,4991147,18547.23009,1861334478.364427,BTCUSDT,2025-05-08,2025-05-08 23:59:59.999
1746748800000,103261.61,104361.3,102315.14,102971.99,27617.39907,1746835199999,2847518447.981513,4406929,14525.20381,1497826622.326188,BTCUSDT,2025-05-09,2025-05-09 23:59:59.999
1746835200000,102971.99,104984.57,102818.76,104809.53,15324.78611,1746921599999,1588386278.502415,2227845,8258.23478,856095289.5216646,BTCUSDT,2025-05-10,2025-05-10 23:59:59.999
1746921600000,104809.53,104972.0,103345.06,104118.0,17987.12197,1747007999999,1873381777.2124255,3100176,9071.95578,944903285.107308,BTCUSDT,2025-05-11,2025-05-11 23:59:59.999
1747008000000,104118.0,105819.45,100718.37,102791.32,31272.77792,1747094399999,3242348937.383069,5298407,16455.99797,1707457796.5881395,BTCUSDT,2025-05-12,2025-05-12 23:59:59.999
1747094400000,102791.32,104976.25,101429.7,104103.72,21253.42409,1747180799999,2197244118.152367,3703531,10705.97845,1106609664.707795,BTCUSDT,2025-05-13,2025-05-13 23:59:59.999
1747180800000,104103.72,104356.95,102602.05,103507.82,16452.9081,1747267199999,1704708279.3884108,3025221,8026.03333,831783471.654361,BTCUSDT,2025-05-14,2025-05-14 23:59:59.999
1747267200000,103507.83,104192.7,101383.07,103763.71,17998.98604,1747353599999,1850183474.5292037,4139477,8475.18036,871244345.564136,BTCUSDT,2025-05-15,2025-05-15 23:59:59.999
1747353600000,103763.71,104550.33,103100.49,103463.9,15683.88024,1747439999999,1628832372.3241482,3237442,7555.15801,784850382.1942747,BTCUSDT,2025-05-16,2025-05-16 23:59:59.999
1747440000000,103463.9,103709.86,102612.5,103126.65,11250.89622,1747526399999,1160418362.950618,2568597,5335.11525,550379728.7338501,BTCUSDT,2025-05-17,2025-05-17 23:59:59.999
1747526400000,103126.65,106660.0,103105.09,106454.26,21599.98726,1747612799999,2262214972.0749383,3193300,11664.89904,1221914552.0552013,BTCUSDT,2025-05-18,2025-05-18 23:59:59.999
1747612800000,106454.27,107108.62,102000.0,105573.74,30260.03524,1747699199999,3150324504.5954514,4881371,14208.309,1480452895.0841563,BTCUSDT,2025-05-19,2025-05-19 23:59:59.999
1747699200000,105573.73,107320.0,104184.72,106849.99,23705.48275,1747785599999,2509102444.669598,3878351,12350.46275,1307273652.3895233,BTCUSDT,2025-05-20,2025-05-20 23:59:59.999
1747785600000,106850.0,110797.38,106100.01,109643.99,45531.040345,1747871999999,4914709514.320026,6835279,23661.649395,2555528481.098726,BTCUSDT,2025-05-21,2025-05-21 23:59:59.999
1747872000000,109643.99,111980.0,109177.37,111696.21,31630.77313,1747958399999,3509432834.573417,5794216,16584.56293,1840083098.5827858,BTCUSDT,2025-05-22,2025-05-22 23:59:59.999
1747958400000,111696.22,111800.0,106800.0,107318.3,31737.72309,1748044799999,3469704446.3904047,5251192,14309.31652,1565622441.187517,BTCUSDT,2025-05-23,2025-05-23 23:59:59.999
1748044800000,107318.3,109506.03,106875.41,107761.91,16782.53129,1748131199999,1819958819.7748587,2805418,8786.90747,953683093.321657,BTCUSDT,2025-05-24,2025-05-24 23:59:59.999
1748131200000,107761.9,109299.99,106600.64,109004.19,17710.04695,1748217599999,1904366455.425858,3151168,7867.16712,846688135.0097136,BTCUSDT,2025-05-25,2025-05-25 23:59:59.999
1748217600000,109004.2,110422.22,108670.58,109434.79,14649.11593,1748303999999,1605578282.107903,2887863,7301.11288,800269021.1922797,BTCUSDT,2025-05-26,2025-05-26 23:59:59.999
1748304000000,109434.78,110718.0,107516.57,108938.17,21276.65635,1748390399999,2327603851.119265,3735509,9969.89271,1090553624.461599,BTCUSDT,2025-05-27,2025-05-27 23:59:59.999
1748390400000,108938.17,109284.7,106769.43,107781.78,15633.78829,1748476799999,1689136748.5130312,2933262,6877.27341,743282966.7207196,BTCUSDT,2025-05-28,2025-05-28 23:59:59.999
1748476800000,107781.78,108891.91,105322.86,105589.75,19834.70116,1748563199999,2128639017.5081618,3774926,9457.49356,1015173771.5489898,BTCUSDT,2025-05-29,2025-05-29 23:59:59.999
1748563200000,105589.75,106313.12,103621.0,103985.48,23706.49799,1748649599999,2493078549.591861,4307572,11070.98746,1164158558.6435854,BTCUSDT,2025-05-30,2025-05-30 23:59:59.999
1748649600000,103985.47,104900.0,103068.55,104591.88,11289.35922,1748735999999,1174000801.5070379,2343787,5278.95175,548980630.8493578,BTCUSDT,2025-05-31,2025-05-31 23:59:59.999
1748736000000,104591.88,105866.91,103752.49,105642.93,9709.70006,1748822399999,1016188486.9505996,1939359,4640.3507,485683466.9347843,BTCUSDT,2025-06-01,2025-06-01 23:59:59.999
1748822400000,105642.93,105935.63,103659.88,105857.99,13453.98813,1748908799999,1409004206.9863732,2997656,6494.65497,680177826.6144172,BTCUSDT,2025-06-02,2025-06-02 23:59:59.999
1748908800000,105858.0,106794.67,104872.5,105376.89,13259.52634,1748995199999,1402493746.5993218,2470698,6260.22436,662160926.8241225,BTCUSDT,2025-06-03,2025-06-03 23:59:59.999
1748995200000,105376.9,106000.0,104179.0,104696.86,14034.89482,1749081599999,1476928482.3688781,2274464,6979.9491,734803757.4185838,BTCUSDT,2025-06-04,2025-06-04 23:59:59.999
1749081600000,104696.86,105909.71,100372.26,101508.68,22321.50154,1749167999999,2301567892.5305448,3963295,10005.36019,1031668517.0427111,BTCUSDT,2025-06-05,2025-06-05 23:59:59.999
1749168000000,101508.69,105333.0,101095.8,104288.44,15839.07385,1749254399999,1642382404.9355752,2709327,7655.60679,793575821.4357932,BTCUSDT,2025-06-06,2025-06-06 23:59:59.999
1749254400000,104288.43,105900.0,103871.09,105552.15,8344.93206,1749340799999,877915380.9548231,1402494,3970.01912,417664199.1912712,BTCUSDT,2025-06-07,2025-06-07 23:59:59.999
1749340800000,105552.15,106488.14,104964.14,105734.0,8048.06305,1749427199999,850887129.4282976,1295154,4361.42266,461098506.088324,BTCUSDT,2025-06-08,2025-06-08 23:59:59.999
1749427200000,105734.01,110530.17,105318.37,110263.02,19975.37451,1749513599999,2154922022.221173,2839846,10623.88217,1146790065.5135615,BTCUSDT,2025-06-09,2025-06-09 23:59:59.999
1749513600000,110263.02,110400.0,108331.03,110274.39,17071.82839,1749599999999,1867620550.192173,3003420,8009.29581,876411274.3969488,BTCUSDT,2025-06-10,2025-06-10 23:59:59.999
1749600000000,110274.39,110392.01,108064.0,108645.12,13115.91638,1749686399999,1434884639.7506304,2667014,6030.96867,659947218.0033869,BTCUSDT,2025-06-11,2025-06-11 23:59:59.999
1749686400000,108645.13,108813.55,105671.72,105671.73,17778.67218,1749772799999,1908309274.0868344,3517420,8291.22648,890420511.4704415,BTCUSDT,2025-06-12,2025-06-12 23:59:59.999
1749772800000,105671.74,106179.53,102664.31,106066.59,26180.81734,1749859199999,2735461890.6929703,5452577,12793.70705,1337300355.9952192,BTCUSDT,2025-06-13,2025-06-13 23:59:59.999
1749859200000,106066.59,106252.0,104300.0,105414.64,8798.93969,1749945599999,925568614.1784065,1521776,3848.55498,405001275.9262716,BTCUSDT,2025-06-14,2025-06-14 23:59:59.999
1749945600000,105414.63,106128.57,104494.53,105594.01,7164.20047,1750031999999,754596887.8748004,1564768,3356.46912,353608577.6853774,BTCUSDT,2025-06-15,2025-06-15 23:59:59.999
1750032000000,105594.02,108952.38,104980.37,106794.53,14922.6654,1750118399999,1599849840.7325244,2928998,7442.34921,797865030.1366178,BTCUSDT,2025-06-16,2025-06-16 23:59:59.999
1750118400000,106794.53,107771.34,103371.02,104551.17,17866.33025,1750204799999,1883173484.8990998,3723010,8082.6529,852365443.211356,BTCUSDT,2025-06-17,2025-06-17 23:59:59.999
1750204800000,104551.17,105550.27,103500.0,104886.78,13968.64167,1750291199999,1461383024.3622093,3468170,6656.31474,696386846.6904296,BTCUSDT,2025-06-18,2025-06-18 23:59:59.999
1750291200000,104886.79,105226.17,103929.27,104658.59,7678.60737,1750377599999,803402575.962045,1718045,3583.19736,374871407.4107334,BTCUSDT,2025-06-19,2025-06-19 23:59:59.999
1750377600000,104658.59,106524.65,102345.0,103297.99,16419.06283,1750463999999,1714411911.0114017,3029404,7113.97039,743649283.0800211,BTCUSDT,2025-06-20,2025-06-20 23:59:59.999
1750464000000,103297.98,103982.64,100837.9,102120.01,11154.21332,1750550399999,1144829784.7306418,2172578,4632.93703,475270667.4226762,BTCUSDT,2025-06-21,2025-06-21 23:59:59.999
1750550400000,102120.02,103399.62,98200.0,100963.87,28746.41072,1750636799999,2892695407.8086877,5121309,13142.02965,1322387353.3166401,BTCUSDT,2025-06-22,2025-06-22 23:59:59.999
1750636800000,100963.87,106074.2,99613.33,105333.93,27666.50609,1750723199999,2836166831.044449,4944207,13408.20163,1375654853.258466,BTCUSDT,2025-06-23,2025-06-23 23:59:59.999
1750723200000,105333.94,106290.0,104622.02,106083.0,14651.69335,1750809599999,1543451113.4563613,2973481,6848.32158,721631005.2893264,BTCUSDT,2025-06-24,2025-06-24 23:59:59.999
1750809600000,106083.0,108135.3,105808.03,107340.58,16701.15551,1750895999999,1789545470.94629,2988892,8576.13709,919352853.806412,BTCUSDT,2025-06-25,2025-06-25 23:59:59.999
1750896000000,107340.59,108272.45,106562.5,106947.06,10573.27279,1750982399999,1136093974.6816013,2597742,4983.08998,535471528.1944927,BTCUSDT,2025-06-26,2025-06-26 23:59:59.999
1750982400000,106947.06,107735.34,106356.76,107047.59,12232.44042,1751068799999,1308420348.9100094,2304499,4862.2801,520251258.3787664,BTCUSDT,2025-06-27,2025-06-27 23:59:59.999
1751068800000,107047.58,107577.75,106811.51,107296.79,3282.17352,1751155199999,352025390.6031135,653305,1514.41959,162441164.0132396,BTCUSDT,2025-06-28,2025-06-28 23:59:59.999
1751155200000,107296.79,108528.5,107172.52,108356.93,6831.7364,1751241599999,736708189.9495684,1223202,3771.10895,406653127.0920804,BTCUSDT,2025-06-29,2025-06-29 23:59:59.999
1751241600000,108356.93,108789.99,106733.33,107146.5,9754.12491,1751327999999,1050407152.345058,1773485,4331.3813,466474537.7882122,BTCUSDT,2025-06-30,2025-06-30 23:59:59.999
1751328000000,107146.51,107540.0,105250.85,105681.14,10505.62437,1751414399999,1117432945.8926365,2013289,4648.91727,494549276.1837785,BTCUSDT,2025-07-01,2025-07-01 23:59:59.999
1751414400000,105681.13,109730.0,105100.19,108849.6,17691.89592,1751500799999,1915699005.8772898,2444708,9248.43029,1002261738.2088752,BTCUSDT,2025-07-02,2025-07-02 23:59:59.999
1751500800000,108849.59,110529.18,108530.4,109584.78,13047.08225,1751587199999,1429459048.6383262,2568944,6961.89686,763022147.911677,BTCUSDT,2025-07-03,2025-07-03 23:59:59.999
1751587200000,109584.77,109767.59,107245.0,107984.24,11793.86615,1751673599999,1276215111.6683652,1975212,4787.79822,518313226.966756,BTCUSDT,2025-07-04,2025-07-04 23:59:59.999
1751673600000,107984.25,108420.56,107756.31,108198.12,3736.9757,1751759999999,403928702.1967476,710020,1803.68528,194976807.3633011,BTCUSDT,2025-07-05,2025-07-05 23:59:59.999
1751760000000,108198.12,109700.0,107800.01,109203.84,6447.607,1751846399999,700733299.5112199,1256591,3209.35902,348780644.233174,BTCUSDT,2025-07-06,2025-07-06 23:59:59.999
1751846400000,109203.85,109700.0,107513.2,108262.94,9405.37601,1751932799999,1020848316.0537041,1961940,3920.92229,425664101.8022387,BTCUSDT,2025-07-07,2025-07-07 23:59:59.999
1751932800000,108262.94,109216.56,107429.57,108922.98,9216.0208,1752019199999,1000112813.4398943,1723244,4371.98866,474674358.9974899,BTCUSDT,2025-07-08,2025-07-08 23:59:59.999
1752019200000,108922.99,111999.79,108324.53,111233.99,17282.2865,1752105599999,1902054744.194924,2328484,8935.70327,983405508.7482138,BTCUSDT,2025-07-09,2025-07-09 23:59:59.999
1752105600000,111234.0,116868.0,110500.0,116010.0,24883.450665,1752191999999,2826460280.4452233,3227017,12900.135467,1465777460.9410756,BTCUSDT,2025-07-10,2025-07-10 23:59:59.999
1752192000000,116010.01,118869.98,115222.22,117527.66,25873.521148,1752278399999,3039521803.027247,3708194,12502.931168,1468374333.9502122,BTCUSDT,2025-07-11,2025-07-11 23:59:59.999
1752278400000,117527.66,118200.0,116900.05,117420.0,8446.60437,1752364799999,993093353.4068904,1441851,3784.55219,444996040.9059787,BTCUSDT,2025-07-12,2025-07-12 23:59:59.999
1752364800000,117420.0,119488.0,117224.79,119086.64,9550.792947,1752451199999,1132096857.0116916,1650283,4766.474307,565024389.3723919,BTCUSDT,2025-07-13,2025-07-13 23:59:59.999
1752451200000,119086.65,123218.0,118905.18,119841.18,27269.348877,1752537599999,3299746181.0770736,4076133,14099.580747,1705505292.664724,BTCUSDT,2025-07-14,2025-07-14 23:59:59.999
1752537600000,119841.17,119940.83,115736.92,117758.09,32018.46083,1752623999999,3755258445.553272,3805374,15667.30508,1837578524.9238648,BTCUSDT,2025-07-15,2025-07-15 23:59:59.999
1752624000000,117758.08,120063.84,117017.29,118630.43,17039.90851,1752710399999,2023850383.7234874,2429625,8355.96881,992430971.3675903,BTCUSDT,2025-07-16,2025-07-16 23:59:59.999
1752710400000,118630.44,120998.71,117453.57,119177.56,15728.57651,1752796799999,1869114355.1231644,2347985,7696.17927,914659207.5744278,BTCUSDT,2025-07-17,2025-07-17 23:59:59.999
1752796800000,119177.56,120820.71,116812.76,117924.84,19924.66266,1752883199999,2367355518.470308,2805236,8951.37863,1063782057.4785626,BTCUSDT,2025-07-18,2025-07-18 23:59:59.999
1752883200000,117924.84,118499.9,117277.34,117840.0,6635.80306,1752969599999,783327898.4969696,1133382,2978.3832,351626384.0502903,BTCUSDT,2025-07-19,2025-07-19 23:59:59.999
1752969600000,117840.01,118856.8,116467.02,117265.12,12962.92889,1753055999999,1528864683.816082,1615935,6581.33371,776457462.9818254,BTCUSDT,2025-07-20,2025-07-20 23:59:59.999
1753056000000,117265.11,119676.73,116515.0,117380.36,17107.33128,1753142399999,2020783266.9633648,2509543,8426.31812,995117241.6679094,BTCUSDT,2025-07-21,2025-07-21 23:59:59.999
1753142400000,117380.36,120247.8,116128.0,119954.42,20959.12973,1753228799999,2481252763.651911,2778733,10811.45507,1280627214.6285224,BTCUSDT,2025-07-22,2025-07-22 23:59:59.999
1753228800000,119954.43,120090.0,117301.0,118755.99,14558.75083,1753315199999,1722126986.886661,2101404,7070.08701,836266328.7446831,BTCUSDT,2025-07-23,2025-07-23 23:59:59.999
1753315200000,118756.0,119450.0,117103.1,118340.99,15806.89043,1753401599999,1873181653.2018075,2081435,7651.73992,906619084.6035931,BTCUSDT,2025-07-24,2025-07-24 23:59:59.999
1753401600000,118340.98,118451.57,114723.16,117614.31,38406.34873,1753487999999,4456778786.620494,3282355,17042.77355,1977873720.8964725,BTCUSDT,2025-07-25,2025-07-25 23:59:59.999
1753488000000,117614.31,118297.35,117138.38,117919.99,6991.67206,1753574399999,823629079.7493103,790372,3167.88355,373290310.2164352,BTCUSDT,2025-07-26,2025-07-26 23:59:59.999
1753574400000,117919.99,119766.65,117825.5,119415.55,9328.30919,1753660799999,1107883542.1607983,1095080,5238.30358,622261561.2507277,BTCUSDT,2025-07-27,2025-07-27 23:59:59.999
1753660800000,119415.56,119800.0,117427.5,118062.32,13961.74754,1753747199999,1655882235.896518,1824777,7224.91774,857128354.2234088,BTCUSDT,2025-07-28,2025-07-28 23:59:59.999
1753747200000,118062.32,119273.36,116950.75,117950.76,15137.93445,1753833599999,1788682083.6856463,1956694,7988.93736,944162800.0745873,BTCUSDT,2025-07-29,2025-07-29 23:59:59.999
1753833600000,117950.75,118792.0,115796.23,117840.3,15586.73631,1753919999999,1832696878.222986,1997369,7803.61434,917632890.2336526,BTCUSDT,2025-07-30,2025-07-30 23:59:59.999
1753920000000,117840.29,118922.45,115500.0,115764.08,17010.0073,1754006399999,2002870016.7022426,1859532,8313.51616,979519362.0685424,BTCUSDT,2025-07-31,2025-07-31 23:59:59.999
1754006400000,115764.07,116052.0,112722.58,113297.93,24487.10206,1754092799999,2810268577.15137,4160829,11487.2212,1318593418.0612547,BTCUSDT,2025-08-01,2025-08-01 23:59:59.999
1754092800000,113297.92,114063.49,112003.0,112546.35,11507.33428,1754179199999,1301882737.326722,2165714,5060.00835,572586383.0717313,BTCUSDT,2025-08-02,2025-08-02 23:59:59.999
1754179200000,112546.35,114799.97,111920.0,114208.8,7397.76046,1754265599999,841090034.1542541,1419281,3738.18331,425246221.2955304,BTCUSDT,2025-08-03,2025-08-03 23:59:59.999
1754265600000,114208.81,115720.0,114107.6,115055.03,9667.67916,1754351999999,1109938874.0629709,1954230,4715.29351,541443274.8093747,BTCUSDT,2025-08-04,2025-08-04 23:59:59.999
1754352000000,115055.03,115127.81,112650.0,114129.75,12042.79078,1754438399999,1371861747.1466167,2581052,5622.66754,640570774.1010684,BTCUSDT,2025-08-05,2025-08-05 23:59:59.999
1754438400000,114129.75,115716.0,113355.13,114992.27,9761.15318,1754524799999,1118028732.8589184,2026500,4872.24748,558193207.677072,BTCUSDT,2025-08-06,2025-08-06 23:59:59.999
1754524800000,114992.27,117621.0,114259.0,117472.01,13468.56263,1754611199999,1564454297.836927,2314671,7008.73753,814088870.444632,BTCUSDT,2025-08-07,2025-08-07 23:59:59.999
1754611200000,117472.02,117630.0,115878.71,116674.74,10045.31278,1754697599999,1172199778.7242546,2095304,4584.90574,534970598.4687502,BTCUSDT,2025-08-08,2025-08-08 23:59:59.999
1754697600000,116674.74,117944.05,116299.13,116462.25,9514.13144,1754783999999,1111837601.7023723,1390951,4869.85416,569228301.1169946,BTCUSDT,2025-08-09,2025-08-09 23:59:59.999
1754784000000,116462.25,119311.11,116460.63,119294.01,14322.77073,1754870399999,1694198747.8718708,2317065,8023.43513,949082473.721322,BTCUSDT,2025-08-10,2025-08-10 23:59:59.999
1754870400000,119294.27,122335.16,118050.11,118686.0,26494.33429,1754956799999,3194611530.5410695,4021743,13243.42946,1596640461.643077,BTCUSDT,2025-08-11,2025-08-11 23:59:59.999
1754956800000,118686.0,120324.43,118207.47,120134.08,16720.10893,1755043199999,1992762473.5852578,2737841,9265.05962,1104367998.1961715,BTCUSDT,2025-08-12,2025-08-12 23:59:59.999
1755043200000,120134.09,123667.79,118920.92,123306.43,23210.07102,1755129599999,2811581348.3874574,3712817,11931.26825,1446045988.0483146,BTCUSDT,2025-08-13,2025-08-13 23:59:59.999
1755129600000,123306.44,124474.0,117180.0,118295.09,27980.947586,1755215999999,3359128391.108524,4350449,13402.078476,1608719584.8697336,BTCUSDT,2025-08-14,2025-08-14 23:59:59.999
1755216000000,118295.09,119216.82,116803.99,117342.05,13623.33874,1755302399999,1607609329.685101,2895016,6141.41708,724799635.8172467,BTCUSDT,2025-08-15,2025-08-15 23:59:59.999
1755302400000,117342.04,117898.99,117143.98,117380.66,6393.68117,1755388799999,751719391.7723638,1179842,2995.22865,352158781.0964551,BTCUSDT,2025-08-16,2025-08-16 23:59:59.999
1755388800000,117380.66,118575.0,117172.21,117405.01,5898.64192,1755475199999,695629197.9038073,1177563,2804.73113,330799448.0903654,BTCUSDT,2025-08-17,2025-08-17 23:59:59.999
1755475200000,117405.01,117543.75,114640.14,116227.05,17745.93954,1755561599999,2053814085.4717774,3346280,7647.70667,885108979.4887486,BTCUSDT,2025-08-18,2025-08-18 23:59:59.999
1755561600000,116227.05,116725.69,112732.58,112872.94,18065.47424,1755647999999,2065010895.8584664,3291182,8609.4137,984093545.5944221,BTCUSDT,2025-08-19,2025-08-19 23:59:59.999
1755648000000,112872.95,114615.38,112380.0,114271.24,15636.34194,1755734399999,1776149566.1247735,2998370,7209.58575,819330970.2158619,BTCUSDT,2025-08-20,2025-08-20 23:59:59.999
1755734400000,114271.23,114821.76,112015.67,112500.0,10839.69235,1755820799999,1227373788.615563,2357380,5346.48007,605400341.4544928,BTCUSDT,2025-08-21,2025-08-21 23:59:59.999
1755820800000,112500.0,117429.05,111684.79,116935.99,23128.09037,1755907199999,2656625122.2777867,3438518,11843.59711,1359907711.8726692,BTCUSDT,2025-08-22,2025-08-22 23:59:59.999
1755907200000,116936.0,117030.0,114560.0,115438.05,11329.36197,1755993599999,1308825428.0143585,1559569,5083.35014,587273893.1314433,BTCUSDT,2025-08-23,2025-08-23 23:59:59.999
1755993600000,115438.06,115666.68,110680.0,113493.59,21175.98462,1756079999999,2411284606.1891766,2573906,9325.0671,1061855201.3343123,BTCUSDT,2025-08-24,2025-08-24 23:59:59.999
1756080000000,113493.59,113667.28,109274.1,110111.98,25182.79379,1756166399999,2805570653.631023,4695718,11387.5817,1269662985.3441799,BTCUSDT,2025-08-25,2025-08-25 23:59:59.999
1756166400000,110111.98,112371.0,108666.66,111763.22,18452.43877,1756252799999,2033437347.4999392,4077474,9863.43157,1087468493.596964,BTCUSDT,2025-08-26,2025-08-26 23:59:59.999
1756252800000,111763.22,112625.0,110345.42,111262.01,13392.60875,1756339199999,1493774927.190832,3111496,6261.8455,698586344.1774796,BTCUSDT,2025-08-27,2025-08-27 23:59:59.999
1756339200000,111262.01,113485.9,110862.42,112566.9,11104.27744,1756425599999,1250788481.9453218,2066780,5139.46509,578866003.6838148,BTCUSDT,2025-08-28,2025-08-28 23:59:59.999
1756425600000,112566.9,112638.64,107463.9,108377.4,22580.31045,1756511999999,2475492492.57753,3606959,10616.35644,1164321513.1044571,BTCUSDT,2025-08-29,2025-08-29 23:59:59.999
1756512000000,108377.4,108926.15,107350.1,108816.33,10708.39159,1756598399999,1160666772.7387524,1411040,5797.17783,628457794.843401,BTCUSDT,2025-08-30,2025-08-30 23:59:59.999
1756598400000,108816.33,109480.02,108076.93,108246.35,9489.51596,1756684799999,1031806894.3513318,1366633,4573.61058,497406888.1691883,BTCUSDT,2025-08-31,2025-08-31 23:59:59.999
1756684800000,108246.36,109912.4,107255.0,109237.42,16053.60219,1756771199999,1742516638.781135,2729384,7532.99101,817730948.9844334,BTCUSDT,2025-09-01,2025-09-01 23:59:59.999
1756771200000,109237.43,111771.52,108393.39,111240.01,18510.28756,1756857599999,2042681451.9016385,2596328,9088.71727,1003032805.5367996,BTCUSDT,2025-09-02,2025-09-02 23:59:59.999
1756857600000,111240.01,112575.27,110528.71,111705.71,11773.72084,1756943999999,1313762617.3436644,2214249,5539.29462,618293676.5075179,BTCUSDT,2025-09-03,2025-09-03 23:59:59.999
1756944000000,111705.72,112180.0,109329.12,110730.87,12203.13536,1757030399999,1349031325.5320847,2230255,6070.78151,670681185.82571,BTCUSDT,2025-09-04,2025-09-04 23:59:59.999
1757030400000,110730.87,113384.62,110206.96,110659.99,21587.40888,1757116799999,2413132200.623325,2970419,10787.81127,1206066261.227201,BTCUSDT,2025-09-05,2025-09-05 23:59:59.999
1757116800000,110660.0,111307.7,109977.0,110187.97,5000.29897,1757203199999,552785936.5434699,795201,2308.83297,255237426.946011,BTCUSDT,2025-09-06,2025-09-06 23:59:59.999
1757203200000,110187.98,111600.0,110180.0,111137.34,5681.29944,1757289599999,630447950.1588689,874961,2570.85199,285303923.5404623,BTCUSDT,2025-09-07,2025-09-07 23:59:59.999
1757289600000,111137.35,112924.37,110621.78,112065.23,11582.40211,1757375999999,1295903862.4649603,1744598,5531.65969,618773275.3576307,BTCUSDT,2025-09-08,2025-09-08 23:59:59.999
1757376000000,112065.23,113293.29,110766.66,111546.39,15379.28248,1757462399999,1721465997.906366,2143242,7597.38038,849973176.1775684,BTCUSDT,2025-09-09,2025-09-09 23:59:59.999
1757462400000,111546.38,114313.13,110917.45,113960.0,17517.41823,1757548799999,1978834750.2223115,2182534,8274.63998,934646697.4823323,BTCUSDT,2025-09-10,2025-09-10 23:59:59.999
1757548800000,113960.0,115488.09,113430.0,115482.69,13676.73119,1757635199999,1562241144.956541,2166359,6744.29993,770595422.6905214,BTCUSDT,2025-09-11,2025-09-11 23:59:59.999
1757635200000,115482.69,116665.63,114740.99,116029.42,15324.10719,1757721599999,1772122269.5018635,2481491,7995.57276,924775389.8569396,BTCUSDT,2025-09-12,2025-09-12 23:59:59.999
1757721600000,116029.41,116298.78,115127.27,115918.29,8269.40394,1757807999999,957724220.6497611,1223635,3590.09359,415773029.4393527,BTCUSDT,2025-09-13,2025-09-13 23:59:59.999
1757808000000,115918.29,116165.19,115135.0,115268.01,6707.60197,1757894399999,775762364.9685991,1237218,3406.90777,393977059.3035421,BTCUSDT,2025-09-14,2025-09-14 23:59:59.999
1757894400000,115268.01,116757.99,114384.0,115349.71,13212.51149,1757980799999,1522648235.2235153,2857989,6621.3636,763138585.6850249,BTCUSDT,2025-09-15,2025-09-15 23:59:59.999
1757980800000,115349.71,116964.27,114737.11,116788.96,10926.9094,1758067199999,1265779287.5169268,2047058,5292.18365,613182568.9919184,BTCUSDT,2025-09-16,2025-09-16 23:59:59.999
1758067200000,116788.96,117286.73,114720.81,116447.59,16754.2454,1758153599999,1946083704.6217456,3227418,7975.0019,926282110.833079,BTCUSDT,2025-09-17,2025-09-17 23:59:59.999
1758153600000,116447.6,117900.0,116092.76,117073.53,11657.23365,1758239999999,1367513347.4865093,2252654,5717.34538,670700552.9347277,BTCUSDT,2025-09-18,2025-09-18 23:59:59.999
1758240000000,117073.53,117459.99,115100.0,115632.38,8992.09065,1758326399999,1045792401.4532388,1732471,4020.81483,467345983.0786799,BTCUSDT,2025-09-19,2025-09-19 23:59:59.999
1758326400000,115632.39,116121.81,115408.47,115685.63,4674.92752,1758412799999,541264273.2416894,740451,2276.16483,263511469.8432588,BTCUSDT,2025-09-20,2025-09-20 23:59:59.999
1758412800000,115685.63,115819.06,115188.0,115232.29,4511.52219,1758499199999,521299751.1504096,945965,2016.72489,233031538.7469931,BTCUSDT,2025-09-21,2025-09-21 23:59:59.999
1758499200000,115232.29,115379.25,111800.0,112650.99,20781.71356,1758585599999,2348872511.698875,3045876,9312.35777,1052684266.8981876,BTCUSDT,2025-09-22,2025-09-22 23:59:59.999
1758585600000,112650.99,113290.5,111458.73,111998.8,12301.3203,1758671999999,1383869800.273703,2455729,5543.3609,623665658.7200328,BTCUSDT,2025-09-23,2025-09-23 23:59:59.999
1758672000000,111998.8,113940.0,111042.66,113307.0,12369.25967,1758758399999,1394470628.502582,2229837,6100.69487,687826281.220477,BTCUSDT,2025-09-24,2025-09-24 23:59:59.999
1758758400000,113307.01,113510.23,108631.51,108994.49,21231.14957,1758844799999,2356639689.925215,4409953,9511.07937,1055527535.7684447,BTCUSDT,2025-09-25,2025-09-25 23:59:59.999
1758844800000,108994.49,110300.0,108620.07,109643.46,14243.01591,1758931199999,1557098915.9392595,3257155,6978.29033,762955442.7524,BTCUSDT,2025-09-26,2025-09-26 23:59:59.999
1758931200000,109643.46,109743.91,109064.4,109635.85,5501.78643,1759017599999,601947588.9970765,919594,2523.25886,276080500.9941954,BTCUSDT,2025-09-27,2025-09-27 23:59:59.999
1759017600000,109635.85,112350.0,109189.99,112163.95,7542.3316,1759103999999,832254944.3203353,1484866,3781.87606,417495757.16935,BTCUSDT,2025-09-28,2025-09-28 23:59:59.999
1759104000000,112163.96,114400.0,111560.65,114311.96,15541.12005,1759190399999,1755247635.871136,2442653,7836.68768,884934987.568753,BTCUSDT,2025-09-29,2025-09-29 23:59:59.999
1759190400000,114311.97,114792.0,112656.27,114048.93,15044.15633,1759276799999,1710713267.1300955,3018331,7185.72154,817044461.2701815,BTCUSDT,2025-09-30,2025-09-30 23:59:59.999
1759276800000,114048.94,118649.1,113966.67,118594.99,20036.39516,1759363199999,2332096981.2659335,3430343,10071.04092,1172422657.4065175,BTCUSDT,2025-10-01,2025-10-01 23:59:59.999
1759363200000,118594.99,121022.07,118279.31,120529.35,19670.83503,1759449599999,2349861127.3445807,3472073,9753.07848,1164986423.9898076,BTCUSDT,2025-10-02,2025-10-02 23:59:59.999
1759449600000,120529.35,123894.99,119248.3,122232.0,23936.328,1759535999999,2907381076.6813188,4246820,11288.62355,1372792607.6136215,BTCUSDT,2025-10-03,2025-10-03 23:59:59.999
1759536000000,122232.21,122800.0,121510.0,122391.0,8208.16678,1759622399999,1002272903.3446472,1703590,3767.80335,460154433.1236619,BTCUSDT,2025-10-04,2025-10-04 23:59:59.999
1759622400000,122390.99,125708.42,122136.0,123482.31,22043.097553,1759708799999,2730817470.939564,3690670,11780.672403,1459478400.9109962,BTCUSDT,2025-10-05,2025-10-05 23:59:59.999
1759708800000,123482.32,126199.63,123084.0,124658.54,19494.628793,1759795199999,2428828952.2653184,4206167,9963.008153,1241625129.7177184,BTCUSDT,2025-10-06,2025-10-06 23:59:59.999
1759795200000,124658.54,125126.0,120574.94,121332.95,21633.99385,1759881599999,2657405799.8705487,4390785,9699.35099,1191947741.6989057,BTCUSDT,2025-10-07,2025-10-07 23:59:59.999
1759881600000,121332.96,124197.25,121066.14,123306.0,17012.618,1759967999999,2084842842.441617,4184997,9039.06222,1107976264.6948595,BTCUSDT,2025-10-08,2025-10-08 23:59:59.999
1759968000000,123306.01,123762.94,119651.47,121662.4,21559.36007,1760054399999,2621438087.566733,4231167,10144.15364,1233882833.5642388,BTCUSDT,2025-10-09,2025-10-09 23:59:59.999
1760054400000,121662.41,122550.0,102000.0,112774.5,64171.93927,1760140799999,7349750905.041158,11404522,30502.14297,3493298452.846008,BTCUSDT,2025-10-10,2025-10-10 23:59:59.999
1760140800000,112774.49,113322.39,109561.59,110644.4,35448.51652,1760227199999,3961069473.2311363,6661929,15375.94796,1718429599.5669522,BTCUSDT,2025-10-11,2025-10-11 23:59:59.999
1760227200000,110644.4,115770.0,109565.06,114958.8,32255.30272,1760313599999,3638546528.7401557,6048575,16915.44533,1907676479.1772509,BTCUSDT,2025-10-12,2025-10-12 23:59:59.999
1760313600000,114958.81,115963.81,113616.5,115166.0,22557.24033,1760399999999,2591831660.9857492,5739352,10710.89723,1230950583.8424666,BTCUSDT,2025-10-13,2025-10-13 23:59:59.999
1760400000000,115166.0,115409.96,109866.0,113028.14,31870.32974,1760486399999,3578140778.808499,7425642,14944.19197,1677011392.6343808,BTCUSDT,2025-10-14,2025-10-14 23:59:59.999
1760486400000,113028.13,113612.35,110164.0,110763.28,22986.48811,1760572799999,2569639641.3527684,5243141,10499.31831,1173678794.920774,BTCUSDT,2025-10-15,2025-10-15 23:59:59.999
1760572800000,110763.28,111982.45,107427.0,108194.28,29857.17252,1760659199999,3277596494.7619195,6127094,13126.95119,1441416875.126377,BTCUSDT,2025-10-16,2025-10-16 23:59:59.999
1760659200000,108194.27,109240.0,103528.23,106431.68,37920.66838,1760745599999,4022645635.221202,7570685,17996.99946,1909654487.4562209,BTCUSDT,2025-10-17,2025-10-17 23:59:59.999
1760745600000,106431.68,107499.0,106322.2,107185.01,11123.18766,1760831999999,1189002999.143113,2105450,4845.85641,518065716.6618129,BTCUSDT,2025-10-18,2025-10-18 23:59:59.999
1760832000000,107185.0,109450.07,106103.36,108642.78,15480.66423,1760918399999,1670074079.5802343,3205640,7100.31013,766423535.8177378,BTCUSDT,2025-10-19,2025-10-19 23:59:59.999
1760918400000,108642.77,111705.56,107402.52,110532.09,19193.4416,1761004799999,2119912185.5934682,4283542,9280.50075,1024925788.7216991,BTCUSDT,2025-10-20,2025-10-20 23:59:59.999
1761004800000,110532.09,114000.0,107473.72,108297.67,37228.01659,1761091199999,4114477849.932054,6004063,17034.07155,1881327751.3346128,BTCUSDT,2025-10-21,2025-10-21 23:59:59.999
1761091200000,108297.66,109163.88,106666.69,107567.44,28610.78451,1761177599999,3090291706.4439816,5547903,13766.58861,1487179903.5999787,BTCUSDT,2025-10-22,2025-10-22 23:59:59.999
1761177600000,107567.45,111293.61,107500.0,110078.18,17573.09294,1761263999999,1924582289.411394,3721614,8575.33716,938905317.7034107,BTCUSDT,2025-10-23,2025-10-23 23:59:59.999
1761264000000,110078.19,112104.98,109700.01,111004.89,15005.16913,1761350399999,1662806764.9533324,3241022,7511.2434,832390454.8076226,BTCUSDT,2025-10-24,2025-10-24 23:59:59.999
1761350400000,111004.9,111943.19,110672.86,111646.27,6407.96864,1761436799999,714201332.9751225,1238199,3087.0866,344113931.7999452,BTCUSDT,2025-10-25,2025-10-25 23:59:59.999
1761436800000,111646.27,115466.8,111260.45,114559.4,13454.47737,1761523199999,1525108635.874829,2463951,6982.18154,791462349.3516057,BTCUSDT,2025-10-26,2025-10-26 23:59:59.999
1761523200000,114559.41,116400.0,113830.01,114107.65,21450.23241,1761609599999,2470872744.5489683,3660488,10969.70182,1263753536.9973898,BTCUSDT,2025-10-27,2025-10-27 23:59:59.999
1761609600000,114107.65,116086.0,112211.0,112898.45,15523.42257,1761695999999,1772753529.8642743,3829845,7765.31574,887031686.0163724,BTCUSDT,2025-10-28,2025-10-28 23:59:59.999
1761696000000,112898.44,113643.73,109200.0,110021.29,21079.71376,1761782399999,2356715986.5335455,4481480,10407.07233,1163985607.3569086,BTCUSDT,2025-10-29,2025-10-29 23:59:59.999
1761782400000,110021.3,111592.0,106304.34,108322.88,25988.82838,1761868799999,2827221287.4227977,6373451,12551.13144,1365671836.7455924,BTCUSDT,2025-10-30,2025-10-30 23:59:59.999
1761868800000,108322.87,111190.0,108275.28,109608.01,21518.20439,1761955199999,2361590437.9414105,5256872,10798.53938,1185034290.9237797,BTCUSDT,2025-10-31,2025-10-31 23:59:59.999
1761955200000,109608.01,110564.49,109394.81,110098.1,7378.50431,1762041599999,812389216.4346797,1994214,3406.68401,375126956.0809722,BTCUSDT,2025-11-01,2025-11-01 23:59:59.999
1762041600000,110098.1,111250.01,109471.34,110540.68,12107.00087,1762127999999,1336870531.1415012,2652188,5921.86453,654016950.2549777,BTCUSDT,2025-11-02,2025-11-02 23:59:59.999
1762128000000,110540.69,110750.0,105306.56,106583.04,28681.18779,1762214399999,3076006652.0015674,7074546,12847.08574,1377869106.6681776,BTCUSDT,2025-11-03,2025-11-03 23:59:59.999
1762214400000,106583.05,107299.0,98944.36,101497.22,50534.87376,1762300799999,5197697635.212413,9099609,23388.99033,2406186713.17053,BTCUSDT,2025-11-04,2025-11-04 23:59:59.999
1762300800000,101497.23,104534.74,98966.8,103885.16,33778.77571,1762387199999,3454273922.700385,6500368,18126.84828,1854232277.0330112,BTCUSDT,2025-11-05,2025-11-05 23:59:59.999
1762387200000,103885.16,104200.0,100300.95,101346.04,25814.62139,1762473599999,2641767846.305827,5755001,11972.54796,1225474173.0204284,BTCUSDT,2025-11-06,2025-11-06 23:59:59.999
1762473600000,101346.04,104096.36,99260.86,103339.08,32059.50942,1762559999999,3251112979.305884,6335759,16056.80582,1629564159.11658,BTCUSDT,2025-11-07,2025-11-07 23:59:59.999
1762560000000,103339.09,103406.22,101454.0,102312.94,12390.77985,1762646399999,1267165565.3752701,2743819,5862.65977,599611355.3671467,BTCUSDT,2025-11-08,2025-11-08 23:59:59.999
1762646400000,102312.95,105495.62,101400.0,104722.96,16338.97096,1762732799999,1687020822.3668208,3404204,8224.94939,849620657.0869097,BTCUSDT,2025-11-09,2025-11-09 23:59:59.999
1762732800000,104722.95,106670.11,104265.02,106011.13,22682.25673,1762819199999,2400141664.389342,4710957,11595.81944,1226965888.74677,BTCUSDT,2025-11-10,2025-11-10 23:59:59.999
1762819200000,106011.13,107500.0,102476.09,103058.99,24196.50718,1762905599999,2532279071.0069213,5532149,10717.03395,1121890584.1997764,BTCUSDT,2025-11-11,2025-11-11 23:59:59.999
1762905600000,103059.0,105333.33,100813.59,101654.37,20457.63906,1762991999999,2108514405.2608771,5314132,10155.72095,1047214063.138287,BTCUSDT,2025-11-12,2025-11-12 23:59:59.999
1762992000000,101654.37,104085.01,98000.4,99692.02,36198.50771,1763078399999,3654698026.5403805,8125404,17250.22426,1742449117.5763607,BTCUSDT,2025-11-13,2025-11-13 23:59:59.999
1763078400000,99692.03,99866.02,94012.45,94594.0,47288.14481,1763164799999,4566085156.747207,9551025,21184.91518,2045542286.8634834,BTCUSDT,2025-11-14,2025-11-14 23:59:59.999
1763164800000,94594.0,96846.68,94558.49,95596.24,15110.89391,1763251199999,1449074019.0674856,4263558,7115.78198,682358960.7540421,BTCUSDT,2025-11-15,2025-11-15 23:59:59.999
1763251200000,95596.23,96635.11,93005.55,94261.44,23889.4051,1763337599999,2261295524.8173394,5141394,10828.62752,1025540141.3111866,BTCUSDT,2025-11-16,2025-11-16 23:59:59.999
1763337600000,94261.45,96043.0,91220.0,92215.14,39218.59806,1763423999999,3674562070.238606,8134322,18690.19245,1750979467.7862606,BTCUSDT,2025-11-17,2025-11-17 23:59:59.999
1763424000000,92215.14,93836.01,89253.78,92960.83,39835.14769,1763510399999,3641033186.3004584,8786593,20130.95957,1841176605.1418235,BTCUSDT,2025-11-18,2025-11-18 23:59:59.999
1763510400000,92960.83,92980.22,88608.0,91554.96,32286.6376,1763596799999,2925773651.255958,6822174,15060.08451,1365200809.1745572,BTCUSDT,2025-11-19,2025-11-19 23:59:59.999
1763596800000,91554.96,93160.0,86100.0,86637.23,39733.19073,1763683199999,3548950335.0984216,7841395,18283.84047,1634256490.957432,BTCUSDT,2025-11-20,2025-11-20 23:59:59.999
1763683200000,86637.22,87498.94,80600.0,85129.43,72256.12679,1763769599999,6061348756.341564,11826480,34071.85828,2859133223.2240524,BTCUSDT,2025-11-21,2025-11-21 23:59:59.999
1763769600000,85129.42,85620.0,83500.0,84739.74,14193.93263,1763855999999,1197657354.9690385,4697593,6688.79428,564562148.9373932,BTCUSDT,2025-11-22,2025-11-22 23:59:59.999
1763856000000,84739.75,88127.64,84667.57,86830.0,19734.46418,1763942399999,1708685030.2798696,5063493,10406.51703,901210513.5204473,BTCUSDT,2025-11-23,2025-11-23 23:59:59.999
1763942400000,86830.0,89228.0,85272.0,88300.01,24663.12795,1764028799999,2150393686.920318,6189156,12438.87518,1085485389.0234168,BTCUSDT,2025-11-24,2025-11-24 23:59:59.999
1764028800000,88300.01,88519.99,86116.0,87369.96,19567.0411,1764115199999,1708989000.038937,4838747,9423.17985,823123525.1402559,BTCUSDT,2025-11-25,2025-11-25 23:59:59.999
1764115200000,87369.97,90656.08,86306.77,90484.02,21675.82239,1764201599999,1916851896.6699688,4668280,10883.61063,962765375.8163832,BTCUSDT,2025-11-26,2025-11-26 23:59:59.999
1764201600000,90484.01,91950.0,90089.91,91333.95,16833.50932,1764287999999,1535778106.5787077,3920172,8898.35835,812005498.7594875,BTCUSDT,2025-11-27,2025-11-27 23:59:59.999
1764288000000,91333.94,93092.0,90180.63,90890.7,18830.86012,1764374399999,1721418035.0795596,4229754,8961.64712,820315728.918691,BTCUSDT,2025-11-28,2025-11-28 23:59:59.999
1764374400000,90890.71,91165.65,90155.47,90802.44,7429.88291,1764460799999,673725652.9787655,1677860,3359.04932,304614219.1452583,BTCUSDT,2025-11-29,2025-11-29 23:59:59.999
1764460800000,90802.44,92000.01,90336.9,90360.0,9687.74175,1764547199999,884051773.1655338,2154030,5002.96698,456606490.1203246,BTCUSDT,2025-11-30,2025-11-30 23:59:59.999
1764547200000,90360.01,90417.0,83822.76,86286.01,34509.01227,1764633599999,2977024047.2231607,7709685,15524.33346,1338718794.0013123,BTCUSDT,2025-12-01,2025-12-01 23:59:59.999
1764633600000,86286.01,92307.65,86184.39,91277.88,28210.22732,1764719999999,2519515177.662365,6397299,13512.33949,1206199898.294151,BTCUSDT,2025-12-02,2025-12-02 23:59:59.999
1764720000000,91277.88,94150.0,90990.23,93429.95,25712.52585,1764806399999,2386223626.86139,6733182,12993.19312,1206219500.4577343,BTCUSDT,2025-12-03,2025-12-03 23:59:59.999
1764806400000,93429.95,94080.0,90889.0,92078.06,19803.94059,1764892799999,1836645629.33462,5856049,8312.69539,770992235.207992,BTCUSDT,2025-12-04,2025-12-04 23:59:59.999
1764892800000,92078.06,92692.36,88056.0,89330.04,19792.97218,1764979199999,1788436983.8106546,5520352,8722.13995,787809723.7213238,BTCUSDT,2025-12-05,2025-12-05 23:59:59.999
1764979200000,89330.04,90289.97,88908.01,89236.79,8409.50016,1765065599999,753420679.8063259,2482221,4041.72834,362232786.2695714,BTCUSDT,2025-12-06,2025-12-06 23:59:59.999
1765065600000,89236.8,91760.0,87719.28,90395.31,13021.11185,1765151999999,1167866486.8455212,3953071,6370.56683,571547237.856767,BTCUSDT,2025-12-07,2025-12-07 23:59:59.999
1765152000000,90395.32,92287.15,89612.0,90634.34,15793.63887,1765238399999,1436920018.8936133,5458731,7296.74328,663654575.4521835,BTCUSDT,2025-12-08,2025-12-08 23:59:59.999
1765238400000,90634.35,94588.99,89500.0,92678.8,21240.43014,1765324799999,1956261065.6071732,5940223,10517.75959,969426006.1222628,BTCUSDT,2025-12-09,2025-12-09 23:59:59.999
1765324800000,92678.81,94476.0,91563.15,92015.37,18998.68083,1765411199999,1758773276.2478049,6025707,9197.33116,852012295.3967115,BTCUSDT,2025-12-10,2025-12-10 23:59:59.999
1765411200000,92015.38,93555.0,89260.63,92513.38,19972.58758,1765497599999,1814322119.0658488,6250438,9150.89797,831529923.8088819,BTCUSDT,2025-12-11,2025-12-11 23:59:59.999
1765497600000,92513.38,92754.0,89480.0,90268.42,16679.19169,1765583999999,1521683425.5648005,4956719,7986.68273,728724357.3886563,BTCUSDT,2025-12-12,2025-12-12 23:59:59.999
1765584000000,90268.43,90634.55,89766.39,90240.01,5895.70788,1765670399999,532250544.5904015,1363754,2237.9847,202065519.4961406,BTCUSDT,2025-12-13,2025-12-13 23:59:59.999
1765670400000,90240.0,90472.4,87577.36,88172.17,9416.94004,1765756799999,839079130.8378651,3115749,4005.70835,356905157.3266693,BTCUSDT,2025-12-14,2025-12-14 23:59:59.999
1765756800000,88172.16,90052.64,85146.64,86432.08,19778.6919,1765843199999,1732823429.5017288,6747167,9592.41076,840349649.3250623,BTCUSDT,2025-12-15,2025-12-15 23:59:59.999
1765843200000,86432.08,88175.98,85266.0,87863.42,18456.05017,1765929599999,1604673428.6527836,6099692,9065.97746,788731082.46646,BTCUSDT,2025-12-16,2025-12-16 23:59:59.999
1765929600000,87863.43,90365.85,85314.0,86243.22,19834.11729,1766015999999,1733348496.6703594,6058638,9277.27838,810618013.2566438,BTCUSDT,2025-12-17,2025-12-17 23:59:59.999
1766016000000,86243.23,89477.61,84450.01,85516.41,25405.41763,1766102399999,2204223872.6696463,6946947,12668.53838,1098646854.9700365,BTCUSDT,2025-12-18,2025-12-18 23:59:59.999
1766102400000,85516.41,89399.97,85110.24,88136.94,21256.65004,1766188799999,1863236625.932864,6482253,10880.14451,953886285.3647416,BTCUSDT,2025-12-19,2025-12-19 23:59:59.999
1766188800000,88136.95,88573.07,87795.76,88360.9,5123.13194,1766275199999,451919022.7277595,1174426,2456.37063,216687645.3292005,BTCUSDT,2025-12-20,2025-12-20 23:59:59.999
1766275200000,88360.91,89081.77,87600.04,88658.86,7132.87258,1766361599999,629720971.7866651,2030666,3450.39397,304712061.7980245,BTCUSDT,2025-12-21,2025-12-21 23:59:59.999
1766361600000,88658.87,90588.23,87900.0,88620.79,14673.2197,1766447999999,1310235631.747926,4847747,7269.61435,649186791.7715422,BTCUSDT,2025-12-22,2025-12-22 23:59:59.999
1766448000000,88620.79,88940.0,86601.9,87486.0,13910.32904,1766534399999,1219899607.2677548,4465080,6381.76747,559905195.8871304,BTCUSDT,2025-12-23,2025-12-23 23:59:59.999
1766534400000,87486.0,88049.89,86420.0,87669.45,9140.8432,1766620799999,797460526.4738462,2877239,4543.27331,396385690.4046026,BTCUSDT,2025-12-24,2025-12-24 23:59:59.999
1766620800000,87669.44,88592.74,86934.72,87225.27,7096.58235,1766707199999,622970453.6497647,1992172,3390.95708,297591128.7233041,BTCUSDT,2025-12-25,2025-12-25 23:59:59.999
1766707200000,87225.27,89567.75,86655.08,87369.56,18344.61505,1766793599999,1616722115.636646,4509482,8846.80613,780464877.7249064,BTCUSDT,2025-12-26,2025-12-26 23:59:59.999
1766793600000,87369.56,87984.0,87253.05,87877.01,4469.55156,1766879999999,391274205.274436,957536,2065.72405,180860481.2392424,BTCUSDT,2025-12-27,2025-12-27 23:59:59.999
1766880000000,87877.0,88088.75,87435.0,87952.71,4446.29285,1766966399999,390327299.1502763,1241426,2230.75216,195842128.1874143,BTCUSDT,2025-12-28,2025-12-28 23:59:59.999
1766966400000,87952.71,90406.08,86806.5,87237.13,19894.98575,1767052799999,1762011993.0377953,4793589,10079.10102,892298235.375502,BTCUSDT,2025-12-29,2025-12-29 23:59:59.999
1767052800000,87237.13,89400.0,86845.66,88485.49,13105.91001,1767139199999,1155016404.4786754,3542176,6561.56089,578303387.4025434,BTCUSDT,2025-12-30,2025-12-30 23:59:59.999
1767139200000,88485.5,89200.0,87250.0,87648.22,11558.62047,1767225599999,1019746835.2795268,2897396,5432.03408,479104976.9645489,BTCUSDT,2025-12-31,2025-12-31 23:59:59.999
1767225600000,87648.21,88919.45,87550.43,88839.04,6279.57133,1767311999999,552991635.2911001,1449281,3123.64536,275090077.2883817,BTCUSDT,2026-01-01,2026-01-01 23:59:59.999
1767312000000,88839.05,90961.81,88379.88,89995.13,17396.97301,1767398399999,1558958860.8870876,5010211,8929.35447,800380273.9640186,BTCUSDT,2026-01-02,2026-01-02 23:59:59.999
1767398400000,89995.14,90741.16,89314.01,90628.01,7057.46716,1767484799999,635514773.6093655,1684214,3791.72083,341479553.3015828,BTCUSDT,2026-01-03,2026-01-03 23:59:59.999
1767484800000,90628.01,91810.0,90628.0,91529.73,10426.5297,1767571199999,952160980.5212084,2207037,5320.99389,485918671.5920199,BTCUSDT,2026-01-04,2026-01-04 23:59:59.999
1767571200000,91529.74,94789.08,91514.81,93859.71,20673.59584,1767657599999,1927455243.548076,5485489,10892.9695,1015858751.9317029,BTCUSDT,2026-01-05,2026-01-05 23:59:59.999
1767657600000,93859.71,94444.44,91262.94,93747.97,18546.41829,1767743999999,1728045542.298375,5018686,8108.82157,755998193.3969632,BTCUSDT,2026-01-06,2026-01-06 23:59:59.999
1767744000000,93747.97,93747.97,90675.52,91364.16,14276.49025,1767830399999,1311906952.9749737,4340252,6714.86954,616889466.1481977,BTCUSDT,2026-01-07,2026-01-07 23:59:59.999
1767830400000,91364.16,91687.99,89311.0,91099.99,16132.79117,1767916799999,1460622501.2073882,4923472,8192.07574,741768676.9751914,BTCUSDT,2026-01-08,2026-01-08 23:59:59.999
1767916800000,91100.0,92082.55,89694.66,90641.28,15590.27939,1768003199999,1416907180.1870482,4155703,8512.4327,773999739.2375336,BTCUSDT,2026-01-09,2026-01-09 23:59:59.999
1768003200000,90641.27,90832.0,90404.0,90504.7,3104.11722,1768089599999,281321375.4802981,766357,1551.97383,140664759.4095869,BTCUSDT,2026-01-10,2026-01-10 23:59:59.999
1768089600000,90504.7,91283.89,90236.0,91013.65,5477.13594,1768175999999,497245863.9319499,1282029,2868.36168,260447706.8088716,BTCUSDT,2026-01-11,2026-01-11 23:59:59.999
1768176000000,91013.66,92519.95,90128.44,91296.2,16188.08268,1768262399999,1479964862.2693064,4099509,8092.5428,740004800.1807222,BTCUSDT,2026-01-12,2026-01-12 23:59:59.999
1768262400000,91296.2,96495.0,91042.66,95414.0,23021.51482,1768348799999,2149770801.117704,5025071,12405.23056,1159067162.248983,BTCUSDT,2026-01-13,2026-01-13 23:59:59.999
1768348800000,95413.99,97924.49,94559.28,96951.78,22851.89428,1768435199999,2201535821.648615,5346212,11974.98829,1154415462.597303,BTCUSDT,2026-01-14,2026-01-14 23:59:59.999
1768435200000,96951.78,97193.34,95134.48,95604.8,21725.81369,1768521599999,2093008182.8437335,4493095,10841.32767,1045103063.1114848,BTCUSDT,2026-01-15,2026-01-15 23:59:59.999
1768521600000,95604.81,95871.47,94293.46,95550.94,11167.7146,1768607999999,1064019408.0772514,2971559,5055.06952,481723178.0814679,BTCUSDT,2026-01-16,2026-01-16 23:59:59.999
1768608000000,95550.94,95639.45,95021.67,95147.77,4280.80137,1768694399999,408161941.6719079,1020527,2059.85283,196399075.9709701,BTCUSDT,2026-01-17,2026-01-17 23:59:59.999
1768694400000,95147.77,95531.12,93615.4,93673.14,6895.17819,1768780799999,654773743.2677118,1488785,3107.35604,295217762.8212793,BTCUSDT,2026-01-18,2026-01-18 23:59:59.999
1768780800000,93673.14,93673.14,91910.2,92631.0,14295.52747,1768867199999,1326770336.049047,3359066,6906.84245,640981004.8958122,BTCUSDT,2026-01-19,2026-01-19 23:59:59.999
1768867200000,92630.99,92870.0,87895.98,88427.66,22007.3261,1768953599999,1989676668.5941782,6064031,9629.19624,870936424.1390942,BTCUSDT,2026-01-20,2026-01-20 23:59:59.999
1768953600000,88427.66,90574.0,87263.53,89454.73,20617.50372,1769039999999,1837708115.3597033,6419053,10265.21302,915531751.0822006,BTCUSDT,2026-01-21,2026-01-21 23:59:59.999
1769040000000,89454.73,90359.99,88515.37,89559.67,10825.50492,1769126399999,969910623.3559886,3743412,5529.54766,495598490.5227897,BTCUSDT,2026-01-22,2026-01-22 23:59:59.999
1769126400000,89559.68,91224.99,88578.36,89600.26,13918.48919,1769212799999,1248772265.678843,4619907,6911.17668,620204414.132354,BTCUSDT,2026-01-23,2026-01-23 23:59:59.999
1769212800000,89600.26,89957.39,89162.08,89225.34,4226.56737,1769299199999,378464146.0918812,959854,1835.96939,164401193.4396937,BTCUSDT,2026-01-24,2026-01-24 23:59:59.999
1769299200000,89225.34,89319.13,86074.72,86670.36,14426.22019,1769385599999,1264233689.841581,3720178,6269.27657,549304584.5673954,BTCUSDT,2026-01-25,2026-01-25 23:59:59.999
1769385600000,86670.36,88860.0,86509.63,88347.08,17766.51453,1769471999999,1560135758.989215,4798083,9428.94206,827914390.6949898,BTCUSDT,2026-01-26,2026-01-26 23:59:59.999
1769472000000,88347.08,89523.16,87304.33,89250.0,13125.40425,1769558399999,1160026853.5895033,3787336,6722.86937,594388596.0572797,BTCUSDT,2026-01-27,2026-01-27 23:59:59.999
1769558400000,89249.99,90600.0,88833.65,89299.99,14332.18502,1769644799999,1283919840.851472,4385791,7015.44336,628761031.3151364,BTCUSDT,2026-01-28,2026-01-28 23:59:59.999
1769644800000,89300.0,89348.0,83383.33,84650.16,30431.38201,1769731199999,2610381587.9100037,5598749,12385.58906,1062920384.0760188,BTCUSDT,2026-01-29,2026-01-29 23:59:59.999
1769731200000,84650.16,84735.75,81118.0,84260.49,35195.84793,1769817599999,2918624066.481832,8998829,16749.59784,1389486785.106681,BTCUSDT,2026-01-30,2026-01-30 23:59:59.999
1769817600000,84260.5,84270.02,75719.9,78741.09,39491.89133,1769903999999,3155264093.623044,7384976,17959.61358,1435120245.9826965,BTCUSDT,2026-01-31,2026-01-31 23:59:59.999
1769904000000,78741.1,79424.0,75700.0,76968.21,25395.48168,1769990399999,1974920557.0473866,8001906,12031.74392,936095742.7402172,BTCUSDT,2026-02-01,2026-02-01 23:59:59.999
1769990400000,76968.22,79360.0,74604.0,78738.61,42273.59016,1770076799999,3260752444.4613295,10085578,21480.45115,1658977441.2234404,BTCUSDT,2026-02-02,2026-02-02 23:59:59.999
1770076800000,78738.6,79186.81,72945.5,75770.21,39120.10889,1770163199999,2986903008.574792,9199445,17304.88253,1324119396.4360397,BTCUSDT,2026-02-03,2026-02-03 23:59:59.999
1770163200000,75770.21,76971.52,71888.0,73165.83,38375.36,1770249599999,2852834631.5391464,10724002,17274.35569,1284664768.8290725,BTCUSDT,2026-02-04,2026-02-04 23:59:59.999
1770249600000,73165.84,73341.18,62345.0,62909.86,106298.82899,1770335999999,7198745594.280694,15364010,49042.65006,3325749503.0332394,BTCUSDT,2026-02-05,2026-02-05 23:59:59.999
1770336000000,62909.87,71751.33,60000.0,70580.26,92539.21531,1770422399999,6134056670.6115055,13228528,49477.51198,3288426149.2806883,BTCUSDT,2026-02-06,2026-02-06 23:59:59.999
1770422400000,70580.26,71690.07,67300.0,69289.38,44255.48036,1770508799999,3058983879.0691524,7167427,18766.22233,1298989823.429441,BTCUSDT,2026-02-07,2026-02-07 23:59:59.999
1770508800000,69289.37,72271.41,68888.0,70330.38,21420.53168,1770595199999,1510003758.652842,4870449,11435.75238,805898867.2818197,BTCUSDT,2026-02-08,2026-02-08 23:59:59.999
1770595200000,70330.38,71453.53,68308.0,70138.0,29152.72842,1770681599999,2038959539.4209776,6644769,13854.63486,969001616.6829728,BTCUSDT,2026-02-09,2026-02-09 23:59:59.999
1770681600000,70138.0,70527.59,67800.0,68841.29,20373.77072,1770767999999,1408623623.3599253,4558658,9237.21056,638739950.2535255,BTCUSDT,2026-02-10,2026-02-10 23:59:59.999
1770768000000,68841.28,69292.88,65756.0,67082.52,28718.24602,1770854399999,1930513947.5441146,6956577,14335.50997,963903748.2694873,BTCUSDT,2026-02-11,2026-02-11 23:59:59.999
1770854400000,67082.52,68410.52,65118.0,66272.17,24271.74283,1770940799999,1622162145.3342066,6778280,12101.72511,809418852.0733618,BTCUSDT,2026-02-12,2026-02-12 23:59:59.999
1770940800000,66272.17,69482.97,65872.46,68853.96,20244.54955,1771027199999,1371286022.3300548,6450842,10425.24887,706766540.6168541,BTCUSDT,2026-02-13,2026-02-13 23:59:59.999
1771027200000,68853.97,70560.01,68730.13,69822.95,18114.78393,1771113599999,1260259314.3600264,3803163,7857.93423,546756073.2649412,BTCUSDT,2026-02-14,2026-02-14 23:59:59.999
1771113600000,69822.94,70983.0,68000.0,68832.58,22290.05208,1771199999999,1545094572.1368146,4598633,8861.59262,615733099.1208996,BTCUSDT,2026-02-15,2026-02-15 23:59:59.999
1771200000000,68832.59,70126.67,67294.11,68892.43,15515.76534,1771286399999,1062797918.2535971,5233849,8153.4314,558909191.7674918,BTCUSDT,2026-02-16,2026-02-16 23:59:59.999
1771286400000,68892.43,69241.5,66621.06,67503.52,16489.06921,1771372799999,1117987651.294812,5994853,7538.45107,511426190.8932403,BTCUSDT,2026-02-17,2026-02-17 23:59:59.999
1771372800000,67503.52,68476.22,65870.0,66461.0,15492.43839,1771459199999,1040493524.6521236,4548997,7895.05707,530458178.1385649,BTCUSDT,2026-02-18,2026-02-18 23:59:59.999
1771459200000,66461.0,67320.0,65631.83,67003.73,14542.26988,1771545599999,968863572.7821527,4679351,7106.70741,473456223.0721071,BTCUSDT,2026-02-19,2026-02-19 23:59:59.999
1771545600000,67003.73,68318.39,66280.2,68020.01,35351.87091,1771631999999,2378079150.5678473,5044912,15001.46034,1010970043.1452413,BTCUSDT,2026-02-20,2026-02-20 23:59:59.999
1771632000000,68020.0,68698.7,67534.69,67975.93,8032.84131,1771718399999,547592078.8471988,1593539,4003.46206,272919692.67728,BTCUSDT,2026-02-21,2026-02-21 23:59:59.999
1771718400000,67975.93,68245.0,67190.0,67643.4,8175.13484,1771804799999,553613335.5774136,2160900,3974.29287,269081093.6109383,BTCUSDT,2026-02-22,2026-02-22 23:59:59.999
1771804800000,67643.39,67684.86,63888.79,64656.02,33075.90923,1771891199999,2158158656.1215167,8268695,16388.63858,1069328860.0589625,BTCUSDT,2026-02-23,2026-02-23 23:59:59.999
1771891200000,64656.01,65026.75,62510.28,64058.15,23102.83622,1771977599999,1469512159.7199352,7553629,11150.61026,709235431.9176984,BTCUSDT,2026-02-24,2026-02-24 23:59:59.999
1771977600000,64058.15,69988.83,63913.27,67988.04,30749.99259,1772063999999,2064089702.844435,7096715,16382.91985,1098904977.008272,BTCUSDT,2026-02-25,2026-02-25 23:59:59.999
1772064000000,67988.04,68860.0,66500.0,67485.18,20737.77792,1772150399999,1404774665.564561,5426137,10172.50047,689304052.453067,BTCUSDT,2026-02-26,2026-02-26 23:59:59.999
1772150400000,67485.19,68216.8,64914.46,65872.1,21228.58424,1772236799999,1412033823.5619729,3856064,10107.20917,671986242.524662,BTCUSDT,2026-02-27,2026-02-27 23:59:59.999
1772236800000,65872.09,67760.0,63030.0,66973.26,22548.71649,1772323199999,1462864408.2615664,5268514,11531.10802,748190390.4323822,BTCUSDT,2026-02-28,2026-02-28 23:59:59.999
1772323200000,66973.26,68199.99,65056.0,65776.47,23201.85859,1772409599999,1545783742.9062002,5312013,11209.77201,747161922.8484616,BTCUSDT,2026-03-01,2026-03-01 23:59:59.999
1772409600000,65776.48,70096.0,65259.21,68830.06,32010.38431,1772495999999,2164578841.845917,8397526,15335.91369,1037871544.5481505,BTCUSDT,2026-03-02,2026-03-02 23:59:59.999
1772496000000,68830.06,69258.08,66158.0,68338.0,24972.2418,1772582399999,1691848669.9430182,7648119,12331.622,835461016.0946944,BTCUSDT,2026-03-03,2026-03-03 23:59:59.999
1772582400000,68338.01,74050.0,67400.0,72666.77,44919.0761,1772668799999,3202864447.6324606,8618302,23641.35243,1685099057.930178,BTCUSDT,2026-03-04,2026-03-04 23:59:59.999
1772668800000,72666.77,73558.15,70645.47,70890.72,26590.51253,1772755199999,1917514690.387834,6709160,12299.51467,886773462.4727771,BTCUSDT,2026-03-05,2026-03-05 23:59:59.999
1772755200000,70891.02,71419.98,67744.78,68114.02,22629.88722,1772841599999,1574601198.874888,5302899,10464.09351,728091757.7822127,BTCUSDT,2026-03-06,2026-03-06 23:59:59.999
1772841600000,68114.02,68551.04,66915.26,67262.91,12719.54315,1772927999999,861729861.8530488,2067476,5910.76849,400477518.3566913,BTCUSDT,2026-03-07,2026-03-07 23:59:59.999
1772928000000,67262.91,68200.0,65618.49,65971.2,21593.63901,1773014399999,1447522160.3154545,3028392,11268.64926,755732359.1696719,BTCUSDT,2026-03-08,2026-03-08 23:59:59.999
1773014400000,65971.2,69516.65,65821.97,68432.16,28896.7213,1773100799999,1967622051.44968,5093667,14101.45378,960195772.9159064,BTCUSDT,2026-03-09,2026-03-09 23:59:59.999
1773100800000,68432.16,71777.0,68391.41,69948.63,32602.57726,1773187199999,2292525621.4405203,5176064,16453.82839,1157238967.1004455,BTCUSDT,2026-03-10,2026-03-10 23:59:59.999
1773187200000,69948.64,71321.0,68977.91,70191.86,27249.27542,1773273599999,1911300596.2341678,4759855,14015.31615,982971805.5997225,BTCUSDT,2026-03-11,2026-03-11 23:59:59.999
1773273600000,70191.86,70800.0,69205.91,70541.34,21997.1605,1773359999999,1540745224.510106,4344059,10545.03396,738758111.8989177,BTCUSDT,2026-03-12,2026-03-12 23:59:59.999
1773360000000,70541.34,73913.74,70386.01,70930.0,35996.61678,1773446399999,2591768526.296147,5312490,18310.3426,1319530652.9586313,BTCUSDT,2026-03-13,2026-03-13 23:59:59.999
1773446400000,70930.01,71307.92,70317.0,71211.95,13017.24737,1773532799999,921308630.9462769,1661739,6242.10104,441895405.3585625,BTCUSDT,2026-03-14,2026-03-14 23:59:59.999
1773532800000,71211.95,73199.0,70858.82,72815.24,14037.30704,1773619199999,1007334955.2436514,2509013,7307.01776,524440519.7627765,BTCUSDT,2026-03-15,2026-03-15 23:59:59.999
1773619200000,72815.25,74909.08,72270.41,74884.67,28409.53019,1773705599999,2095859511.5648637,5396482,15204.22255,1122045159.1994789,BTCUSDT,2026-03-16,2026-03-16 23:59:59.999
1773705600000,74884.67,76000.0,73399.19,73909.36,24521.26636,1773791999999,1825976731.3326733,4863187,11791.2523,878396858.780886,BTCUSDT,2026-03-17,2026-03-17 23:59:59.999
1773792000000,73909.37,74672.34,70500.0,71246.54,23392.88093,1773878399999,1692949838.9777424,4733897,11709.17057,847905482.6972562,BTCUSDT,2026-03-18,2026-03-18 23:59:59.999
1773878400000,71246.55,71613.79,68793.35,69930.0,22364.81819,1773964799999,1566573949.8604124,4972526,10489.13676,734634623.2873883,BTCUSDT,2026-03-19,2026-03-19 23:59:59.999
1773964800000,69930.01,71367.0,69388.0,70510.73,18121.16745,1774051199999,1273812840.6886704,4369971,8801.41211,618781938.2268149,BTCUSDT,2026-03-20,2026-03-20 23:59:59.999
1774051200000,70510.73,71100.94,68571.42,68918.12,13397.1675,1774137599999,942693882.026424,1640086,6379.69313,449156360.9341547,BTCUSDT,2026-03-21,2026-03-21 23:59:59.999
1774137600000,68918.12,69588.79,67360.66,67859.0,14843.78682,1774223999999,1018926475.3196974,3269152,7292.32333,500700088.2518349,BTCUSDT,2026-03-22,2026-03-22 23:59:59.999
1774224000000,67859.0,71817.09,67445.18,70906.45,28335.09119,1774310399999,1980755169.231694,6509730,14640.9723,1022970775.4557817,BTCUSDT,2026-03-23,2026-03-23 23:59:59.999
1774310400000,70906.45,71099.96,70119.06,70507.39,4098.65093,1774396799999,288952181.4096804,868543,1770.16444,124848570.667265,BTCUSDT,2026-03-24,2026-03-24 23:59:59.999
