URL,Width,Height,Type,Aspect Ratio
"https://fapello.com/assets/images/logo.png",468,94,img element,4.98
"https://fapello.com/assets/images/logo-light.png",325,86,img element,3.78
"https://fapello.com/assets/images/porndude.png",32,32,img element,1.00
"https://fapello.com/content/l/y/lysa-joanna-chan/1000/lysa-joanna-chan_0004.jpg",300,300,img element,1.00
"https://fapello.com/content/l/a/lari-cogumelos/1000/lari-cogumelos_0040.jpg",300,300,img element,1.00
"https://fapello.com/content/c/u/cutiewet/1000/cutiewet_0081.jpg",300,300,img element,1.00
"https://fapello.com/content/a/m/amber-deluca/1000/amber-deluca_0005.jpg",300,300,img element,1.00
"https://fapello.com/content/i/n/indiadyme/1000/indiadyme_0002.jpg",300,300,img element,1.00
"https://fapello.com/assets/images/logo-mobile.png",320,85,img element,3.76
"https://fapello.com/assets/images/logo-mobile-light.png",325,86,img element,3.78
"https://fapello.com/content/c/h/christina-model/1000/christina-model_0011.jpg",300,300,img element,1.00
"https://fapello.com/content/c/h/christina-model/3000/christina-model_2105_300px.jpg",300,743,img element,0.40
"https://fapello.com/content/c/h/christina-model/3000/christina-model_2104_300px.jpg",300,450,img element,0.67
"https://fapello.com/content/c/h/christina-model/3000/christina-model_2103_300px.jpg",300,375,img element,0.80
"https://fapello.com/content/c/h/christina-model/3000/christina-model_2102_300px.jpg",300,375,img element,0.80
"https://fapello.com/content/c/h/christina-model/3000/christina-model_2101_300px.jpg",300,523,img element,0.57
"https://fapello.com/content/c/h/christina-model/3000/christina-model_2100_300px.jpg",300,529,img element,0.57
"https://fapello.com/content/c/h/christina-model/3000/christina-model_2099_300px.jpg",451,300,img element,1.50
"https://fapello.com/content/c/h/christina-model/3000/christina-model_2098_300px.jpg",300,457,img element,0.66
"https://fapello.com/content/c/h/christina-model/3000/christina-model_2097_300px.jpg",533,300,img element,1.78
"https://fapello.com/content/c/h/christina-model/3000/christina-model_2096_300px.jpg",300,461,img element,0.65
"https://fapello.com/content/c/h/christina-model/3000/christina-model_2095_300px.jpg",451,300,img element,1.50
"https://fapello.com/content/c/h/christina-model/3000/christina-model_2094_300px.jpg",300,458,img element,0.66
"https://fapello.com/content/c/h/christina-model/3000/christina-model_2093_300px.jpg",452,300,img element,1.51
"https://fapello.com/content/c/h/christina-model/3000/christina-model_2092_300px.jpg",533,300,img element,1.78
"https://fapello.com/content/c/h/christina-model/3000/christina-model_2091_300px.jpg",300,447,img element,0.67
"https://fapello.com/content/c/h/christina-model/3000/christina-model_2090_300px.jpg",300,458,img element,0.66
"https://fapello.com/content/c/h/christina-model/3000/christina-model_2089_300px.jpg",300,452,img element,0.66
"https://fapello.com/content/c/h/christina-model/3000/christina-model_2088_300px.jpg",300,452,img element,0.66
"https://fapello.com/content/c/h/christina-model/3000/christina-model_2087_300px.jpg",300,383,img element,0.78
"https://fapello.com/content/c/h/christina-model/3000/christina-model_2086_300px.jpg",442,300,img element,1.47
"https://fapello.com/content/c/h/christina-model/3000/christina-model_2085_300px.jpg",300,447,img element,0.67
"https://fapello.com/content/c/h/christina-model/3000/christina-model_2084_300px.jpg",460,300,img element,1.53
"https://fapello.com/content/c/h/christina-model/3000/christina-model_2083_300px.jpg",533,300,img element,1.78
"https://fapello.com/content/c/h/christina-model/3000/christina-model_2082_300px.jpg",300,533,img element,0.56
"https://fapello.com/content/c/h/christina-model/3000/christina-model_2081_300px.jpg",300,370,img element,0.81
"https://fapello.com/content/c/h/christina-model/3000/christina-model_2080_300px.jpg",533,300,img element,1.78
"https://fapello.com/content/c/h/christina-model/3000/christina-model_2079_300px.jpg",300,420,img element,0.71
"https://fapello.com/content/c/h/christina-model/3000/christina-model_2078_300px.jpg",541,300,img element,1.80
"https://fapello.com/content/c/h/christina-model/3000/christina-model_2077_300px.jpg",555,300,img element,1.85
"https://fapello.com/content/c/h/christina-model/3000/christina-model_2076_300px.jpg",300,422,img element,0.71
"https://fapello.com/content/c/h/christina-model/3000/christina-model_2075_300px.jpg",300,349,img element,0.86
"https://fapello.com/content/c/h/christina-model/3000/christina-model_2074_300px.jpg",300,480,img element,0.63
"https://fapello.com/content/c/h/christina-model/3000/christina-model_2073_300px.jpg",300,450,img element,0.67
"https://fapello.com/content/c/h/christina-model/3000/christina-model_2072_300px.jpg",533,300,img element,1.78
"https://fapello.com/content/c/h/christina-model/3000/christina-model_2071_300px.jpg",300,552,img element,0.54
"https://fapello.com/content/c/h/christina-model/3000/christina-model_2070_300px.jpg",535,300,img element,1.78
"https://fapello.com/content/c/h/christina-model/3000/christina-model_2069_300px.jpg",300,549,img element,0.55
"https://fapello.com/content/c/h/christina-model/3000/christina-model_2068_300px.jpg",300,558,img element,0.54
"https://fapello.com/content/c/h/christina-model/3000/christina-model_2067_300px.jpg",300,386,img element,0.78
"https://fapello.com/content/c/h/christina-model/3000/christina-model_2066_300px.jpg",300,525,img element,0.57
"https://fapello.com/content/c/h/christina-model/3000/christina-model_2065_300px.jpg",300,523,img element,0.57
"https://fapello.com/content/c/h/christina-model/3000/christina-model_2064_300px.jpg",300,523,img element,0.57
"https://fapello.com/content/c/h/christina-model/3000/christina-model_2063_300px.jpg",300,525,img element,0.57
"https://fapello.com/content/c/h/christina-model/3000/christina-model_2062_300px.jpg",300,527,img element,0.57
"https://fapello.com/content/c/h/christina-model/3000/christina-model_2061_300px.jpg",300,525,img element,0.57
"https://fapello.com/content/c/h/christina-model/3000/christina-model_2060_300px.jpg",300,523,img element,0.57
"https://fapello.com/content/c/h/christina-model/3000/christina-model_2059_300px.jpg",300,525,img element,0.57
"https://fapello.com/content/c/h/christina-model/3000/christina-model_2058_300px.jpg",300,521,img element,0.58
"https://fapello.com/content/c/h/christina-model/3000/christina-model_2057_300px.jpg",404,300,img element,1.35
"https://fapello.com/content/c/h/christina-model/3000/christina-model_2056_300px.jpg",300,435,img element,0.69
"https://fapello.com/content/c/h/christina-model/3000/christina-model_2055_300px.jpg",300,440,img element,0.68
"https://fapello.com/content/c/h/christina-model/3000/christina-model_2054_300px.jpg",300,431,img element,0.70
"https://fapello.com/content/c/h/christina-model/3000/christina-model_2053_300px.jpg",300,440,img element,0.68
"https://fapello.com/content/c/h/christina-model/3000/christina-model_2052_300px.jpg",426,300,img element,1.42
"https://fapello.com/content/c/h/christina-model/3000/christina-model_2051_300px.jpg",404,300,img element,1.35
"https://fapello.com/content/c/h/christina-model/3000/christina-model_2050_300px.jpg",401,300,img element,1.34
"https://fapello.com/content/c/h/christina-model/3000/christina-model_2049_300px.jpg",408,300,img element,1.36
"https://fapello.com/content/c/h/christina-model/3000/christina-model_2048_300px.jpg",394,300,img element,1.31
"https://fapello.com/content/c/h/christina-model/3000/christina-model_2047_300px.jpg",300,300,img element,1.00
"https://fapello.com/content/c/h/christina-model/3000/christina-model_2046_300px.jpg",300,300,img element,1.00
"https://fapello.com/content/c/h/christina-model/3000/christina-model_2045_300px.jpg",300,300,img element,1.00
"https://fapello.com/content/c/h/christina-model/3000/christina-model_2044_300px.jpg",402,300,img element,1.34
"https://fapello.com/content/c/h/christina-model/3000/christina-model_2043_300px.jpg",401,300,img element,1.34
"https://fapello.com/content/c/h/christina-model/3000/christina-model_2042_300px.jpg",300,448,img element,0.67
"https://fapello.com/content/c/h/christina-model/3000/christina-model_2041_300px.jpg",300,448,img element,0.67
"https://fapello.com/content/c/h/christina-model/3000/christina-model_2040_300px.jpg",300,448,img element,0.67
"https://fapello.com/content/c/h/christina-model/3000/christina-model_2039_300px.jpg",300,448,img element,0.67
"https://fapello.com/content/c/h/christina-model/3000/christina-model_2038_300px.jpg",448,300,img element,1.49
"https://fapello.com/content/c/h/christina-model/3000/christina-model_2037_300px.jpg",300,448,img element,0.67
"https://fapello.com/content/c/h/christina-model/3000/christina-model_2036_300px.jpg",300,448,img element,0.67
"https://fapello.com/content/c/h/christina-model/3000/christina-model_2035_300px.jpg",300,448,img element,0.67
"https://fapello.com/content/c/h/christina-model/3000/christina-model_2034_300px.jpg",300,448,img element,0.67
"https://fapello.com/content/c/h/christina-model/3000/christina-model_2033_300px.jpg",300,448,img element,0.67
"https://fapello.com/content/c/h/christina-model/3000/christina-model_2032_300px.jpg",300,448,img element,0.67
"https://fapello.com/content/c/h/christina-model/3000/christina-model_2031_300px.jpg",300,448,img element,0.67
"https://fapello.com/content/c/h/christina-model/3000/christina-model_2030_300px.jpg",300,448,img element,0.67
"https://fapello.com/content/c/h/christina-model/3000/christina-model_2029_300px.jpg",300,448,img element,0.67
"https://fapello.com/content/c/h/christina-model/3000/christina-model_2028_300px.jpg",448,300,img element,1.49
"https://fapello.com/content/c/h/christina-model/3000/christina-model_2027_300px.jpg",300,448,img element,0.67
"https://fapello.com/content/c/h/christina-model/3000/christina-model_2026_300px.jpg",300,448,img element,0.67
"https://fapello.com/content/c/h/christina-model/3000/christina-model_2025_300px.jpg",448,300,img element,1.49
"https://fapello.com/content/c/h/christina-model/3000/christina-model_2024_300px.jpg",300,448,img element,0.67
"https://fapello.com/content/c/h/christina-model/3000/christina-model_2023_300px.jpg",300,448,img element,0.67
"https://fapello.com/content/c/h/christina-model/3000/christina-model_2022_300px.jpg",300,448,img element,0.67
"https://fapello.com/content/c/h/christina-model/3000/christina-model_2021_300px.jpg",300,448,img element,0.67
"https://fapello.com/content/c/h/christina-model/3000/christina-model_2020_300px.jpg",448,300,img element,1.49
"https://fapello.com/content/c/h/christina-model/3000/christina-model_2019_300px.jpg",300,448,img element,0.67
"https://fapello.com/content/c/h/christina-model/3000/christina-model_2018_300px.jpg",300,448,img element,0.67
"https://fapello.com/content/c/h/christina-model/3000/christina-model_2017_300px.jpg",300,448,img element,0.67
"https://fapello.com/content/c/h/christina-model/3000/christina-model_2016_300px.jpg",300,448,img element,0.67
"https://fapello.com/content/c/h/christina-model/3000/christina-model_2015_300px.jpg",448,300,img element,1.49
"https://fapello.com/content/c/h/christina-model/3000/christina-model_2014_300px.jpg",300,448,img element,0.67
"https://fapello.com/content/c/h/christina-model/3000/christina-model_2013_300px.jpg",300,448,img element,0.67
"https://fapello.com/content/c/h/christina-model/3000/christina-model_2012_300px.jpg",300,448,img element,0.67
"https://fapello.com/content/c/h/christina-model/3000/christina-model_2011_300px.jpg",300,448,img element,0.67
"https://fapello.com/content/c/h/christina-model/3000/christina-model_2010_300px.jpg",300,448,img element,0.67
"https://fapello.com/content/c/h/christina-model/3000/christina-model_2009_300px.jpg",300,448,img element,0.67
"https://fapello.com/content/c/h/christina-model/3000/christina-model_2008_300px.jpg",448,300,img element,1.49
"https://fapello.com/content/c/h/christina-model/3000/christina-model_2007_300px.jpg",300,448,img element,0.67
"https://fapello.com/content/c/h/christina-model/3000/christina-model_2006_300px.jpg",300,448,img element,0.67
"https://fapello.com/content/c/h/christina-model/3000/christina-model_2005_300px.jpg",300,448,img element,0.67
"https://fapello.com/content/c/h/christina-model/3000/christina-model_2004_300px.jpg",300,448,img element,0.67
"https://fapello.com/content/c/h/christina-model/3000/christina-model_2003_300px.jpg",300,448,img element,0.67
"https://fapello.com/content/c/h/christina-model/3000/christina-model_2002_300px.jpg",300,448,img element,0.67
"https://fapello.com/content/c/h/christina-model/3000/christina-model_2001_300px.jpg",300,448,img element,0.67
"https://fapello.com/content/c/h/christina-model/3000/christina-model_2000_300px.jpg",300,448,img element,0.67
"https://fapello.com/content/c/h/christina-model/2000/christina-model_1999_300px.jpg",300,448,img element,0.67
"https://fapello.com/content/c/h/christina-model/2000/christina-model_1998_300px.jpg",300,448,img element,0.67
"https://fapello.com/content/c/h/christina-model/2000/christina-model_1997_300px.jpg",300,448,img element,0.67
"https://fapello.com/content/c/h/christina-model/2000/christina-model_1996_300px.jpg",300,448,img element,0.67
"https://fapello.com/content/c/h/christina-model/2000/christina-model_1995_300px.jpg",300,448,img element,0.67
"https://fapello.com/content/c/h/christina-model/2000/christina-model_1994_300px.jpg",300,448,img element,0.67
"https://fapello.com/content/c/h/christina-model/2000/christina-model_1993_300px.jpg",300,448,img element,0.67
"https://fapello.com/content/c/h/christina-model/2000/christina-model_1992_300px.jpg",300,448,img element,0.67
"https://fapello.com/content/c/h/christina-model/2000/christina-model_1991_300px.jpg",300,448,img element,0.67
"https://fapello.com/content/c/h/christina-model/2000/christina-model_1990_300px.jpg",300,448,img element,0.67
"https://fapello.com/content/c/h/christina-model/2000/christina-model_1989_300px.jpg",300,448,img element,0.67
"https://fapello.com/content/c/h/christina-model/2000/christina-model_1988_300px.jpg",300,448,img element,0.67
"https://fapello.com/content/c/h/christina-model/2000/christina-model_1987_300px.jpg",608,300,img element,2.03
"https://fapello.com/content/c/h/christina-model/2000/christina-model_1986_300px.jpg",608,300,img element,2.03
"https://fapello.com/content/c/h/christina-model/2000/christina-model_1985_300px.jpg",608,300,img element,2.03
"https://fapello.com/content/c/h/christina-model/2000/christina-model_1984_300px.jpg",608,300,img element,2.03
"https://fapello.com/content/c/h/christina-model/2000/christina-model_1983_300px.jpg",300,436,img element,0.69
"https://fapello.com/content/c/h/christina-model/2000/christina-model_1982_300px.jpg",300,300,img element,1.00
"https://fapello.com/content/c/h/christina-model/2000/christina-model_1981_300px.jpg",300,300,img element,1.00
"https://fapello.com/content/c/h/christina-model/2000/christina-model_1980_300px.jpg",300,300,img element,1.00
"https://fapello.com/content/c/h/christina-model/2000/christina-model_1979_300px.jpg",300,478,img element,0.63
"https://fapello.com/content/c/h/christina-model/2000/christina-model_1978_300px.jpg",300,388,img element,0.77
"https://fapello.com/content/c/h/christina-model/2000/christina-model_1977_300px.jpg",300,388,img element,0.77
"https://fapello.com/content/c/h/christina-model/2000/christina-model_1976_300px.jpg",300,386,img element,0.78
"https://fapello.com/content/c/h/christina-model/2000/christina-model_1975_300px.jpg",593,300,img element,1.98
"https://fapello.com/content/c/h/christina-model/2000/christina-model_1974_300px.jpg",400,300,img element,1.33
"https://fapello.com/content/c/h/christina-model/2000/christina-model_1973_300px.jpg",400,300,img element,1.33
"https://fapello.com/content/c/h/christina-model/2000/christina-model_1972_300px.jpg",400,300,img element,1.33
"https://fapello.com/content/c/h/christina-model/2000/christina-model_1971_300px.jpg",400,300,img element,1.33
"https://fapello.com/content/c/h/christina-model/2000/christina-model_1970_300px.jpg",400,300,img element,1.33
"https://fapello.com/content/c/h/christina-model/2000/christina-model_1969_300px.jpg",400,300,img element,1.33
"https://fapello.com/content/c/h/christina-model/2000/christina-model_1968_300px.jpg",400,300,img element,1.33
"https://fapello.com/content/c/h/christina-model/2000/christina-model_1967_300px.jpg",400,300,img element,1.33
"https://fapello.com/content/c/h/christina-model/2000/christina-model_1966_300px.jpg",400,300,img element,1.33
"https://fapello.com/content/c/h/christina-model/2000/christina-model_1965_300px.jpg",400,300,img element,1.33
"https://fapello.com/content/c/h/christina-model/2000/christina-model_1964_300px.jpg",400,300,img element,1.33
"https://fapello.com/content/c/h/christina-model/2000/christina-model_1963_300px.jpg",400,300,img element,1.33
"https://fapello.com/content/c/h/christina-model/2000/christina-model_1962_300px.jpg",400,300,img element,1.33
"https://fapello.com/content/c/h/christina-model/2000/christina-model_1961_300px.jpg",400,300,img element,1.33
"https://fapello.com/content/c/h/christina-model/2000/christina-model_1960_300px.jpg",300,300,img element,1.00
"https://fapello.com/content/c/h/christina-model/2000/christina-model_1959_300px.jpg",300,300,img element,1.00
"https://fapello.com/content/c/h/christina-model/2000/christina-model_1958_300px.jpg",300,300,img element,1.00
"https://fapello.com/content/c/h/christina-model/2000/christina-model_1957_300px.jpg",398,300,img element,1.33
"https://fapello.com/content/c/h/christina-model/2000/christina-model_1956_300px.jpg",300,457,img element,0.66
"https://fapello.com/content/c/h/christina-model/2000/christina-model_1955_300px.jpg",457,300,img element,1.52
"https://fapello.com/content/c/h/christina-model/2000/christina-model_1954_300px.jpg",300,370,img element,0.81
"https://fapello.com/content/c/h/christina-model/2000/christina-model_1953_300px.jpg",300,457,img element,0.66
"https://fapello.com/content/c/h/christina-model/2000/christina-model_1952_300px.jpg",300,457,img element,0.66
"https://fapello.com/content/c/h/christina-model/2000/christina-model_1951_300px.jpg",300,457,img element,0.66
"https://fapello.com/content/c/h/christina-model/2000/christina-model_1950_300px.jpg",533,300,img element,1.78
"https://fapello.com/content/c/h/christina-model/2000/christina-model_1949_300px.jpg",300,452,img element,0.66
"https://fapello.com/content/c/h/christina-model/2000/christina-model_1948_300px.jpg",300,457,img element,0.66
"https://fapello.com/content/c/h/christina-model/2000/christina-model_1947_300px.jpg",300,397,img element,0.76
"https://fapello.com/content/c/h/christina-model/2000/christina-model_1946_300px.jpg",300,400,img element,0.75
"https://fapello.com/content/c/h/christina-model/2000/christina-model_1945_300px.jpg",300,375,img element,0.80
"https://fapello.com/content/c/h/christina-model/2000/christina-model_1944_300px.jpg",300,429,img element,0.70
"https://fapello.com/content/c/h/christina-model/2000/christina-model_1943_300px.jpg",533,300,img element,1.78
"https://fapello.com/content/c/h/christina-model/2000/christina-model_1942_300px.jpg",506,300,img element,1.69
"https://fapello.com/content/c/h/christina-model/2000/christina-model_1941_300px.jpg",533,300,img element,1.78
"https://fapello.com/content/c/h/christina-model/2000/christina-model_1940_300px.jpg",300,457,img element,0.66
"https://fapello.com/content/c/h/christina-model/2000/christina-model_1939_300px.jpg",300,442,img element,0.68
"https://fapello.com/content/c/h/christina-model/2000/christina-model_1938_300px.jpg",300,457,img element,0.66
"https://fapello.com/content/c/h/christina-model/2000/christina-model_1937_300px.jpg",300,457,img element,0.66
"https://fapello.com/content/c/h/christina-model/2000/christina-model_1936_300px.jpg",533,300,img element,1.78
"https://fapello.com/content/c/h/christina-model/2000/christina-model_1935_300px.jpg",300,300,img element,1.00
"https://fapello.com/content/c/h/christina-model/2000/christina-model_1934_300px.jpg",447,300,img element,1.49
"https://fapello.com/content/c/h/christina-model/2000/christina-model_1933_300px.jpg",300,449,img element,0.67
"https://fapello.com/content/c/h/christina-model/2000/christina-model_1932_300px.jpg",300,452,img element,0.66
"https://fapello.com/content/c/h/christina-model/2000/christina-model_1931_300px.jpg",300,457,img element,0.66
"https://fapello.com/content/c/h/christina-model/2000/christina-model_1930_300px.jpg",383,300,img element,1.28
"https://fapello.com/content/c/h/christina-model/2000/christina-model_1929_300px.jpg",513,300,img element,1.71
"https://fapello.com/content/c/h/christina-model/2000/christina-model_1928_300px.jpg",533,300,img element,1.78
"https://fapello.com/content/c/h/christina-model/2000/christina-model_1927_300px.jpg",300,567,img element,0.53
"https://fapello.com/content/c/h/christina-model/2000/christina-model_1926_300px.jpg",300,442,img element,0.68
"https://fapello.com/content/c/h/christina-model/2000/christina-model_1925_300px.jpg",300,412,img element,0.73
"https://fapello.com/content/c/h/christina-model/2000/christina-model_1924_300px.jpg",300,563,img element,0.53
"https://fapello.com/content/c/h/christina-model/2000/christina-model_1923_300px.jpg",346,300,img element,1.15
"https://fapello.com/content/c/h/christina-model/2000/christina-model_1922_300px.jpg",341,300,img element,1.14
"https://fapello.com/content/c/h/christina-model/2000/christina-model_1921_300px.jpg",347,300,img element,1.16
"https://fapello.com/content/c/h/christina-model/2000/christina-model_1920_300px.jpg",300,522,img element,0.57
"https://fapello.com/content/c/h/christina-model/2000/christina-model_1919_300px.jpg",533,300,img element,1.78
"https://fapello.com/content/c/h/christina-model/2000/christina-model_1918_300px.jpg",300,549,img element,0.55
"https://fapello.com/content/c/h/christina-model/2000/christina-model_1917_300px.jpg",300,449,img element,0.67
"https://fapello.com/content/c/h/christina-model/2000/christina-model_1916_300px.jpg",300,342,img element,0.88
"https://fapello.com/content/c/h/christina-model/2000/christina-model_1915_300px.jpg",300,400,img element,0.75
"https://fapello.com/content/c/h/christina-model/2000/christina-model_1914_300px.jpg",300,521,img element,0.58
"https://fapello.com/content/c/h/christina-model/2000/christina-model_1913_300px.jpg",300,526,img element,0.57
"https://fapello.com/content/c/h/christina-model/2000/christina-model_1912_300px.jpg",300,529,img element,0.57
"https://fapello.com/content/c/h/christina-model/2000/christina-model_1911_300px.jpg",300,562,img element,0.53
"https://fapello.com/content/c/h/christina-model/2000/christina-model_1910_300px.jpg",300,540,img element,0.56
"https://fapello.com/content/c/h/christina-model/2000/christina-model_1909_300px.jpg",300,546,img element,0.55
"https://fapello.com/content/c/h/christina-model/2000/christina-model_1908_300px.jpg",300,531,img element,0.56
"https://fapello.com/content/c/h/christina-model/2000/christina-model_1907_300px.jpg",300,684,img element,0.44
"https://fapello.com/content/c/h/christina-model/2000/christina-model_1906_300px.jpg",300,526,img element,0.57
"https://fapello.com/content/c/h/christina-model/2000/christina-model_1905_300px.jpg",555,300,img element,1.85
"https://fapello.com/content/c/h/christina-model/2000/christina-model_1904_300px.jpg",370,300,img element,1.23
"https://fapello.com/content/c/h/christina-model/2000/christina-model_1903_300px.jpg",466,300,img element,1.55
"https://fapello.com/content/c/h/christina-model/2000/christina-model_1902_300px.jpg",496,300,img element,1.65
"https://fapello.com/content/c/h/christina-model/2000/christina-model_1901_300px.jpg",558,300,img element,1.86
"https://fapello.com/content/c/h/christina-model/2000/christina-model_1900_300px.jpg",548,300,img element,1.83
"https://fapello.com/content/c/h/christina-model/2000/christina-model_1899_300px.jpg",434,300,img element,1.45
"https://fapello.com/content/c/h/christina-model/2000/christina-model_1898_300px.jpg",300,494,img element,0.61
"https://fapello.com/content/c/h/christina-model/2000/christina-model_1897_300px.jpg",300,531,img element,0.56
"https://fapello.com/content/c/h/christina-model/2000/christina-model_1896_300px.jpg",300,400,img element,0.75
"https://fapello.com/content/c/h/christina-model/2000/christina-model_1895_300px.jpg",300,400,img element,0.75
"https://fapello.com/content/c/h/christina-model/2000/christina-model_1894_300px.jpg",300,451,img element,0.67
"https://fapello.com/content/c/h/christina-model/2000/christina-model_1893_300px.jpg",300,383,img element,0.78
"https://fapello.com/content/c/h/christina-model/2000/christina-model_1892_300px.jpg",300,384,img element,0.78
"https://fapello.com/content/c/h/christina-model/2000/christina-model_1891_300px.jpg",300,386,img element,0.78
"https://fapello.com/content/c/h/christina-model/2000/christina-model_1890_300px.jpg",300,377,img element,0.80
"https://fapello.com/content/c/h/christina-model/2000/christina-model_1889_300px.jpg",300,338,img element,0.89
"https://fapello.com/content/c/h/christina-model/2000/christina-model_1888_300px.jpg",300,384,img element,0.78
"https://fapello.com/content/c/h/christina-model/2000/christina-model_1887_300px.jpg",300,382,img element,0.79
"https://fapello.com/content/c/h/christina-model/2000/christina-model_1886_300px.jpg",538,300,img element,1.79
"https://fapello.com/content/c/h/christina-model/2000/christina-model_1885_300px.jpg",501,300,img element,1.67
"https://fapello.com/content/c/h/christina-model/2000/christina-model_1884_300px.jpg",499,300,img element,1.66
"https://fapello.com/content/c/h/christina-model/2000/christina-model_1883_300px.jpg",538,300,img element,1.79
"https://fapello.com/content/c/h/christina-model/2000/christina-model_1882_300px.jpg",300,391,img element,0.77
"https://fapello.com/content/c/h/christina-model/2000/christina-model_1881_300px.jpg",300,390,img element,0.77
"https://fapello.com/content/c/h/christina-model/2000/christina-model_1880_300px.jpg",300,378,img element,0.79
"https://fapello.com/content/c/h/christina-model/2000/christina-model_1879_300px.jpg",327,300,img element,1.09
"https://fapello.com/content/c/h/christina-model/2000/christina-model_1878_300px.jpg",321,300,img element,1.07
"https://fapello.com/content/c/h/christina-model/2000/christina-model_1877_300px.jpg",300,367,img element,0.82
"https://fapello.com/content/c/h/christina-model/2000/christina-model_1876_300px.jpg",300,396,img element,0.76
"https://fapello.com/content/c/h/christina-model/2000/christina-model_1875_300px.jpg",300,368,img element,0.82
"https://fapello.com/content/c/h/christina-model/2000/christina-model_1874_300px.jpg",300,403,img element,0.74
"https://fapello.com/content/c/h/christina-model/2000/christina-model_1873_300px.jpg",300,365,img element,0.82
"https://fapello.com/content/c/h/christina-model/2000/christina-model_1872_300px.jpg",300,386,img element,0.78
"https://fapello.com/content/c/h/christina-model/2000/christina-model_1871_300px.jpg",300,397,img element,0.76
"https://fapello.com/content/c/h/christina-model/2000/christina-model_1870_300px.jpg",300,349,img element,0.86
"https://fapello.com/content/c/h/christina-model/2000/christina-model_1869_300px.jpg",300,372,img element,0.81
"https://fapello.com/content/c/h/christina-model/2000/christina-model_1868_300px.jpg",300,377,img element,0.80
"https://fapello.com/content/c/h/christina-model/2000/christina-model_1867_300px.jpg",300,430,img element,0.70
"https://fapello.com/content/c/h/christina-model/2000/christina-model_1866_300px.jpg",300,396,img element,0.76
"https://fapello.com/content/c/h/christina-model/2000/christina-model_1865_300px.jpg",300,386,img element,0.78
"https://fapello.com/content/c/h/christina-model/2000/christina-model_1864_300px.jpg",300,437,img element,0.69
"https://fapello.com/content/c/h/christina-model/2000/christina-model_1863_300px.jpg",300,419,img element,0.72
"https://fapello.com/content/c/h/christina-model/2000/christina-model_1862_300px.jpg",300,456,img element,0.66
"https://fapello.com/content/c/h/christina-model/2000/christina-model_1861_300px.jpg",300,391,img element,0.77
"https://fapello.com/content/c/h/christina-model/2000/christina-model_1860_300px.jpg",300,386,img element,0.78
"https://fapello.com/content/c/h/christina-model/2000/christina-model_1859_300px.jpg",300,388,img element,0.77
"https://fapello.com/content/c/h/christina-model/2000/christina-model_1858_300px.jpg",300,382,img element,0.79
"https://fapello.com/content/c/h/christina-model/2000/christina-model_1857_300px.jpg",300,388,img element,0.77
"https://fapello.com/content/c/h/christina-model/2000/christina-model_1856_300px.jpg",300,389,img element,0.77
"https://fapello.com/content/c/h/christina-model/2000/christina-model_1855_300px.jpg",300,387,img element,0.78
"https://fapello.com/content/c/h/christina-model/2000/christina-model_1854_300px.jpg",300,386,img element,0.78
"https://fapello.com/content/c/h/christina-model/2000/christina-model_1853_300px.jpg",300,388,img element,0.77
"https://fapello.com/content/c/h/christina-model/2000/christina-model_1852_300px.jpg",521,300,img element,1.74
"https://fapello.com/content/c/h/christina-model/2000/christina-model_1851_300px.jpg",300,450,img element,0.67
"https://fapello.com/content/c/h/christina-model/2000/christina-model_1850_300px.jpg",300,395,img element,0.76
"https://fapello.com/content/c/h/christina-model/2000/christina-model_1849_300px.jpg",300,301,img element,1.00
"https://fapello.com/content/c/h/christina-model/2000/christina-model_1848_300px.jpg",300,599,img element,0.50
"https://fapello.com/content/c/h/christina-model/2000/christina-model_1847_300px.jpg",300,508,img element,0.59
"https://fapello.com/content/c/h/christina-model/2000/christina-model_1846_300px.jpg",300,561,img element,0.53
"https://fapello.com/content/c/h/christina-model/2000/christina-model_1845_300px.jpg",300,480,img element,0.63
"https://fapello.com/content/c/h/christina-model/2000/christina-model_1844_300px.jpg",300,481,img element,0.62
"https://fapello.com/content/c/h/christina-model/2000/christina-model_1843_300px.jpg",300,495,img element,0.61
"https://fapello.com/content/c/h/christina-model/2000/christina-model_1842_300px.jpg",300,460,img element,0.65
"https://fapello.com/content/c/h/christina-model/2000/christina-model_1841_300px.jpg",300,393,img element,0.76
"https://fapello.com/content/c/h/christina-model/2000/christina-model_1840_300px.jpg",300,395,img element,0.76
"https://fapello.com/content/c/h/christina-model/2000/christina-model_1839_300px.jpg",300,397,img element,0.76
"https://fapello.com/content/c/h/christina-model/2000/christina-model_1838_300px.jpg",300,487,img element,0.62
"https://fapello.com/content/c/h/christina-model/2000/christina-model_1837_300px.jpg",300,533,img element,0.56
"https://fapello.com/content/c/h/christina-model/2000/christina-model_1836_300px.jpg",300,443,img element,0.68
"https://fapello.com/content/c/h/christina-model/2000/christina-model_1835_300px.jpg",300,549,img element,0.55
"https://fapello.com/content/c/h/christina-model/2000/christina-model_1834_300px.jpg",300,324,img element,0.93
"https://fapello.com/content/c/h/christina-model/2000/christina-model_1833_300px.jpg",300,343,img element,0.87
"https://fapello.com/content/c/h/christina-model/2000/christina-model_1832_300px.jpg",300,428,img element,0.70
"https://fapello.com/content/c/h/christina-model/2000/christina-model_1831_300px.jpg",300,449,img element,0.67
"https://fapello.com/content/c/h/christina-model/2000/christina-model_1830_300px.jpg",300,450,img element,0.67
"https://fapello.com/content/c/h/christina-model/2000/christina-model_1829_300px.jpg",300,450,img element,0.67
"https://fapello.com/content/c/h/christina-model/2000/christina-model_1828_300px.jpg",300,450,img element,0.67
"https://fapello.com/content/c/h/christina-model/2000/christina-model_1827_300px.jpg",300,450,img element,0.67
"https://fapello.com/content/c/h/christina-model/2000/christina-model_1826_300px.jpg",300,450,img element,0.67
"https://fapello.com/content/c/h/christina-model/2000/christina-model_1825_300px.jpg",533,300,img element,1.78
"https://fapello.com/content/c/h/christina-model/2000/christina-model_1824_300px.jpg",533,300,img element,1.78
"https://fapello.com/content/c/h/christina-model/2000/christina-model_1823_300px.jpg",533,300,img element,1.78
"https://fapello.com/content/c/h/christina-model/2000/christina-model_1822_300px.jpg",533,300,img element,1.78
"https://fapello.com/content/c/h/christina-model/2000/christina-model_1821_300px.jpg",533,300,img element,1.78
"https://fapello.com/content/c/h/christina-model/2000/christina-model_1820_300px.jpg",325,300,img element,1.08
"https://fapello.com/content/c/h/christina-model/2000/christina-model_1819_300px.jpg",300,307,img element,0.98
"https://fapello.com/content/c/h/christina-model/2000/christina-model_1818_300px.jpg",300,449,img element,0.67
"https://fapello.com/content/c/h/christina-model/2000/christina-model_1817_300px.jpg",300,449,img element,0.67
"https://fapello.com/content/c/h/christina-model/2000/christina-model_1816_300px.jpg",300,449,img element,0.67
"https://fapello.com/content/c/h/christina-model/2000/christina-model_1815_300px.jpg",300,338,img element,0.89
"https://fapello.com/content/c/h/christina-model/2000/christina-model_1814_300px.jpg",300,370,img element,0.81
"https://fapello.com/content/c/h/christina-model/2000/christina-model_1813_300px.jpg",533,300,img element,1.78
"https://fapello.com/content/c/h/christina-model/2000/christina-model_1812_300px.jpg",424,300,img element,1.41
"https://fapello.com/content/c/h/christina-model/2000/christina-model_1811_300px.jpg",300,437,img element,0.69
"https://fapello.com/content/c/h/christina-model/2000/christina-model_1810_300px.jpg",300,484,img element,0.62
"https://fapello.com/content/c/h/christina-model/2000/christina-model_1809_300px.jpg",300,450,img element,0.67
"https://fapello.com/content/c/h/christina-model/2000/christina-model_1808_300px.jpg",300,449,img element,0.67
"https://fapello.com/content/c/h/christina-model/2000/christina-model_1807_300px.jpg",300,450,img element,0.67
"https://fapello.com/content/c/h/christina-model/2000/christina-model_1806_300px.jpg",300,449,img element,0.67
"https://fapello.com/content/c/h/christina-model/2000/christina-model_1805_300px.jpg",533,300,img element,1.78
"https://fapello.com/content/c/h/christina-model/2000/christina-model_1804_300px.jpg",533,300,img element,1.78
"https://fapello.com/assets/images/icon-play.svg",150,150,img element,1.00
"https://fapello.com/content/c/h/christina-model/2000/christina-model_1803_300px.jpg",533,300,img element,1.78
"https://fapello.com/content/c/h/christina-model/2000/christina-model_1802_300px.jpg",533,300,img element,1.78
"https://fapello.com/content/c/h/christina-model/2000/christina-model_1801_300px.jpg",533,300,img element,1.78
"https://fapello.com/content/c/h/christina-model/2000/christina-model_1800_300px.jpg",403,300,img element,1.34
"https://fapello.com/content/c/h/christina-model/2000/christina-model_1799_300px.jpg",400,300,img element,1.33
"https://fapello.com/content/c/h/christina-model/2000/christina-model_1798_300px.jpg",533,300,img element,1.78
"https://fapello.com/content/c/h/christina-model/2000/christina-model_1797_300px.jpg",300,448,img element,0.67
"https://fapello.com/content/c/h/christina-model/2000/christina-model_1796_300px.jpg",300,448,img element,0.67
"https://fapello.com/content/c/h/christina-model/2000/christina-model_1795_300px.jpg",300,448,img element,0.67
"https://fapello.com/content/c/h/christina-model/2000/christina-model_1794_300px.jpg",300,448,img element,0.67
"https://fapello.com/content/c/h/christina-model/2000/christina-model_1793_300px.jpg",300,448,img element,0.67
"https://fapello.com/content/c/h/christina-model/2000/christina-model_1792_300px.jpg",300,448,img element,0.67
"https://fapello.com/content/c/h/christina-model/2000/christina-model_1791_300px.jpg",300,448,img element,0.67
"https://fapello.com/content/c/h/christina-model/2000/christina-model_1790_300px.jpg",300,448,img element,0.67
"https://fapello.com/content/c/h/christina-model/2000/christina-model_1789_300px.jpg",300,448,img element,0.67
"https://fapello.com/content/c/h/christina-model/2000/christina-model_1788_300px.jpg",300,448,img element,0.67
"https://fapello.com/content/c/h/christina-model/2000/christina-model_1787_300px.jpg",300,448,img element,0.67
"https://fapello.com/content/c/h/christina-model/2000/christina-model_1786_300px.jpg",300,448,img element,0.67
"https://fapello.com/content/c/h/christina-model/2000/christina-model_1785_300px.jpg",300,448,img element,0.67
"https://fapello.com/content/c/h/christina-model/2000/christina-model_1784_300px.jpg",300,448,img element,0.67
"https://fapello.com/content/c/h/christina-model/2000/christina-model_1783_300px.jpg",300,448,img element,0.67
"https://fapello.com/content/c/h/christina-model/2000/christina-model_1782_300px.jpg",300,448,img element,0.67
"https://fapello.com/content/c/h/christina-model/2000/christina-model_1781_300px.jpg",300,448,img element,0.67
"https://fapello.com/content/c/h/christina-model/2000/christina-model_1780_300px.jpg",300,448,img element,0.67
"https://fapello.com/content/c/h/christina-model/2000/christina-model_1779_300px.jpg",300,448,img element,0.67
"https://fapello.com/content/c/h/christina-model/2000/christina-model_1778_300px.jpg",300,448,img element,0.67
"https://fapello.com/content/c/h/christina-model/2000/christina-model_1777_300px.jpg",300,448,img element,0.67
"https://fapello.com/content/c/h/christina-model/2000/christina-model_1776_300px.jpg",300,448,img element,0.67
"https://fapello.com/content/c/h/christina-model/2000/christina-model_1775_300px.jpg",300,448,img element,0.67
"https://fapello.com/content/c/h/christina-model/2000/christina-model_1774_300px.jpg",300,448,img element,0.67
"https://fapello.com/content/c/h/christina-model/2000/christina-model_1773_300px.jpg",300,448,img element,0.67
"https://fapello.com/content/c/h/christina-model/2000/christina-model_1772_300px.jpg",300,457,img element,0.66
"https://fapello.com/content/c/h/christina-model/2000/christina-model_1771_300px.jpg",457,300,img element,1.52
"https://fapello.com/content/c/h/christina-model/2000/christina-model_1770_300px.jpg",300,457,img element,0.66
"https://fapello.com/content/c/h/christina-model/2000/christina-model_1769_300px.jpg",300,457,img element,0.66
"https://fapello.com/content/c/h/christina-model/2000/christina-model_1768_300px.jpg",457,300,img element,1.52
"https://fapello.com/content/c/h/christina-model/2000/christina-model_1767_300px.jpg",300,457,img element,0.66
"https://fapello.com/content/c/h/christina-model/2000/christina-model_1766_300px.jpg",300,457,img element,0.66
"https://fapello.com/content/c/h/christina-model/2000/christina-model_1765_300px.jpg",300,457,img element,0.66
"https://fapello.com/content/c/h/christina-model/2000/christina-model_1764_300px.jpg",300,457,img element,0.66
"https://fapello.com/content/c/h/christina-model/2000/christina-model_1763_300px.jpg",300,457,img element,0.66
"https://fapello.com/content/c/h/christina-model/2000/christina-model_1762_300px.jpg",457,300,img element,1.52
"https://fapello.com/content/c/h/christina-model/2000/christina-model_1761_300px.jpg",457,300,img element,1.52
"https://fapello.com/content/c/h/christina-model/2000/christina-model_1760_300px.jpg",457,300,img element,1.52
"https://fapello.com/content/c/h/christina-model/2000/christina-model_1759_300px.jpg",457,300,img element,1.52
"https://fapello.com/content/c/h/christina-model/2000/christina-model_1758_300px.jpg",457,300,img element,1.52
"https://fapello.com/content/c/h/christina-model/2000/christina-model_1757_300px.jpg",457,300,img element,1.52
"https://fapello.com/content/c/h/christina-model/2000/christina-model_1756_300px.jpg",457,300,img element,1.52
"https://fapello.com/content/c/h/christina-model/2000/christina-model_1755_300px.jpg",300,457,img element,0.66
"https://fapello.com/content/c/h/christina-model/2000/christina-model_1754_300px.jpg",300,457,img element,0.66
"https://fapello.com/content/c/h/christina-model/2000/christina-model_1753_300px.jpg",300,457,img element,0.66
"https://fapello.com/content/c/h/christina-model/2000/christina-model_1752_300px.jpg",300,457,img element,0.66
"https://fapello.com/content/c/h/christina-model/2000/christina-model_1751_300px.jpg",300,457,img element,0.66
"https://fapello.com/content/c/h/christina-model/2000/christina-model_1750_300px.jpg",457,300,img element,1.52
"https://fapello.com/content/c/h/christina-model/2000/christina-model_1749_300px.jpg",457,300,img element,1.52
"https://fapello.com/content/c/h/christina-model/2000/christina-model_1748_300px.jpg",300,457,img element,0.66
"https://fapello.com/content/c/h/christina-model/2000/christina-model_1747_300px.jpg",300,457,img element,0.66
"https://fapello.com/content/c/h/christina-model/2000/christina-model_1746_300px.jpg",300,457,img element,0.66
"https://fapello.com/content/c/h/christina-model/2000/christina-model_1745_300px.jpg",300,457,img element,0.66
"https://fapello.com/content/c/h/christina-model/2000/christina-model_1744_300px.jpg",300,457,img element,0.66
"https://fapello.com/content/c/h/christina-model/2000/christina-model_1743_300px.jpg",300,457,img element,0.66
"https://fapello.com/content/c/h/christina-model/2000/christina-model_1742_300px.jpg",300,457,img element,0.66
"https://fapello.com/content/c/h/christina-model/2000/christina-model_1741_300px.jpg",300,457,img element,0.66
"https://fapello.com/content/c/h/christina-model/2000/christina-model_1740_300px.jpg",300,457,img element,0.66
"https://fapello.com/content/c/h/christina-model/2000/christina-model_1739_300px.jpg",300,457,img element,0.66
"https://fapello.com/content/c/h/christina-model/2000/christina-model_1738_300px.jpg",300,457,img element,0.66
"https://fapello.com/content/c/h/christina-model/2000/christina-model_1737_300px.jpg",300,457,img element,0.66
"https://fapello.com/content/c/h/christina-model/2000/christina-model_1736_300px.jpg",458,300,img element,1.53
"https://fapello.com/content/c/h/christina-model/2000/christina-model_1735_300px.jpg",300,457,img element,0.66
"https://fapello.com/content/c/h/christina-model/2000/christina-model_1734_300px.jpg",300,457,img element,0.66
"https://fapello.com/content/c/h/christina-model/2000/christina-model_1733_300px.jpg",300,457,img element,0.66
"https://fapello.com/content/c/h/christina-model/2000/christina-model_1732_300px.jpg",300,457,img element,0.66
"https://fapello.com/content/c/h/christina-model/2000/christina-model_1731_300px.jpg",457,300,img element,1.52
"https://fapello.com/content/c/h/christina-model/2000/christina-model_1730_300px.jpg",300,457,img element,0.66
"https://fapello.com/content/c/h/christina-model/2000/christina-model_1729_300px.jpg",300,457,img element,0.66
"https://fapello.com/content/c/h/christina-model/2000/christina-model_1728_300px.jpg",300,457,img element,0.66
"https://fapello.com/content/c/h/christina-model/2000/christina-model_1727_300px.jpg",300,457,img element,0.66
"https://fapello.com/content/c/h/christina-model/2000/christina-model_1726_300px.jpg",457,300,img element,1.52
"https://fapello.com/content/c/h/christina-model/2000/christina-model_1725_300px.jpg",300,457,img element,0.66
"https://fapello.com/content/c/h/christina-model/2000/christina-model_1724_300px.jpg",300,457,img element,0.66
"https://fapello.com/content/c/h/christina-model/2000/christina-model_1723_300px.jpg",300,457,img element,0.66
"https://fapello.com/content/c/h/christina-model/2000/christina-model_1722_300px.jpg",300,457,img element,0.66
"https://fapello.com/content/c/h/christina-model/2000/christina-model_1721_300px.jpg",300,457,img element,0.66
"https://fapello.com/content/c/h/christina-model/2000/christina-model_1720_300px.jpg",300,457,img element,0.66
"https://fapello.com/content/c/h/christina-model/2000/christina-model_1719_300px.jpg",300,457,img element,0.66
"https://fapello.com/content/c/h/christina-model/2000/christina-model_1718_300px.jpg",300,457,img element,0.66
"https://fapello.com/content/c/h/christina-model/2000/christina-model_1717_300px.jpg",300,457,img element,0.66
"https://fapello.com/content/c/h/christina-model/2000/christina-model_1716_300px.jpg",300,457,img element,0.66
"https://fapello.com/content/c/h/christina-model/2000/christina-model_1715_300px.jpg",300,457,img element,0.66
"https://fapello.com/content/c/h/christina-model/2000/christina-model_1714_300px.jpg",300,457,img element,0.66
"https://fapello.com/content/c/h/christina-model/2000/christina-model_1713_300px.jpg",300,457,img element,0.66
"https://fapello.com/content/c/h/christina-model/2000/christina-model_1712_300px.jpg",457,300,img element,1.52
"https://fapello.com/content/c/h/christina-model/2000/christina-model_1711_300px.jpg",533,300,img element,1.78
"https://fapello.com/content/c/h/christina-model/2000/christina-model_1710_300px.jpg",300,549,img element,0.55
"https://fapello.com/content/c/h/christina-model/2000/christina-model_1709_300px.jpg",300,400,img element,0.75
"https://fapello.com/content/c/h/christina-model/2000/christina-model_1708_300px.jpg",300,400,img element,0.75
"https://fapello.com/content/c/h/christina-model/2000/christina-model_1707_300px.jpg",300,400,img element,0.75
"https://fapello.com/content/c/h/christina-model/2000/christina-model_1706_300px.jpg",300,400,img element,0.75
"https://fapello.com/content/c/h/christina-model/2000/christina-model_1705_300px.jpg",300,400,img element,0.75
"https://fapello.com/content/c/h/christina-model/2000/christina-model_1704_300px.jpg",300,401,img element,0.75
"https://fapello.com/content/c/h/christina-model/2000/christina-model_1703_300px.jpg",300,535,img element,0.56
"https://fapello.com/content/c/h/christina-model/2000/christina-model_1702_300px.jpg",300,535,img element,0.56
"https://fapello.com/content/c/h/christina-model/2000/christina-model_1701_300px.jpg",300,535,img element,0.56
"https://fapello.com/content/c/h/christina-model/2000/christina-model_1700_300px.jpg",450,300,img element,1.50
"https://fapello.com/content/c/h/christina-model/2000/christina-model_1699_300px.jpg",300,349,img element,0.86
"https://fapello.com/content/c/h/christina-model/2000/christina-model_1698_300px.jpg",300,421,img element,0.71
"https://fapello.com/content/c/h/christina-model/2000/christina-model_1697_300px.jpg",367,300,img element,1.22
"https://fapello.com/content/c/h/christina-model/2000/christina-model_1696_300px.jpg",300,379,img element,0.79
"https://fapello.com/content/c/h/christina-model/2000/christina-model_1695_300px.jpg",300,424,img element,0.71
"https://fapello.com/content/c/h/christina-model/2000/christina-model_1694_300px.jpg",300,421,img element,0.71
"https://fapello.com/content/c/h/christina-model/2000/christina-model_1693_300px.jpg",300,476,img element,0.63
"https://fapello.com/content/c/h/christina-model/2000/christina-model_1692_300px.jpg",313,300,img element,1.04
"https://fapello.com/content/c/h/christina-model/2000/christina-model_1691_300px.jpg",300,393,img element,0.76
"https://fapello.com/content/c/h/christina-model/2000/christina-model_1690_300px.jpg",300,461,img element,0.65
"https://fapello.com/content/c/h/christina-model/2000/christina-model_1689_300px.jpg",300,473,img element,0.63
"https://fapello.com/content/c/h/christina-model/2000/christina-model_1688_300px.jpg",450,300,img element,1.50
"https://fapello.com/content/c/h/christina-model/2000/christina-model_1687_300px.jpg",300,425,img element,0.71
"https://fapello.com/content/c/h/christina-model/2000/christina-model_1686_300px.jpg",465,300,img element,1.55
"https://fapello.com/content/c/h/christina-model/2000/christina-model_1685_300px.jpg",465,300,img element,1.55
"https://fapello.com/content/c/h/christina-model/2000/christina-model_1684_300px.jpg",300,451,img element,0.67
"https://fapello.com/content/c/h/christina-model/2000/christina-model_1683_300px.jpg",451,300,img element,1.50
"https://fapello.com/content/c/h/christina-model/2000/christina-model_1682_300px.jpg",451,300,img element,1.50
"https://fapello.com/content/c/h/christina-model/2000/christina-model_1681_300px.jpg",300,400,img element,0.75
"https://fapello.com/content/c/h/christina-model/2000/christina-model_1680_300px.jpg",300,398,img element,0.75
"https://fapello.com/content/c/h/christina-model/2000/christina-model_1679_300px.jpg",300,390,img element,0.77
"https://fapello.com/content/c/h/christina-model/2000/christina-model_1678_300px.jpg",300,401,img element,0.75
"https://fapello.com/content/c/h/christina-model/2000/christina-model_1677_300px.jpg",533,300,img element,1.78
"https://fapello.com/content/c/h/christina-model/2000/christina-model_1676_300px.jpg",533,300,img element,1.78
"https://fapello.com/content/c/h/christina-model/2000/christina-model_1675_300px.jpg",533,300,img element,1.78
"https://fapello.com/content/c/h/christina-model/2000/christina-model_1674_300px.jpg",300,429,img element,0.70
"https://fapello.com/content/c/h/christina-model/2000/christina-model_1673_300px.jpg",300,442,img element,0.68
"https://fapello.com/content/c/h/christina-model/2000/christina-model_1672_300px.jpg",385,300,img element,1.28
"https://fapello.com/content/c/h/christina-model/2000/christina-model_1671_300px.jpg",300,645,img element,0.47
"https://fapello.com/content/c/h/christina-model/2000/christina-model_1670_300px.jpg",433,300,img element,1.44
"https://fapello.com/content/c/h/christina-model/2000/christina-model_1669_300px.jpg",300,341,img element,0.88
"https://fapello.com/content/c/h/christina-model/2000/christina-model_1668_300px.jpg",357,300,img element,1.19
"https://fapello.com/content/c/h/christina-model/2000/christina-model_1667_300px.jpg",399,300,img element,1.33
"https://fapello.com/content/c/h/christina-model/2000/christina-model_1666_300px.jpg",307,300,img element,1.02
"https://fapello.com/content/c/h/christina-model/2000/christina-model_1665_300px.jpg",533,300,img element,1.78
"https://fapello.com/content/c/h/christina-model/2000/christina-model_1664_300px.jpg",300,449,img element,0.67
"https://fapello.com/content/c/h/christina-model/2000/christina-model_1663_300px.jpg",300,308,img element,0.97
"https://fapello.com/content/c/h/christina-model/2000/christina-model_1662_300px.jpg",300,375,img element,0.80
"https://fapello.com/content/c/h/christina-model/2000/christina-model_1661_300px.jpg",300,450,img element,0.67
"https://fapello.com/content/c/h/christina-model/2000/christina-model_1660_300px.jpg",300,449,img element,0.67
"https://fapello.com/content/c/h/christina-model/2000/christina-model_1659_300px.jpg",300,411,img element,0.73
"https://fapello.com/content/c/h/christina-model/2000/christina-model_1658_300px.jpg",300,406,img element,0.74
"https://fapello.com/content/c/h/christina-model/2000/christina-model_1657_300px.jpg",449,300,img element,1.50
"https://fapello.com/content/c/h/christina-model/2000/christina-model_1656_300px.jpg",300,370,img element,0.81
"https://fapello.com/content/c/h/christina-model/2000/christina-model_1655_300px.jpg",300,391,img element,0.77
"https://fapello.com/content/c/h/christina-model/2000/christina-model_1654_300px.jpg",300,369,img element,0.81
"https://fapello.com/content/c/h/christina-model/2000/christina-model_1653_300px.jpg",339,300,img element,1.13
"https://fapello.com/content/c/h/christina-model/2000/christina-model_1652_300px.jpg",300,348,img element,0.86
"https://fapello.com/content/c/h/christina-model/2000/christina-model_1651_300px.jpg",300,364,img element,0.82
"https://fapello.com/content/c/h/christina-model/2000/christina-model_1650_300px.jpg",300,411,img element,0.73
"https://fapello.com/content/c/h/christina-model/2000/christina-model_1649_300px.jpg",300,392,img element,0.77
"https://fapello.com/content/c/h/christina-model/2000/christina-model_1648_300px.jpg",300,392,img element,0.77
"https://fapello.com/content/c/h/christina-model/2000/christina-model_1647_300px.jpg",300,378,img element,0.79
"https://fapello.com/content/c/h/christina-model/2000/christina-model_1646_300px.jpg",300,405,img element,0.74
"https://fapello.com/content/c/h/christina-model/2000/christina-model_1645_300px.jpg",300,388,img element,0.77
"https://fapello.com/content/c/h/christina-model/2000/christina-model_1644_300px.jpg",300,400,img element,0.75
"https://fapello.com/content/c/h/christina-model/2000/christina-model_1643_300px.jpg",517,300,img element,1.72
"https://fapello.com/content/c/h/christina-model/2000/christina-model_1642_300px.jpg",517,300,img element,1.72
"https://fapello.com/content/c/h/christina-model/2000/christina-model_1641_300px.jpg",300,338,img element,0.89
"https://fapello.com/content/c/h/christina-model/2000/christina-model_1640_300px.jpg",300,370,img element,0.81
"https://fapello.com/content/c/h/christina-model/2000/christina-model_1639_300px.jpg",300,449,img element,0.67
"https://fapello.com/content/c/h/christina-model/2000/christina-model_1638_300px.jpg",303,300,img element,1.01
"https://fapello.com/content/c/h/christina-model/2000/christina-model_1637_300px.jpg",300,358,img element,0.84
"https://fapello.com/content/c/h/christina-model/2000/christina-model_1636_300px.jpg",300,403,img element,0.74
"https://fapello.com/content/c/h/christina-model/2000/christina-model_1635_300px.jpg",424,300,img element,1.41
"https://fapello.com/content/c/h/christina-model/2000/christina-model_1634_300px.jpg",439,300,img element,1.46
"https://fapello.com/content/c/h/christina-model/2000/christina-model_1633_300px.jpg",300,487,img element,0.62
"https://fapello.com/content/c/h/christina-model/2000/christina-model_1632_300px.jpg",309,300,img element,1.03
"https://fapello.com/content/c/h/christina-model/2000/christina-model_1631_300px.jpg",369,300,img element,1.23
"https://fapello.com/content/c/h/christina-model/2000/christina-model_1630_300px.jpg",300,315,img element,0.95
"https://fapello.com/content/c/h/christina-model/2000/christina-model_1629_300px.jpg",301,300,img element,1.00
"https://fapello.com/content/c/h/christina-model/2000/christina-model_1628_300px.jpg",300,419,img element,0.72
"https://fapello.com/content/c/h/christina-model/2000/christina-model_1627_300px.jpg",506,300,img element,1.69
"https://fapello.com/content/c/h/christina-model/2000/christina-model_1626_300px.jpg",528,300,img element,1.76
"https://fapello.com/content/c/h/christina-model/2000/christina-model_1625_300px.jpg",300,449,img element,0.67
"https://fapello.com/content/c/h/christina-model/2000/christina-model_1624_300px.jpg",300,451,img element,0.67
"https://fapello.com/content/c/h/christina-model/2000/christina-model_1623_300px.jpg",300,447,img element,0.67
"https://fapello.com/content/c/h/christina-model/2000/christina-model_1622_300px.jpg",300,449,img element,0.67
"https://fapello.com/content/c/h/christina-model/2000/christina-model_1621_300px.jpg",300,450,img element,0.67
"https://fapello.com/content/c/h/christina-model/2000/christina-model_1620_300px.jpg",300,449,img element,0.67
"https://fapello.com/content/c/h/christina-model/2000/christina-model_1619_300px.jpg",300,450,img element,0.67
"https://fapello.com/content/c/h/christina-model/2000/christina-model_1618_300px.jpg",300,345,img element,0.87
"https://fapello.com/content/c/h/christina-model/2000/christina-model_1617_300px.jpg",300,346,img element,0.87
"https://fapello.com/content/c/h/christina-model/2000/christina-model_1616_300px.jpg",300,372,img element,0.81
"https://fapello.com/content/c/h/christina-model/2000/christina-model_1615_300px.jpg",300,450,img element,0.67
"https://fapello.com/content/c/h/christina-model/2000/christina-model_1614_300px.jpg",315,300,img element,1.05
"https://fapello.com/content/c/h/christina-model/2000/christina-model_1613_300px.jpg",300,450,img element,0.67
"https://fapello.com/content/c/h/christina-model/2000/christina-model_1612_300px.jpg",300,325,img element,0.92
"https://fapello.com/content/c/h/christina-model/2000/christina-model_1611_300px.jpg",300,385,img element,0.78
"https://fapello.com/content/c/h/christina-model/2000/christina-model_1610_300px.jpg",300,398,img element,0.75
"https://fapello.com/content/c/h/christina-model/2000/christina-model_1609_300px.jpg",300,533,img element,0.56
"https://fapello.com/content/c/h/christina-model/2000/christina-model_1608_300px.jpg",300,533,img element,0.56
"https://fapello.com/content/c/h/christina-model/2000/christina-model_1607_300px.jpg",300,533,img element,0.56
"https://fapello.com/content/c/h/christina-model/2000/christina-model_1606_300px.jpg",300,533,img element,0.56
"https://fapello.com/content/c/h/christina-model/2000/christina-model_1605_300px.jpg",300,533,img element,0.56
"https://fapello.com/content/c/h/christina-model/2000/christina-model_1604_300px.jpg",300,533,img element,0.56
"https://fapello.com/content/c/h/christina-model/2000/christina-model_1603_300px.jpg",300,533,img element,0.56
"https://fapello.com/content/c/h/christina-model/2000/christina-model_1602_300px.jpg",300,440,img element,0.68
"https://fapello.com/content/c/h/christina-model/2000/christina-model_1601_300px.jpg",300,438,img element,0.68
"https://fapello.com/content/c/h/christina-model/2000/christina-model_1600_300px.jpg",300,450,img element,0.67
"https://fapello.com/content/c/h/christina-model/2000/christina-model_1599_300px.jpg",300,450,img element,0.67
"https://fapello.com/content/c/h/christina-model/2000/christina-model_1598_300px.jpg",300,448,img element,0.67
"https://fapello.com/content/c/h/christina-model/2000/christina-model_1597_300px.jpg",300,450,img element,0.67
"https://fapello.com/content/c/h/christina-model/2000/christina-model_1596_300px.jpg",300,649,img element,0.46
"https://fapello.com/content/c/h/christina-model/2000/christina-model_1595_300px.jpg",300,451,img element,0.67
"https://fapello.com/content/c/h/christina-model/2000/christina-model_1594_300px.jpg",300,450,img element,0.67
"https://fapello.com/content/c/h/christina-model/2000/christina-model_1593_300px.jpg",300,450,img element,0.67
"https://fapello.com/content/c/h/christina-model/2000/christina-model_1592_300px.jpg",300,438,img element,0.68
"https://fapello.com/content/c/h/christina-model/2000/christina-model_1591_300px.jpg",449,300,img element,1.50
"https://fapello.com/content/c/h/christina-model/2000/christina-model_1590_300px.jpg",300,349,img element,0.86
"https://fapello.com/content/c/h/christina-model/2000/christina-model_1589_300px.jpg",300,450,img element,0.67
"https://fapello.com/content/c/h/christina-model/2000/christina-model_1588_300px.jpg",300,449,img element,0.67
"https://fapello.com/content/c/h/christina-model/2000/christina-model_1587_300px.jpg",300,450,img element,0.67
"https://fapello.com/content/c/h/christina-model/2000/christina-model_1586_300px.jpg",300,450,img element,0.67
"https://fapello.com/content/c/h/christina-model/2000/christina-model_1585_300px.jpg",300,450,img element,0.67
"https://fapello.com/content/c/h/christina-model/2000/christina-model_1584_300px.jpg",300,454,img element,0.66
"https://fapello.com/content/c/h/christina-model/2000/christina-model_1583_300px.jpg",450,300,img element,1.50
"https://fapello.com/content/c/h/christina-model/2000/christina-model_1582_300px.jpg",300,449,img element,0.67
"https://fapello.com/content/c/h/christina-model/2000/christina-model_1581_300px.jpg",300,497,img element,0.60
"https://fapello.com/content/c/h/christina-model/2000/christina-model_1580_300px.jpg",300,567,img element,0.53
"https://fapello.com/content/c/h/christina-model/2000/christina-model_1579_300px.jpg",367,300,img element,1.22
"https://fapello.com/content/c/h/christina-model/2000/christina-model_1578_300px.jpg",300,457,img element,0.66
"https://fapello.com/content/c/h/christina-model/2000/christina-model_1577_300px.jpg",300,457,img element,0.66
"https://fapello.com/content/c/h/christina-model/2000/christina-model_1576_300px.jpg",300,457,img element,0.66
"https://fapello.com/content/c/h/christina-model/2000/christina-model_1575_300px.jpg",550,300,img element,1.83
"https://fapello.com/content/c/h/christina-model/2000/christina-model_1574_300px.jpg",550,300,img element,1.83
"https://fapello.com/content/c/h/christina-model/2000/christina-model_1573_300px.jpg",550,300,img element,1.83
"https://fapello.com/content/c/h/christina-model/2000/christina-model_1572_300px.jpg",300,457,img element,0.66
"https://fapello.com/content/c/h/christina-model/2000/christina-model_1571_300px.jpg",300,457,img element,0.66
"https://fapello.com/content/c/h/christina-model/2000/christina-model_1570_300px.jpg",300,457,img element,0.66
"https://fapello.com/content/c/h/christina-model/2000/christina-model_1569_300px.jpg",300,400,img element,0.75
"https://fapello.com/content/c/h/christina-model/2000/christina-model_1568_300px.jpg",300,400,img element,0.75
"https://fapello.com/content/c/h/christina-model/2000/christina-model_1567_300px.jpg",300,400,img element,0.75
"https://fapello.com/content/c/h/christina-model/2000/christina-model_1566_300px.jpg",457,300,img element,1.52
"https://fapello.com/content/c/h/christina-model/2000/christina-model_1565_300px.jpg",457,300,img element,1.52
"https://fapello.com/content/c/h/christina-model/2000/christina-model_1564_300px.jpg",300,457,img element,0.66
"https://fapello.com/content/c/h/christina-model/2000/christina-model_1563_300px.jpg",300,457,img element,0.66
"https://fapello.com/content/c/h/christina-model/2000/christina-model_1562_300px.jpg",300,395,img element,0.76
"https://fapello.com/content/c/h/christina-model/2000/christina-model_1561_300px.jpg",450,300,img element,1.50
"https://fapello.com/content/c/h/christina-model/2000/christina-model_1560_300px.jpg",450,300,img element,1.50
"https://fapello.com/content/c/h/christina-model/2000/christina-model_1559_300px.jpg",300,418,img element,0.72
"https://fapello.com/content/c/h/christina-model/2000/christina-model_1558_300px.jpg",300,394,img element,0.76
"https://fapello.com/content/c/h/christina-model/2000/christina-model_1557_300px.jpg",300,394,img element,0.76
"https://fapello.com/content/c/h/christina-model/2000/christina-model_1556_300px.jpg",300,395,img element,0.76
"https://fapello.com/content/c/h/christina-model/2000/christina-model_1555_300px.jpg",300,498,img element,0.60
"https://fapello.com/content/c/h/christina-model/2000/christina-model_1554_300px.jpg",300,431,img element,0.70
"https://fapello.com/content/c/h/christina-model/2000/christina-model_1553_300px.jpg",300,434,img element,0.69
"https://fapello.com/content/c/h/christina-model/2000/christina-model_1552_300px.jpg",300,424,img element,0.71
"https://fapello.com/content/c/h/christina-model/2000/christina-model_1551_300px.jpg",300,401,img element,0.75
"https://fapello.com/content/c/h/christina-model/2000/christina-model_1550_300px.jpg",300,406,img element,0.74
"https://fapello.com/content/c/h/christina-model/2000/christina-model_1549_300px.jpg",300,468,img element,0.64
"https://fapello.com/content/c/h/christina-model/2000/christina-model_1548_300px.jpg",300,484,img element,0.62
"https://fapello.com/content/c/h/christina-model/2000/christina-model_1547_300px.jpg",300,468,img element,0.64
"https://fapello.com/content/c/h/christina-model/2000/christina-model_1546_300px.jpg",300,457,img element,0.66
"https://fapello.com/content/c/h/christina-model/2000/christina-model_1545_300px.jpg",300,457,img element,0.66
"https://fapello.com/content/c/h/christina-model/2000/christina-model_1544_300px.jpg",300,457,img element,0.66
"https://fapello.com/content/c/h/christina-model/2000/christina-model_1543_300px.jpg",300,457,img element,0.66
"https://fapello.com/content/c/h/christina-model/2000/christina-model_1542_300px.jpg",300,457,img element,0.66
"https://fapello.com/content/c/h/christina-model/2000/christina-model_1541_300px.jpg",300,457,img element,0.66
"https://fapello.com/content/c/h/christina-model/2000/christina-model_1540_300px.jpg",300,457,img element,0.66
"https://fapello.com/content/c/h/christina-model/2000/christina-model_1539_300px.jpg",300,457,img element,0.66
"https://fapello.com/content/c/h/christina-model/2000/christina-model_1538_300px.jpg",300,457,img element,0.66
"https://fapello.com/content/c/h/christina-model/2000/christina-model_1537_300px.jpg",300,457,img element,0.66
"https://fapello.com/content/c/h/christina-model/2000/christina-model_1536_300px.jpg",300,457,img element,0.66
"https://fapello.com/content/c/h/christina-model/2000/christina-model_1535_300px.jpg",300,457,img element,0.66
"https://fapello.com/content/c/h/christina-model/2000/christina-model_1534_300px.jpg",300,457,img element,0.66
"https://fapello.com/content/c/h/christina-model/2000/christina-model_1533_300px.jpg",300,457,img element,0.66
"https://fapello.com/content/c/h/christina-model/2000/christina-model_1532_300px.jpg",300,457,img element,0.66
"https://fapello.com/content/c/h/christina-model/2000/christina-model_1531_300px.jpg",300,457,img element,0.66
"https://fapello.com/content/c/h/christina-model/2000/christina-model_1530_300px.jpg",300,457,img element,0.66
"https://fapello.com/content/c/h/christina-model/2000/christina-model_1529_300px.jpg",300,457,img element,0.66
"https://fapello.com/content/c/h/christina-model/2000/christina-model_1528_300px.jpg",300,457,img element,0.66
"https://fapello.com/content/c/h/christina-model/2000/christina-model_1527_300px.jpg",300,457,img element,0.66
"https://fapello.com/content/c/h/christina-model/2000/christina-model_1526_300px.jpg",300,457,img element,0.66
"https://fapello.com/content/c/h/christina-model/2000/christina-model_1525_300px.jpg",300,457,img element,0.66
"https://fapello.com/content/c/h/christina-model/2000/christina-model_1524_300px.jpg",300,457,img element,0.66
"https://fapello.com/content/c/h/christina-model/2000/christina-model_1523_300px.jpg",300,457,img element,0.66
"https://fapello.com/content/c/h/christina-model/2000/christina-model_1522_300px.jpg",300,457,img element,0.66
"https://fapello.com/content/c/h/christina-model/2000/christina-model_1521_300px.jpg",300,457,img element,0.66
"https://fapello.com/content/c/h/christina-model/2000/christina-model_1520_300px.jpg",300,457,img element,0.66
"https://fapello.com/content/c/h/christina-model/2000/christina-model_1519_300px.jpg",300,457,img element,0.66
"https://fapello.com/content/c/h/christina-model/2000/christina-model_1518_300px.jpg",300,457,img element,0.66
"https://fapello.com/content/c/h/christina-model/2000/christina-model_1517_300px.jpg",300,457,img element,0.66
"https://fapello.com/content/c/h/christina-model/2000/christina-model_1516_300px.jpg",300,457,img element,0.66
"https://fapello.com/content/c/h/christina-model/2000/christina-model_1515_300px.jpg",300,457,img element,0.66
"https://fapello.com/content/c/h/christina-model/2000/christina-model_1514_300px.jpg",300,457,img element,0.66
"https://fapello.com/content/c/h/christina-model/2000/christina-model_1513_300px.jpg",300,457,img element,0.66
"https://fapello.com/content/c/h/christina-model/2000/christina-model_1512_300px.jpg",300,366,img element,0.82
"https://fapello.com/content/c/h/christina-model/2000/christina-model_1511_300px.jpg",460,300,img element,1.53
"https://fapello.com/content/c/h/christina-model/2000/christina-model_1510_300px.jpg",494,300,img element,1.65
"https://fapello.com/content/c/h/christina-model/2000/christina-model_1509_300px.jpg",480,300,img element,1.60
"https://fapello.com/content/c/h/christina-model/2000/christina-model_1508_300px.jpg",472,300,img element,1.57
"https://fapello.com/content/c/h/christina-model/2000/christina-model_1507_300px.jpg",450,300,img element,1.50
"https://fapello.com/content/c/h/christina-model/2000/christina-model_1506_300px.jpg",300,449,img element,0.67
"https://fapello.com/content/c/h/christina-model/2000/christina-model_1505_300px.jpg",300,473,img element,0.63
"https://fapello.com/content/c/h/christina-model/2000/christina-model_1504_300px.jpg",300,406,img element,0.74
"https://fapello.com/content/c/h/christina-model/2000/christina-model_1503_300px.jpg",300,393,img element,0.76
"https://fapello.com/content/c/h/christina-model/2000/christina-model_1502_300px.jpg",300,430,img element,0.70
"https://fapello.com/content/c/h/christina-model/2000/christina-model_1501_300px.jpg",300,450,img element,0.67
"https://fapello.com/content/c/h/christina-model/2000/christina-model_1500_300px.jpg",300,451,img element,0.67
"https://fapello.com/content/c/h/christina-model/2000/christina-model_1499_300px.jpg",300,477,img element,0.63
"https://fapello.com/content/c/h/christina-model/2000/christina-model_1498_300px.jpg",300,549,img element,0.55
"https://fapello.com/content/c/h/christina-model/2000/christina-model_1497_300px.jpg",300,549,img element,0.55
"https://fapello.com/content/c/h/christina-model/2000/christina-model_1496_300px.jpg",300,549,img element,0.55
"https://fapello.com/content/c/h/christina-model/2000/christina-model_1495_300px.jpg",300,671,img element,0.45
"https://fapello.com/content/c/h/christina-model/2000/christina-model_1494_300px.jpg",300,549,img element,0.55
"https://fapello.com/content/c/h/christina-model/2000/christina-model_1493_300px.jpg",300,362,img element,0.83
"https://fapello.com/content/c/h/christina-model/2000/christina-model_1492_300px.jpg",300,549,img element,0.55
"https://fapello.com/content/c/h/christina-model/2000/christina-model_1491_300px.jpg",300,549,img element,0.55
"https://fapello.com/content/c/h/christina-model/2000/christina-model_1490_300px.jpg",300,479,img element,0.63
"https://fapello.com/content/c/h/christina-model/2000/christina-model_1489_300px.jpg",300,549,img element,0.55
"https://fapello.com/content/c/h/christina-model/2000/christina-model_1488_300px.jpg",300,549,img element,0.55
"https://fapello.com/content/c/h/christina-model/2000/christina-model_1487_300px.jpg",300,549,img element,0.55
"https://fapello.com/content/c/h/christina-model/2000/christina-model_1486_300px.jpg",300,549,img element,0.55
"https://fapello.com/content/c/h/christina-model/2000/christina-model_1485_300px.jpg",300,549,img element,0.55
"https://fapello.com/content/c/h/christina-model/2000/christina-model_1484_300px.jpg",300,457,img element,0.66
"https://fapello.com/content/c/h/christina-model/2000/christina-model_1483_300px.jpg",300,457,img element,0.66
"https://fapello.com/content/c/h/christina-model/2000/christina-model_1482_300px.jpg",300,457,img element,0.66
"https://fapello.com/content/c/h/christina-model/2000/christina-model_1481_300px.jpg",300,549,img element,0.55
"https://fapello.com/content/c/h/christina-model/2000/christina-model_1480_300px.jpg",300,549,img element,0.55
"https://fapello.com/content/c/h/christina-model/2000/christina-model_1479_300px.jpg",300,549,img element,0.55
"https://fapello.com/content/c/h/christina-model/2000/christina-model_1478_300px.jpg",300,400,img element,0.75
"https://fapello.com/content/c/h/christina-model/2000/christina-model_1477_300px.jpg",300,400,img element,0.75
"https://fapello.com/content/c/h/christina-model/2000/christina-model_1476_300px.jpg",300,400,img element,0.75
"https://fapello.com/content/c/h/christina-model/2000/christina-model_1475_300px.jpg",300,400,img element,0.75
"https://fapello.com/content/c/h/christina-model/2000/christina-model_1474_300px.jpg",300,400,img element,0.75
"https://fapello.com/content/c/h/christina-model/2000/christina-model_1473_300px.jpg",300,400,img element,0.75
"https://fapello.com/content/c/h/christina-model/2000/christina-model_1472_300px.jpg",300,400,img element,0.75
"https://fapello.com/content/c/h/christina-model/2000/christina-model_1471_300px.jpg",300,400,img element,0.75
"https://fapello.com/content/c/h/christina-model/2000/christina-model_1470_300px.jpg",300,400,img element,0.75
"https://fapello.com/content/c/h/christina-model/2000/christina-model_1469_300px.jpg",300,400,img element,0.75
"https://fapello.com/content/c/h/christina-model/2000/christina-model_1468_300px.jpg",300,400,img element,0.75
"https://fapello.com/content/c/h/christina-model/2000/christina-model_1467_300px.jpg",300,400,img element,0.75
"https://fapello.com/content/c/h/christina-model/2000/christina-model_1466_300px.jpg",300,400,img element,0.75
"https://fapello.com/content/c/h/christina-model/2000/christina-model_1465_300px.jpg",300,400,img element,0.75
"https://fapello.com/content/c/h/christina-model/2000/christina-model_1464_300px.jpg",300,457,img element,0.66
"https://fapello.com/content/c/h/christina-model/2000/christina-model_1463_300px.jpg",300,457,img element,0.66
"https://fapello.com/content/c/h/christina-model/2000/christina-model_1462_300px.jpg",300,457,img element,0.66
"https://fapello.com/content/c/h/christina-model/2000/christina-model_1461_300px.jpg",300,457,img element,0.66
"https://fapello.com/content/c/h/christina-model/2000/christina-model_1460_300px.jpg",300,457,img element,0.66
"https://fapello.com/content/c/h/christina-model/2000/christina-model_1459_300px.jpg",300,457,img element,0.66
"https://fapello.com/content/c/h/christina-model/2000/christina-model_1458_300px.jpg",300,457,img element,0.66
"https://fapello.com/content/c/h/christina-model/2000/christina-model_1457_300px.jpg",300,457,img element,0.66
"https://fapello.com/content/c/h/christina-model/2000/christina-model_1456_300px.jpg",300,457,img element,0.66
"https://fapello.com/content/c/h/christina-model/2000/christina-model_1455_300px.jpg",300,457,img element,0.66
"https://fapello.com/content/c/h/christina-model/2000/christina-model_1454_300px.jpg",300,457,img element,0.66
"https://fapello.com/content/c/h/christina-model/2000/christina-model_1453_300px.jpg",300,457,img element,0.66
"https://fapello.com/content/c/h/christina-model/2000/christina-model_1452_300px.jpg",300,457,img element,0.66
"https://fapello.com/content/c/h/christina-model/2000/christina-model_1451_300px.jpg",300,457,img element,0.66
"https://fapello.com/content/c/h/christina-model/2000/christina-model_1450_300px.jpg",300,457,img element,0.66
"https://fapello.com/content/c/h/christina-model/2000/christina-model_1449_300px.jpg",457,300,img element,1.52
"https://fapello.com/content/c/h/christina-model/2000/christina-model_1448_300px.jpg",457,300,img element,1.52
"https://fapello.com/content/c/h/christina-model/2000/christina-model_1447_300px.jpg",533,300,img element,1.78
"https://fapello.com/content/c/h/christina-model/2000/christina-model_1446_300px.jpg",300,457,img element,0.66
"https://fapello.com/content/c/h/christina-model/2000/christina-model_1445_300px.jpg",300,457,img element,0.66
"https://fapello.com/content/c/h/christina-model/2000/christina-model_1444_300px.jpg",300,457,img element,0.66
"https://fapello.com/content/c/h/christina-model/2000/christina-model_1443_300px.jpg",300,457,img element,0.66
"https://fapello.com/content/c/h/christina-model/2000/christina-model_1442_300px.jpg",457,300,img element,1.52
"https://fapello.com/content/c/h/christina-model/2000/christina-model_1441_300px.jpg",300,457,img element,0.66
"https://fapello.com/content/c/h/christina-model/2000/christina-model_1440_300px.jpg",300,457,img element,0.66
"https://fapello.com/content/c/h/christina-model/2000/christina-model_1439_300px.jpg",300,457,img element,0.66
"https://fapello.com/content/c/h/christina-model/2000/christina-model_1438_300px.jpg",300,457,img element,0.66
"https://fapello.com/content/c/h/christina-model/2000/christina-model_1437_300px.jpg",300,457,img element,0.66
"https://fapello.com/content/c/h/christina-model/2000/christina-model_1436_300px.jpg",300,457,img element,0.66
"https://fapello.com/content/c/h/christina-model/2000/christina-model_1435_300px.jpg",300,457,img element,0.66
"https://fapello.com/content/c/h/christina-model/2000/christina-model_1434_300px.jpg",300,458,img element,0.66
"https://fapello.com/content/c/h/christina-model/2000/christina-model_1433_300px.jpg",300,458,img element,0.66
"https://fapello.com/content/c/h/christina-model/2000/christina-model_1432_300px.jpg",300,458,img element,0.66
"https://fapello.com/content/c/h/christina-model/2000/christina-model_1431_300px.jpg",300,457,img element,0.66
"https://fapello.com/content/c/h/christina-model/2000/christina-model_1430_300px.jpg",300,457,img element,0.66
"https://fapello.com/content/c/h/christina-model/2000/christina-model_1429_300px.jpg",300,457,img element,0.66
"https://fapello.com/content/c/h/christina-model/2000/christina-model_1428_300px.jpg",300,457,img element,0.66
"https://fapello.com/content/c/h/christina-model/2000/christina-model_1427_300px.jpg",300,457,img element,0.66
"https://fapello.com/content/c/h/christina-model/2000/christina-model_1426_300px.jpg",300,457,img element,0.66
"https://fapello.com/content/c/h/christina-model/2000/christina-model_1425_300px.jpg",300,457,img element,0.66
"https://fapello.com/content/c/h/christina-model/2000/christina-model_1424_300px.jpg",300,457,img element,0.66
"https://fapello.com/content/c/h/christina-model/2000/christina-model_1423_300px.jpg",300,457,img element,0.66
"https://fapello.com/content/c/h/christina-model/2000/christina-model_1422_300px.jpg",300,457,img element,0.66
"https://fapello.com/content/c/h/christina-model/2000/christina-model_1421_300px.jpg",300,457,img element,0.66
"https://fapello.com/content/c/h/christina-model/2000/christina-model_1420_300px.jpg",300,457,img element,0.66
"https://fapello.com/content/c/h/christina-model/2000/christina-model_1419_300px.jpg",300,457,img element,0.66
"https://fapello.com/content/c/h/christina-model/2000/christina-model_1418_300px.jpg",300,457,img element,0.66
"https://fapello.com/content/c/h/christina-model/2000/christina-model_1417_300px.jpg",300,457,img element,0.66
"https://fapello.com/content/c/h/christina-model/2000/christina-model_1416_300px.jpg",300,457,img element,0.66
"https://fapello.com/content/c/h/christina-model/2000/christina-model_1415_300px.jpg",300,457,img element,0.66
"https://fapello.com/content/c/h/christina-model/2000/christina-model_1414_300px.jpg",300,457,img element,0.66
"https://fapello.com/content/c/h/christina-model/2000/christina-model_1413_300px.jpg",300,457,img element,0.66
"https://fapello.com/content/c/h/christina-model/2000/christina-model_1412_300px.jpg",300,457,img element,0.66
"https://fapello.com/content/c/h/christina-model/2000/christina-model_1411_300px.jpg",300,457,img element,0.66
"https://fapello.com/content/c/h/christina-model/2000/christina-model_1410_300px.jpg",300,457,img element,0.66
"https://fapello.com/content/c/h/christina-model/2000/christina-model_1409_300px.jpg",300,457,img element,0.66
"https://fapello.com/content/c/h/christina-model/2000/christina-model_1408_300px.jpg",300,400,img element,0.75
"https://fapello.com/content/c/h/christina-model/2000/christina-model_1407_300px.jpg",300,400,img element,0.75
"https://fapello.com/content/c/h/christina-model/2000/christina-model_1406_300px.jpg",300,400,img element,0.75
"https://fapello.com/content/c/h/christina-model/2000/christina-model_1405_300px.jpg",300,400,img element,0.75
"https://fapello.com/content/c/h/christina-model/2000/christina-model_1404_300px.jpg",300,400,img element,0.75
"https://fapello.com/content/c/h/christina-model/2000/christina-model_1403_300px.jpg",300,400,img element,0.75
"https://fapello.com/content/c/h/christina-model/2000/christina-model_1402_300px.jpg",300,400,img element,0.75
"https://fapello.com/content/c/h/christina-model/2000/christina-model_1401_300px.jpg",300,400,img element,0.75
"https://fapello.com/content/c/h/christina-model/2000/christina-model_1400_300px.jpg",300,400,img element,0.75
"https://fapello.com/content/c/h/christina-model/2000/christina-model_1399_300px.jpg",300,400,img element,0.75
"https://fapello.com/content/c/h/christina-model/2000/christina-model_1398_300px.jpg",300,400,img element,0.75
"https://fapello.com/content/c/h/christina-model/2000/christina-model_1397_300px.jpg",400,300,img element,1.33
"https://fapello.com/content/c/h/christina-model/2000/christina-model_1396_300px.jpg",300,400,img element,0.75
"https://fapello.com/content/c/h/christina-model/2000/christina-model_1395_300px.jpg",300,400,img element,0.75
"https://fapello.com/content/c/h/christina-model/2000/christina-model_1394_300px.jpg",300,400,img element,0.75
"https://fapello.com/content/c/h/christina-model/2000/christina-model_1393_300px.jpg",300,400,img element,0.75
"https://fapello.com/content/c/h/christina-model/2000/christina-model_1392_300px.jpg",300,400,img element,0.75
"https://fapello.com/content/c/h/christina-model/2000/christina-model_1391_300px.jpg",400,300,img element,1.33
"https://fapello.com/content/c/h/christina-model/2000/christina-model_1390_300px.jpg",400,300,img element,1.33
"https://fapello.com/content/c/h/christina-model/2000/christina-model_1389_300px.jpg",300,400,img element,0.75
"https://fapello.com/content/c/h/christina-model/2000/christina-model_1388_300px.jpg",400,300,img element,1.33
"https://fapello.com/content/c/h/christina-model/2000/christina-model_1387_300px.jpg",300,400,img element,0.75
"https://fapello.com/content/c/h/christina-model/2000/christina-model_1386_300px.jpg",400,300,img element,1.33
"https://fapello.com/content/c/h/christina-model/2000/christina-model_1385_300px.jpg",300,400,img element,0.75
"https://fapello.com/content/c/h/christina-model/2000/christina-model_1384_300px.jpg",400,300,img element,1.33
"https://fapello.com/content/c/h/christina-model/2000/christina-model_1383_300px.jpg",300,400,img element,0.75
"https://fapello.com/content/c/h/christina-model/2000/christina-model_1382_300px.jpg",300,400,img element,0.75
"https://fapello.com/content/c/h/christina-model/2000/christina-model_1381_300px.jpg",400,300,img element,1.33
"https://fapello.com/content/c/h/christina-model/2000/christina-model_1380_300px.jpg",300,457,img element,0.66
"https://fapello.com/content/c/h/christina-model/2000/christina-model_1379_300px.jpg",300,457,img element,0.66
"https://fapello.com/content/c/h/christina-model/2000/christina-model_1378_300px.jpg",457,300,img element,1.52
"https://fapello.com/content/c/h/christina-model/2000/christina-model_1377_300px.jpg",300,457,img element,0.66
"https://fapello.com/content/c/h/christina-model/2000/christina-model_1376_300px.jpg",300,457,img element,0.66
"https://fapello.com/content/c/h/christina-model/2000/christina-model_1375_300px.jpg",457,300,img element,1.52
"https://fapello.com/content/c/h/christina-model/2000/christina-model_1374_300px.jpg",300,457,img element,0.66
"https://fapello.com/content/c/h/christina-model/2000/christina-model_1373_300px.jpg",300,457,img element,0.66
"https://fapello.com/content/c/h/christina-model/2000/christina-model_1372_300px.jpg",300,457,img element,0.66
"https://fapello.com/content/c/h/christina-model/2000/christina-model_1371_300px.jpg",300,457,img element,0.66
"https://fapello.com/content/c/h/christina-model/2000/christina-model_1370_300px.jpg",300,457,img element,0.66
"https://fapello.com/content/c/h/christina-model/2000/christina-model_1369_300px.jpg",457,300,img element,1.52
"https://fapello.com/content/c/h/christina-model/2000/christina-model_1368_300px.jpg",300,457,img element,0.66
"https://fapello.com/content/c/h/christina-model/2000/christina-model_1367_300px.jpg",300,457,img element,0.66
"https://fapello.com/content/c/h/christina-model/2000/christina-model_1366_300px.jpg",300,457,img element,0.66
"https://fapello.com/content/c/h/christina-model/2000/christina-model_1365_300px.jpg",300,457,img element,0.66
"https://fapello.com/content/c/h/christina-model/2000/christina-model_1364_300px.jpg",300,457,img element,0.66
"https://fapello.com/content/c/h/christina-model/2000/christina-model_1363_300px.jpg",300,457,img element,0.66
"https://fapello.com/content/c/h/christina-model/2000/christina-model_1362_300px.jpg",300,457,img element,0.66
"https://fapello.com/content/c/h/christina-model/2000/christina-model_1361_300px.jpg",300,457,img element,0.66
"https://fapello.com/content/c/h/christina-model/2000/christina-model_1360_300px.jpg",300,457,img element,0.66
"https://fapello.com/content/c/h/christina-model/2000/christina-model_1359_300px.jpg",300,457,img element,0.66
"https://fapello.com/content/c/h/christina-model/2000/christina-model_1358_300px.jpg",300,457,img element,0.66
"https://fapello.com/content/c/h/christina-model/2000/christina-model_1357_300px.jpg",300,457,img element,0.66
"https://fapello.com/content/c/h/christina-model/2000/christina-model_1356_300px.jpg",457,300,img element,1.52
"https://fapello.com/content/c/h/christina-model/2000/christina-model_1355_300px.jpg",300,457,img element,0.66
"https://fapello.com/content/c/h/christina-model/2000/christina-model_1354_300px.jpg",457,300,img element,1.52
"https://fapello.com/content/c/h/christina-model/2000/christina-model_1353_300px.jpg",457,300,img element,1.52
"https://fapello.com/content/c/h/christina-model/2000/christina-model_1352_300px.jpg",300,457,img element,0.66
"https://fapello.com/content/c/h/christina-model/2000/christina-model_1351_300px.jpg",300,457,img element,0.66
"https://fapello.com/content/c/h/christina-model/2000/christina-model_1350_300px.jpg",300,457,img element,0.66
"https://fapello.com/content/c/h/christina-model/2000/christina-model_1349_300px.jpg",300,457,img element,0.66
"https://fapello.com/content/c/h/christina-model/2000/christina-model_1348_300px.jpg",300,457,img element,0.66
"https://fapello.com/content/c/h/christina-model/2000/christina-model_1347_300px.jpg",300,457,img element,0.66
"https://fapello.com/content/c/h/christina-model/2000/christina-model_1346_300px.jpg",300,457,img element,0.66
"https://fapello.com/content/c/h/christina-model/2000/christina-model_1345_300px.jpg",300,457,img element,0.66
"https://fapello.com/content/c/h/christina-model/2000/christina-model_1344_300px.jpg",300,457,img element,0.66
"https://fapello.com/content/c/h/christina-model/2000/christina-model_1343_300px.jpg",300,457,img element,0.66
"https://fapello.com/content/c/h/christina-model/2000/christina-model_1342_300px.jpg",300,457,img element,0.66
"https://fapello.com/content/c/h/christina-model/2000/christina-model_1341_300px.jpg",457,300,img element,1.52
"https://fapello.com/content/c/h/christina-model/2000/christina-model_1340_300px.jpg",300,457,img element,0.66
"https://fapello.com/content/c/h/christina-model/2000/christina-model_1339_300px.jpg",457,300,img element,1.52
"https://fapello.com/content/c/h/christina-model/2000/christina-model_1338_300px.jpg",457,300,img element,1.52
"https://fapello.com/content/c/h/christina-model/2000/christina-model_1337_300px.jpg",300,457,img element,0.66
"https://fapello.com/content/c/h/christina-model/2000/christina-model_1336_300px.jpg",300,457,img element,0.66
"https://fapello.com/content/c/h/christina-model/2000/christina-model_1335_300px.jpg",300,457,img element,0.66
"https://fapello.com/content/c/h/christina-model/2000/christina-model_1334_300px.jpg",300,457,img element,0.66
"https://fapello.com/content/c/h/christina-model/2000/christina-model_1333_300px.jpg",300,457,img element,0.66
"https://fapello.com/content/c/h/christina-model/2000/christina-model_1332_300px.jpg",457,300,img element,1.52
"https://fapello.com/content/c/h/christina-model/2000/christina-model_1331_300px.jpg",300,457,img element,0.66
"https://fapello.com/content/c/h/christina-model/2000/christina-model_1330_300px.jpg",300,457,img element,0.66
"https://fapello.com/content/c/h/christina-model/2000/christina-model_1329_300px.jpg",300,457,img element,0.66
"https://fapello.com/content/c/h/christina-model/2000/christina-model_1328_300px.jpg",300,457,img element,0.66
"https://fapello.com/content/c/h/christina-model/2000/christina-model_1327_300px.jpg",300,457,img element,0.66
"https://fapello.com/content/c/h/christina-model/2000/christina-model_1326_300px.jpg",300,449,img element,0.67
"https://fapello.com/content/c/h/christina-model/2000/christina-model_1325_300px.jpg",300,449,img element,0.67
"https://fapello.com/content/c/h/christina-model/2000/christina-model_1324_300px.jpg",300,413,img element,0.73
"https://fapello.com/content/c/h/christina-model/2000/christina-model_1323_300px.jpg",300,428,img element,0.70
"https://fapello.com/content/c/h/christina-model/2000/christina-model_1322_300px.jpg",300,508,img element,0.59
"https://fapello.com/content/c/h/christina-model/2000/christina-model_1321_300px.jpg",300,648,img element,0.46
"https://fapello.com/content/c/h/christina-model/2000/christina-model_1320_300px.jpg",300,630,img element,0.48
"https://fapello.com/content/c/h/christina-model/2000/christina-model_1319_300px.jpg",300,400,img element,0.75
"https://fapello.com/content/c/h/christina-model/2000/christina-model_1318_300px.jpg",300,400,img element,0.75
"https://fapello.com/content/c/h/christina-model/2000/christina-model_1317_300px.jpg",300,518,img element,0.58
"https://fapello.com/content/c/h/christina-model/2000/christina-model_1316_300px.jpg",300,400,img element,0.75
"https://fapello.com/content/c/h/christina-model/2000/christina-model_1315_300px.jpg",300,400,img element,0.75
"https://fapello.com/content/c/h/christina-model/2000/christina-model_1314_300px.jpg",300,338,img element,0.89
"https://fapello.com/content/c/h/christina-model/2000/christina-model_1313_300px.jpg",300,400,img element,0.75
"https://fapello.com/content/c/h/christina-model/2000/christina-model_1312_300px.jpg",300,485,img element,0.62
"https://fapello.com/content/c/h/christina-model/2000/christina-model_1311_300px.jpg",300,384,img element,0.78
"https://fapello.com/content/c/h/christina-model/2000/christina-model_1310_300px.jpg",300,407,img element,0.74
"https://fapello.com/content/c/h/christina-model/2000/christina-model_1309_300px.jpg",300,348,img element,0.86
"https://fapello.com/content/c/h/christina-model/2000/christina-model_1308_300px.jpg",300,561,img element,0.53
"https://fapello.com/content/c/h/christina-model/2000/christina-model_1307_300px.jpg",300,583,img element,0.51
"https://fapello.com/content/c/h/christina-model/2000/christina-model_1306_300px.jpg",300,552,img element,0.54
"https://fapello.com/content/c/h/christina-model/2000/christina-model_1305_300px.jpg",300,400,img element,0.75
"https://fapello.com/content/c/h/christina-model/2000/christina-model_1304_300px.jpg",300,400,img element,0.75
"https://fapello.com/content/c/h/christina-model/2000/christina-model_1303_300px.jpg",300,300,img element,1.00
"https://fapello.com/content/c/h/christina-model/2000/christina-model_1302_300px.jpg",300,536,img element,0.56
"https://fapello.com/content/c/h/christina-model/2000/christina-model_1301_300px.jpg",300,571,img element,0.53
"https://fapello.com/content/c/h/christina-model/2000/christina-model_1300_300px.jpg",300,457,img element,0.66
"https://fapello.com/content/c/h/christina-model/2000/christina-model_1299_300px.jpg",300,457,img element,0.66
"https://fapello.com/content/c/h/christina-model/2000/christina-model_1298_300px.jpg",300,457,img element,0.66
"https://fapello.com/content/c/h/christina-model/2000/christina-model_1297_300px.jpg",300,457,img element,0.66
"https://fapello.com/content/c/h/christina-model/2000/christina-model_1296_300px.jpg",300,457,img element,0.66
"https://fapello.com/content/c/h/christina-model/2000/christina-model_1295_300px.jpg",300,457,img element,0.66
"https://fapello.com/content/c/h/christina-model/2000/christina-model_1294_300px.jpg",300,470,img element,0.64
"https://fapello.com/content/c/h/christina-model/2000/christina-model_1293_300px.jpg",300,457,img element,0.66
"https://fapello.com/content/c/h/christina-model/2000/christina-model_1292_300px.jpg",300,457,img element,0.66
"https://fapello.com/content/c/h/christina-model/2000/christina-model_1291_300px.jpg",300,457,img element,0.66
"https://fapello.com/content/c/h/christina-model/2000/christina-model_1290_300px.jpg",300,457,img element,0.66
"https://fapello.com/content/c/h/christina-model/2000/christina-model_1289_300px.jpg",457,300,img element,1.52
"https://fapello.com/content/c/h/christina-model/2000/christina-model_1288_300px.jpg",300,457,img element,0.66
"https://fapello.com/content/c/h/christina-model/2000/christina-model_1287_300px.jpg",300,457,img element,0.66
"https://fapello.com/content/c/h/christina-model/2000/christina-model_1286_300px.jpg",300,457,img element,0.66
"https://fapello.com/content/c/h/christina-model/2000/christina-model_1285_300px.jpg",300,457,img element,0.66
"https://fapello.com/content/c/h/christina-model/2000/christina-model_1284_300px.jpg",457,300,img element,1.52
"https://fapello.com/content/c/h/christina-model/2000/christina-model_1283_300px.jpg",300,457,img element,0.66
"https://fapello.com/content/c/h/christina-model/2000/christina-model_1282_300px.jpg",457,300,img element,1.52
"https://fapello.com/content/c/h/christina-model/2000/christina-model_1281_300px.jpg",300,457,img element,0.66
"https://fapello.com/content/c/h/christina-model/2000/christina-model_1280_300px.jpg",300,457,img element,0.66
"https://fapello.com/content/c/h/christina-model/2000/christina-model_1279_300px.jpg",300,457,img element,0.66
"https://fapello.com/content/c/h/christina-model/2000/christina-model_1278_300px.jpg",300,527,img element,0.57
"https://fapello.com/content/c/h/christina-model/2000/christina-model_1277_300px.jpg",300,503,img element,0.60
"https://fapello.com/content/c/h/christina-model/2000/christina-model_1276_300px.jpg",457,300,img element,1.52
"https://fapello.com/content/c/h/christina-model/2000/christina-model_1275_300px.jpg",457,300,img element,1.52
"https://fapello.com/content/c/h/christina-model/2000/christina-model_1274_300px.jpg",300,457,img element,0.66
"https://fapello.com/content/c/h/christina-model/2000/christina-model_1273_300px.jpg",300,457,img element,0.66
"https://fapello.com/content/c/h/christina-model/2000/christina-model_1272_300px.jpg",300,457,img element,0.66
"https://fapello.com/content/c/h/christina-model/2000/christina-model_1271_300px.jpg",300,457,img element,0.66
"https://fapello.com/content/c/h/christina-model/2000/christina-model_1270_300px.jpg",457,300,img element,1.52
"https://fapello.com/content/c/h/christina-model/2000/christina-model_1269_300px.jpg",300,375,img element,0.80
"https://fapello.com/content/c/h/christina-model/2000/christina-model_1268_300px.jpg",300,375,img element,0.80
"https://fapello.com/content/c/h/christina-model/2000/christina-model_1267_300px.jpg",300,375,img element,0.80
"https://fapello.com/content/c/h/christina-model/2000/christina-model_1266_300px.jpg",300,375,img element,0.80
"https://fapello.com/content/c/h/christina-model/2000/christina-model_1265_300px.jpg",300,375,img element,0.80
"https://fapello.com/content/c/h/christina-model/2000/christina-model_1264_300px.jpg",300,375,img element,0.80
"https://fapello.com/content/c/h/christina-model/2000/christina-model_1263_300px.jpg",300,375,img element,0.80
"https://fapello.com/content/c/h/christina-model/2000/christina-model_1262_300px.jpg",300,375,img element,0.80
"https://fapello.com/content/c/h/christina-model/2000/christina-model_1261_300px.jpg",300,375,img element,0.80
"https://fapello.com/content/c/h/christina-model/2000/christina-model_1260_300px.jpg",300,375,img element,0.80
"https://fapello.com/content/c/h/christina-model/2000/christina-model_1259_300px.jpg",458,300,img element,1.53
"https://fapello.com/content/c/h/christina-model/2000/christina-model_1258_300px.jpg",458,300,img element,1.53
"https://fapello.com/content/c/h/christina-model/2000/christina-model_1257_300px.jpg",457,300,img element,1.52
"https://fapello.com/content/c/h/christina-model/2000/christina-model_1256_300px.jpg",458,300,img element,1.53
"https://fapello.com/content/c/h/christina-model/2000/christina-model_1255_300px.jpg",458,300,img element,1.53
"https://fapello.com/content/c/h/christina-model/2000/christina-model_1254_300px.jpg",458,300,img element,1.53
"https://fapello.com/content/c/h/christina-model/2000/christina-model_1253_300px.jpg",458,300,img element,1.53
"https://fapello.com/content/c/h/christina-model/2000/christina-model_1252_300px.jpg",458,300,img element,1.53
"https://fapello.com/content/c/h/christina-model/2000/christina-model_1251_300px.jpg",458,300,img element,1.53
"https://fapello.com/content/c/h/christina-model/2000/christina-model_1250_300px.jpg",300,375,img element,0.80
"https://fapello.com/content/c/h/christina-model/2000/christina-model_1249_300px.jpg",300,375,img element,0.80
"https://fapello.com/content/c/h/christina-model/2000/christina-model_1248_300px.jpg",300,375,img element,0.80
"https://fapello.com/content/c/h/christina-model/2000/christina-model_1247_300px.jpg",300,375,img element,0.80
"https://fapello.com/content/c/h/christina-model/2000/christina-model_1246_300px.jpg",300,375,img element,0.80
"https://fapello.com/content/c/h/christina-model/2000/christina-model_1245_300px.jpg",300,375,img element,0.80
"https://fapello.com/content/c/h/christina-model/2000/christina-model_1244_300px.jpg",300,375,img element,0.80
"https://fapello.com/content/c/h/christina-model/2000/christina-model_1243_300px.jpg",300,375,img element,0.80
"https://fapello.com/content/c/h/christina-model/2000/christina-model_1242_300px.jpg",300,375,img element,0.80
"https://fapello.com/content/c/h/christina-model/2000/christina-model_1241_300px.jpg",300,457,img element,0.66
"https://fapello.com/content/c/h/christina-model/2000/christina-model_1240_300px.jpg",300,457,img element,0.66
"https://fapello.com/content/c/h/christina-model/2000/christina-model_1239_300px.jpg",300,457,img element,0.66
"https://fapello.com/content/c/h/christina-model/2000/christina-model_1238_300px.jpg",300,457,img element,0.66
"https://fapello.com/content/c/h/christina-model/2000/christina-model_1237_300px.jpg",300,457,img element,0.66
"https://fapello.com/content/c/h/christina-model/2000/christina-model_1236_300px.jpg",300,457,img element,0.66
"https://fapello.com/content/c/h/christina-model/2000/christina-model_1235_300px.jpg",300,457,img element,0.66
"https://fapello.com/content/c/h/christina-model/2000/christina-model_1234_300px.jpg",300,457,img element,0.66
"https://fapello.com/content/c/h/christina-model/2000/christina-model_1233_300px.jpg",300,457,img element,0.66
"https://fapello.com/content/c/h/christina-model/2000/christina-model_1232_300px.jpg",300,457,img element,0.66
"https://fapello.com/content/c/h/christina-model/2000/christina-model_1231_300px.jpg",300,457,img element,0.66
"https://fapello.com/content/c/h/christina-model/2000/christina-model_1230_300px.jpg",457,300,img element,1.52
"https://fapello.com/content/c/h/christina-model/2000/christina-model_1229_300px.jpg",300,457,img element,0.66
"https://fapello.com/content/c/h/christina-model/2000/christina-model_1228_300px.jpg",300,457,img element,0.66
"https://fapello.com/content/c/h/christina-model/2000/christina-model_1227_300px.jpg",300,457,img element,0.66
"https://fapello.com/content/c/h/christina-model/2000/christina-model_1226_300px.jpg",300,457,img element,0.66
"https://fapello.com/content/c/h/christina-model/2000/christina-model_1225_300px.jpg",300,457,img element,0.66
"https://fapello.com/content/c/h/christina-model/2000/christina-model_1224_300px.jpg",300,457,img element,0.66
"https://fapello.com/content/c/h/christina-model/2000/christina-model_1223_300px.jpg",300,457,img element,0.66
"https://fapello.com/content/c/h/christina-model/2000/christina-model_1222_300px.jpg",300,457,img element,0.66
"https://fapello.com/content/c/h/christina-model/2000/christina-model_1221_300px.jpg",300,457,img element,0.66
"https://fapello.com/content/c/h/christina-model/2000/christina-model_1220_300px.jpg",300,457,img element,0.66
"https://fapello.com/content/c/h/christina-model/2000/christina-model_1219_300px.jpg",300,457,img element,0.66
"https://fapello.com/content/c/h/christina-model/2000/christina-model_1218_300px.jpg",300,457,img element,0.66
"https://fapello.com/content/c/h/christina-model/2000/christina-model_1217_300px.jpg",533,300,img element,1.78
"https://fapello.com/content/c/h/christina-model/2000/christina-model_1216_300px.jpg",579,300,img element,1.93
"https://fapello.com/content/c/h/christina-model/2000/christina-model_1215_300px.jpg",570,300,img element,1.90
"https://fapello.com/content/c/h/christina-model/2000/christina-model_1214_300px.jpg",300,457,img element,0.66
"https://fapello.com/content/c/h/christina-model/2000/christina-model_1213_300px.jpg",300,457,img element,0.66
"https://fapello.com/content/c/h/christina-model/2000/christina-model_1212_300px.jpg",300,457,img element,0.66
"https://fapello.com/content/c/h/christina-model/2000/christina-model_1211_300px.jpg",300,457,img element,0.66
"https://fapello.com/content/c/h/christina-model/2000/christina-model_1210_300px.jpg",300,457,img element,0.66
"https://fapello.com/content/c/h/christina-model/2000/christina-model_1209_300px.jpg",300,457,img element,0.66
"https://fapello.com/content/c/h/christina-model/2000/christina-model_1208_300px.jpg",300,457,img element,0.66
"https://fapello.com/content/c/h/christina-model/2000/christina-model_1207_300px.jpg",300,457,img element,0.66
"https://fapello.com/content/c/h/christina-model/2000/christina-model_1206_300px.jpg",300,457,img element,0.66
"https://fapello.com/content/c/h/christina-model/2000/christina-model_1205_300px.jpg",300,457,img element,0.66
"https://fapello.com/content/c/h/christina-model/2000/christina-model_1204_300px.jpg",300,457,img element,0.66
"https://fapello.com/content/c/h/christina-model/2000/christina-model_1203_300px.jpg",300,457,img element,0.66
"https://fapello.com/content/c/h/christina-model/2000/christina-model_1202_300px.jpg",300,457,img element,0.66
"https://fapello.com/content/c/h/christina-model/2000/christina-model_1201_300px.jpg",300,457,img element,0.66
"https://fapello.com/content/c/h/christina-model/2000/christina-model_1200_300px.jpg",300,457,img element,0.66
"https://fapello.com/content/c/h/christina-model/2000/christina-model_1199_300px.jpg",300,457,img element,0.66
"https://fapello.com/content/c/h/christina-model/2000/christina-model_1198_300px.jpg",300,457,img element,0.66
"https://fapello.com/content/c/h/christina-model/2000/christina-model_1197_300px.jpg",300,457,img element,0.66
"https://fapello.com/content/c/h/christina-model/2000/christina-model_1196_300px.jpg",457,300,img element,1.52
"https://fapello.com/content/c/h/christina-model/2000/christina-model_1195_300px.jpg",300,457,img element,0.66
"https://fapello.com/content/c/h/christina-model/2000/christina-model_1194_300px.jpg",300,457,img element,0.66
"https://fapello.com/content/c/h/christina-model/2000/christina-model_1193_300px.jpg",300,457,img element,0.66
"https://fapello.com/content/c/h/christina-model/2000/christina-model_1192_300px.jpg",300,457,img element,0.66
"https://fapello.com/content/c/h/christina-model/2000/christina-model_1191_300px.jpg",300,457,img element,0.66
"https://fapello.com/content/c/h/christina-model/2000/christina-model_1190_300px.jpg",300,457,img element,0.66
"https://fapello.com/content/c/h/christina-model/2000/christina-model_1189_300px.jpg",300,457,img element,0.66
"https://fapello.com/content/c/h/christina-model/2000/christina-model_1188_300px.jpg",300,457,img element,0.66
"https://fapello.com/content/c/h/christina-model/2000/christina-model_1187_300px.jpg",457,300,img element,1.52
"https://fapello.com/content/c/h/christina-model/2000/christina-model_1186_300px.jpg",300,457,img element,0.66
"https://fapello.com/content/c/h/christina-model/2000/christina-model_1185_300px.jpg",300,457,img element,0.66
"https://fapello.com/content/c/h/christina-model/2000/christina-model_1184_300px.jpg",300,457,img element,0.66
"https://fapello.com/content/c/h/christina-model/2000/christina-model_1183_300px.jpg",300,457,img element,0.66
"https://fapello.com/content/c/h/christina-model/2000/christina-model_1182_300px.jpg",300,457,img element,0.66
"https://fapello.com/content/c/h/christina-model/2000/christina-model_1181_300px.jpg",300,457,img element,0.66
"https://fapello.com/content/c/h/christina-model/2000/christina-model_1180_300px.jpg",457,300,img element,1.52
"https://fapello.com/content/c/h/christina-model/2000/christina-model_1179_300px.jpg",300,457,img element,0.66
"https://fapello.com/content/c/h/christina-model/2000/christina-model_1178_300px.jpg",300,457,img element,0.66
"https://fapello.com/content/c/h/christina-model/2000/christina-model_1177_300px.jpg",300,457,img element,0.66
"https://fapello.com/content/c/h/christina-model/2000/christina-model_1176_300px.jpg",300,457,img element,0.66
"https://fapello.com/content/c/h/christina-model/2000/christina-model_1175_300px.jpg",300,457,img element,0.66
"https://fapello.com/content/c/h/christina-model/2000/christina-model_1174_300px.jpg",300,457,img element,0.66
"https://fapello.com/content/c/h/christina-model/2000/christina-model_1173_300px.jpg",300,457,img element,0.66
"https://fapello.com/content/c/h/christina-model/2000/christina-model_1172_300px.jpg",300,457,img element,0.66
"https://fapello.com/content/c/h/christina-model/2000/christina-model_1171_300px.jpg",300,457,img element,0.66
"https://fapello.com/content/c/h/christina-model/2000/christina-model_1170_300px.jpg",300,457,img element,0.66
"https://fapello.com/content/c/h/christina-model/2000/christina-model_1169_300px.jpg",300,457,img element,0.66
"https://fapello.com/content/c/h/christina-model/2000/christina-model_1168_300px.jpg",300,457,img element,0.66
"https://fapello.com/content/c/h/christina-model/2000/christina-model_1167_300px.jpg",300,457,img element,0.66
"https://fapello.com/content/c/h/christina-model/2000/christina-model_1166_300px.jpg",300,457,img element,0.66
"https://fapello.com/content/c/h/christina-model/2000/christina-model_1165_300px.jpg",300,457,img element,0.66
"https://fapello.com/content/c/h/christina-model/2000/christina-model_1164_300px.jpg",300,457,img element,0.66
"https://fapello.com/content/c/h/christina-model/2000/christina-model_1163_300px.jpg",300,457,img element,0.66
"https://fapello.com/content/c/h/christina-model/2000/christina-model_1162_300px.jpg",300,400,img element,0.75
"https://fapello.com/content/c/h/christina-model/2000/christina-model_1161_300px.jpg",300,400,img element,0.75
"https://fapello.com/content/c/h/christina-model/2000/christina-model_1160_300px.jpg",300,400,img element,0.75
"https://fapello.com/content/c/h/christina-model/2000/christina-model_1159_300px.jpg",300,400,img element,0.75
"https://fapello.com/content/c/h/christina-model/2000/christina-model_1158_300px.jpg",300,400,img element,0.75
"https://fapello.com/content/c/h/christina-model/2000/christina-model_1157_300px.jpg",300,400,img element,0.75
"https://fapello.com/content/c/h/christina-model/2000/christina-model_1156_300px.jpg",300,400,img element,0.75
"https://fapello.com/content/c/h/christina-model/2000/christina-model_1155_300px.jpg",300,400,img element,0.75
"https://fapello.com/content/c/h/christina-model/2000/christina-model_1154_300px.jpg",300,400,img element,0.75
"https://fapello.com/content/c/h/christina-model/2000/christina-model_1153_300px.jpg",400,300,img element,1.33
"https://fapello.com/content/c/h/christina-model/2000/christina-model_1152_300px.jpg",300,400,img element,0.75
"https://fapello.com/content/c/h/christina-model/2000/christina-model_1151_300px.jpg",300,400,img element,0.75
"https://fapello.com/content/c/h/christina-model/2000/christina-model_1150_300px.jpg",300,400,img element,0.75
"https://fapello.com/content/c/h/christina-model/2000/christina-model_1149_300px.jpg",300,400,img element,0.75
"https://fapello.com/content/c/h/christina-model/2000/christina-model_1148_300px.jpg",300,400,img element,0.75
"https://fapello.com/content/c/h/christina-model/2000/christina-model_1147_300px.jpg",300,400,img element,0.75
"https://fapello.com/content/c/h/christina-model/2000/christina-model_1146_300px.jpg",300,400,img element,0.75
"https://fapello.com/content/c/h/christina-model/2000/christina-model_1145_300px.jpg",300,400,img element,0.75
"https://fapello.com/content/c/h/christina-model/2000/christina-model_1144_300px.jpg",300,400,img element,0.75
"https://fapello.com/content/c/h/christina-model/2000/christina-model_1143_300px.jpg",300,400,img element,0.75
"https://fapello.com/content/c/h/christina-model/2000/christina-model_1142_300px.jpg",300,400,img element,0.75
"https://fapello.com/content/c/h/christina-model/2000/christina-model_1141_300px.jpg",300,400,img element,0.75
"https://fapello.com/content/c/h/christina-model/2000/christina-model_1140_300px.jpg",300,400,img element,0.75
"https://fapello.com/content/c/h/christina-model/2000/christina-model_1139_300px.jpg",300,457,img element,0.66
"https://fapello.com/content/c/h/christina-model/2000/christina-model_1138_300px.jpg",300,457,img element,0.66
"https://fapello.com/content/c/h/christina-model/2000/christina-model_1137_300px.jpg",300,457,img element,0.66
"https://fapello.com/content/c/h/christina-model/2000/christina-model_1136_300px.jpg",300,457,img element,0.66
"https://fapello.com/content/c/h/christina-model/2000/christina-model_1135_300px.jpg",300,457,img element,0.66
"https://fapello.com/content/c/h/christina-model/2000/christina-model_1134_300px.jpg",457,300,img element,1.52
"https://fapello.com/content/c/h/christina-model/2000/christina-model_1133_300px.jpg",457,300,img element,1.52
"https://fapello.com/content/c/h/christina-model/2000/christina-model_1132_300px.jpg",300,457,img element,0.66
"https://fapello.com/content/c/h/christina-model/2000/christina-model_1131_300px.jpg",300,457,img element,0.66
"https://fapello.com/content/c/h/christina-model/2000/christina-model_1130_300px.jpg",300,457,img element,0.66
"https://fapello.com/content/c/h/christina-model/2000/christina-model_1129_300px.jpg",300,457,img element,0.66
"https://fapello.com/content/c/h/christina-model/2000/christina-model_1128_300px.jpg",300,457,img element,0.66
"https://fapello.com/content/c/h/christina-model/2000/christina-model_1127_300px.jpg",300,457,img element,0.66
"https://fapello.com/content/c/h/christina-model/2000/christina-model_1126_300px.jpg",300,457,img element,0.66
"https://fapello.com/content/c/h/christina-model/2000/christina-model_1125_300px.jpg",300,457,img element,0.66
"https://fapello.com/content/c/h/christina-model/2000/christina-model_1124_300px.jpg",300,457,img element,0.66
"https://fapello.com/content/c/h/christina-model/2000/christina-model_1123_300px.jpg",300,457,img element,0.66
"https://fapello.com/content/c/h/christina-model/2000/christina-model_1122_300px.jpg",300,457,img element,0.66
"https://fapello.com/content/c/h/christina-model/2000/christina-model_1121_300px.jpg",300,457,img element,0.66
"https://fapello.com/content/c/h/christina-model/2000/christina-model_1120_300px.jpg",300,457,img element,0.66
"https://fapello.com/content/c/h/christina-model/2000/christina-model_1119_300px.jpg",300,457,img element,0.66
"https://fapello.com/content/c/h/christina-model/2000/christina-model_1118_300px.jpg",300,457,img element,0.66
"https://fapello.com/content/c/h/christina-model/2000/christina-model_1117_300px.jpg",300,457,img element,0.66
"https://fapello.com/content/c/h/christina-model/2000/christina-model_1116_300px.jpg",300,457,img element,0.66
"https://fapello.com/content/c/h/christina-model/2000/christina-model_1115_300px.jpg",300,457,img element,0.66
"https://fapello.com/content/c/h/christina-model/2000/christina-model_1114_300px.jpg",457,300,img element,1.52
"https://fapello.com/content/c/h/christina-model/2000/christina-model_1113_300px.jpg",300,457,img element,0.66
"https://fapello.com/content/c/h/christina-model/2000/christina-model_1112_300px.jpg",300,457,img element,0.66
"https://fapello.com/content/c/h/christina-model/2000/christina-model_1111_300px.jpg",300,457,img element,0.66
"https://fapello.com/content/c/h/christina-model/2000/christina-model_1110_300px.jpg",300,457,img element,0.66
"https://fapello.com/content/c/h/christina-model/2000/christina-model_1109_300px.jpg",300,457,img element,0.66
"https://fapello.com/content/c/h/christina-model/2000/christina-model_1108_300px.jpg",300,457,img element,0.66
"https://fapello.com/content/c/h/christina-model/2000/christina-model_1107_300px.jpg",300,457,img element,0.66
"https://fapello.com/content/c/h/christina-model/2000/christina-model_1106_300px.jpg",300,457,img element,0.66
"https://fapello.com/content/c/h/christina-model/2000/christina-model_1105_300px.jpg",300,457,img element,0.66
"https://fapello.com/content/c/h/christina-model/2000/christina-model_1104_300px.jpg",300,457,img element,0.66
"https://fapello.com/content/c/h/christina-model/2000/christina-model_1103_300px.jpg",300,457,img element,0.66
"https://fapello.com/content/c/h/christina-model/2000/christina-model_1102_300px.jpg",300,457,img element,0.66
"https://fapello.com/content/c/h/christina-model/2000/christina-model_1101_300px.jpg",300,457,img element,0.66
"https://fapello.com/content/c/h/christina-model/2000/christina-model_1100_300px.jpg",457,300,img element,1.52
"https://fapello.com/content/c/h/christina-model/2000/christina-model_1099_300px.jpg",457,300,img element,1.52
"https://fapello.com/content/c/h/christina-model/2000/christina-model_1098_300px.jpg",300,457,img element,0.66
"https://fapello.com/content/c/h/christina-model/2000/christina-model_1097_300px.jpg",457,300,img element,1.52
"https://fapello.com/content/c/h/christina-model/2000/christina-model_1096_300px.jpg",457,300,img element,1.52
"https://fapello.com/content/c/h/christina-model/2000/christina-model_1095_300px.jpg",300,457,img element,0.66
"https://fapello.com/content/c/h/christina-model/2000/christina-model_1094_300px.jpg",300,457,img element,0.66
"https://fapello.com/content/c/h/christina-model/2000/christina-model_1093_300px.jpg",300,457,img element,0.66
"https://fapello.com/content/c/h/christina-model/2000/christina-model_1092_300px.jpg",300,457,img element,0.66
"https://fapello.com/content/c/h/christina-model/2000/christina-model_1091_300px.jpg",300,457,img element,0.66
"https://fapello.com/content/c/h/christina-model/2000/christina-model_1090_300px.jpg",300,457,img element,0.66
"https://fapello.com/content/c/h/christina-model/2000/christina-model_1089_300px.jpg",300,457,img element,0.66
"https://fapello.com/content/c/h/christina-model/2000/christina-model_1088_300px.jpg",300,457,img element,0.66
"https://fapello.com/content/c/h/christina-model/2000/christina-model_1087_300px.jpg",300,457,img element,0.66
"https://fapello.com/content/c/h/christina-model/2000/christina-model_1086_300px.jpg",300,457,img element,0.66
"https://fapello.com/content/c/h/christina-model/2000/christina-model_1085_300px.jpg",300,457,img element,0.66
"https://fapello.com/content/c/h/christina-model/2000/christina-model_1084_300px.jpg",300,457,img element,0.66
"https://fapello.com/content/c/h/christina-model/2000/christina-model_1083_300px.jpg",300,457,img element,0.66
"https://fapello.com/content/c/h/christina-model/2000/christina-model_1082_300px.jpg",300,457,img element,0.66
"https://fapello.com/content/c/h/christina-model/2000/christina-model_1081_300px.jpg",300,457,img element,0.66
"https://fapello.com/content/c/h/christina-model/2000/christina-model_1080_300px.jpg",300,457,img element,0.66
"https://fapello.com/content/c/h/christina-model/2000/christina-model_1079_300px.jpg",300,457,img element,0.66
"https://fapello.com/content/c/h/christina-model/2000/christina-model_1078_300px.jpg",300,457,img element,0.66
"https://fapello.com/content/c/h/christina-model/2000/christina-model_1077_300px.jpg",300,457,img element,0.66
"https://fapello.com/content/c/h/christina-model/2000/christina-model_1076_300px.jpg",300,457,img element,0.66
"https://fapello.com/content/c/h/christina-model/2000/christina-model_1075_300px.jpg",300,457,img element,0.66
"https://fapello.com/content/c/h/christina-model/2000/christina-model_1074_300px.jpg",300,457,img element,0.66
"https://fapello.com/content/c/h/christina-model/2000/christina-model_1073_300px.jpg",300,457,img element,0.66
"https://fapello.com/content/c/h/christina-model/2000/christina-model_1072_300px.jpg",300,457,img element,0.66
"https://fapello.com/content/c/h/christina-model/2000/christina-model_1071_300px.jpg",300,457,img element,0.66
"https://fapello.com/content/c/h/christina-model/2000/christina-model_1070_300px.jpg",300,457,img element,0.66
"https://fapello.com/content/c/h/christina-model/2000/christina-model_1069_300px.jpg",300,457,img element,0.66
"https://fapello.com/content/c/h/christina-model/2000/christina-model_1068_300px.jpg",300,457,img element,0.66
"https://fapello.com/content/c/h/christina-model/2000/christina-model_1067_300px.jpg",300,457,img element,0.66
"https://fapello.com/content/c/h/christina-model/2000/christina-model_1066_300px.jpg",300,457,img element,0.66
"https://fapello.com/content/c/h/christina-model/2000/christina-model_1065_300px.jpg",300,457,img element,0.66
"https://fapello.com/content/c/h/christina-model/2000/christina-model_1064_300px.jpg",388,300,img element,1.29
"https://fapello.com/content/c/h/christina-model/2000/christina-model_1063_300px.jpg",421,300,img element,1.40
"https://fapello.com/content/c/h/christina-model/2000/christina-model_1062_300px.jpg",421,300,img element,1.40
"https://fapello.com/content/c/h/christina-model/2000/christina-model_1061_300px.jpg",300,512,img element,0.59
"https://fapello.com/content/c/h/christina-model/2000/christina-model_1060_300px.jpg",300,512,img element,0.59
"https://fapello.com/content/c/h/christina-model/2000/christina-model_1059_300px.jpg",421,300,img element,1.40
"https://fapello.com/content/c/h/christina-model/2000/christina-model_1058_300px.jpg",300,313,img element,0.96
"https://fapello.com/content/c/h/christina-model/2000/christina-model_1057_300px.jpg",300,447,img element,0.67
"https://fapello.com/content/c/h/christina-model/2000/christina-model_1056_300px.jpg",300,447,img element,0.67
"https://fapello.com/content/c/h/christina-model/2000/christina-model_1055_300px.jpg",300,447,img element,0.67
"https://fapello.com/content/c/h/christina-model/2000/christina-model_1054_300px.jpg",300,447,img element,0.67
"https://fapello.com/content/c/h/christina-model/2000/christina-model_1053_300px.jpg",391,300,img element,1.30
"https://fapello.com/content/c/h/christina-model/2000/christina-model_1052_300px.jpg",533,300,img element,1.78
"https://fapello.com/content/c/h/christina-model/2000/christina-model_1051_300px.jpg",533,300,img element,1.78
"https://fapello.com/content/c/h/christina-model/2000/christina-model_1050_300px.jpg",533,300,img element,1.78
"https://fapello.com/content/c/h/christina-model/2000/christina-model_1049_300px.jpg",533,300,img element,1.78
"https://fapello.com/content/c/h/christina-model/2000/christina-model_1048_300px.jpg",542,300,img element,1.81
"https://fapello.com/content/c/h/christina-model/2000/christina-model_1047_300px.jpg",300,447,img element,0.67
"https://fapello.com/content/c/h/christina-model/2000/christina-model_1046_300px.jpg",300,457,img element,0.66
"https://fapello.com/content/c/h/christina-model/2000/christina-model_1045_300px.jpg",300,457,img element,0.66
"https://fapello.com/content/c/h/christina-model/2000/christina-model_1044_300px.jpg",300,457,img element,0.66
"https://fapello.com/content/c/h/christina-model/2000/christina-model_1043_300px.jpg",300,457,img element,0.66
"https://fapello.com/content/c/h/christina-model/2000/christina-model_1042_300px.jpg",300,457,img element,0.66
"https://fapello.com/content/c/h/christina-model/2000/christina-model_1041_300px.jpg",300,457,img element,0.66
"https://fapello.com/content/c/h/christina-model/2000/christina-model_1040_300px.jpg",300,457,img element,0.66
"https://fapello.com/content/c/h/christina-model/2000/christina-model_1039_300px.jpg",300,457,img element,0.66
"https://fapello.com/content/c/h/christina-model/2000/christina-model_1038_300px.jpg",300,457,img element,0.66
"https://fapello.com/content/c/h/christina-model/2000/christina-model_1037_300px.jpg",457,300,img element,1.52
"https://fapello.com/content/c/h/christina-model/2000/christina-model_1036_300px.jpg",457,300,img element,1.52
"https://fapello.com/content/c/h/christina-model/2000/christina-model_1035_300px.jpg",300,457,img element,0.66
"https://fapello.com/content/c/h/christina-model/2000/christina-model_1034_300px.jpg",457,300,img element,1.52
"https://fapello.com/content/c/h/christina-model/2000/christina-model_1033_300px.jpg",457,300,img element,1.52
"https://fapello.com/content/c/h/christina-model/2000/christina-model_1032_300px.jpg",457,300,img element,1.52
"https://fapello.com/content/c/h/christina-model/2000/christina-model_1031_300px.jpg",457,300,img element,1.52
"https://fapello.com/content/c/h/christina-model/2000/christina-model_1030_300px.jpg",300,457,img element,0.66
"https://fapello.com/content/c/h/christina-model/2000/christina-model_1029_300px.jpg",300,457,img element,0.66
"https://fapello.com/content/c/h/christina-model/2000/christina-model_1028_300px.jpg",457,300,img element,1.52
"https://fapello.com/content/c/h/christina-model/2000/christina-model_1027_300px.jpg",300,342,img element,0.88
"https://fapello.com/content/c/h/christina-model/2000/christina-model_1026_300px.jpg",300,457,img element,0.66
"https://fapello.com/content/c/h/christina-model/2000/christina-model_1025_300px.jpg",300,457,img element,0.66
"https://fapello.com/content/c/h/christina-model/2000/christina-model_1024_300px.jpg",300,457,img element,0.66
"https://fapello.com/content/c/h/christina-model/2000/christina-model_1023_300px.jpg",300,457,img element,0.66
"https://fapello.com/content/c/h/christina-model/2000/christina-model_1022_300px.jpg",300,457,img element,0.66
"https://fapello.com/content/c/h/christina-model/2000/christina-model_1021_300px.jpg",300,457,img element,0.66
"https://fapello.com/content/c/h/christina-model/2000/christina-model_1020_300px.jpg",300,447,img element,0.67
"https://fapello.com/content/c/h/christina-model/2000/christina-model_1019_300px.jpg",447,300,img element,1.49
"https://fapello.com/content/c/h/christina-model/2000/christina-model_1018_300px.jpg",447,300,img element,1.49
"https://fapello.com/content/c/h/christina-model/2000/christina-model_1017_300px.jpg",300,447,img element,0.67
"https://fapello.com/content/c/h/christina-model/2000/christina-model_1016_300px.jpg",300,447,img element,0.67
"https://fapello.com/content/c/h/christina-model/2000/christina-model_1015_300px.jpg",300,457,img element,0.66
"https://fapello.com/content/c/h/christina-model/2000/christina-model_1014_300px.jpg",300,457,img element,0.66
"https://fapello.com/content/c/h/christina-model/2000/christina-model_1013_300px.jpg",300,457,img element,0.66
"https://fapello.com/content/c/h/christina-model/2000/christina-model_1012_300px.jpg",457,300,img element,1.52
"https://fapello.com/content/c/h/christina-model/2000/christina-model_1011_300px.jpg",300,457,img element,0.66
"https://fapello.com/content/c/h/christina-model/2000/christina-model_1010_300px.jpg",300,457,img element,0.66
"https://fapello.com/content/c/h/christina-model/2000/christina-model_1009_300px.jpg",300,457,img element,0.66
"https://fapello.com/content/c/h/christina-model/2000/christina-model_1008_300px.jpg",300,549,img element,0.55
"https://fapello.com/content/c/h/christina-model/2000/christina-model_1007_300px.jpg",300,549,img element,0.55
"https://fapello.com/content/c/h/christina-model/2000/christina-model_1006_300px.jpg",300,549,img element,0.55
"https://fapello.com/content/c/h/christina-model/2000/christina-model_1005_300px.jpg",300,457,img element,0.66
"https://fapello.com/content/c/h/christina-model/2000/christina-model_1004_300px.jpg",300,457,img element,0.66
"https://fapello.com/content/c/h/christina-model/2000/christina-model_1003_300px.jpg",457,300,img element,1.52
"https://fapello.com/content/c/h/christina-model/2000/christina-model_1002_300px.jpg",300,457,img element,0.66
"https://fapello.com/content/c/h/christina-model/2000/christina-model_1001_300px.jpg",300,457,img element,0.66
"https://fapello.com/content/c/h/christina-model/2000/christina-model_1000_300px.jpg",300,457,img element,0.66
"https://fapello.com/content/c/h/christina-model/1000/christina-model_0999_300px.jpg",300,457,img element,0.66
"https://fapello.com/content/c/h/christina-model/1000/christina-model_0998_300px.jpg",300,457,img element,0.66
"https://fapello.com/content/c/h/christina-model/1000/christina-model_0997_300px.jpg",300,457,img element,0.66
"https://fapello.com/content/c/h/christina-model/1000/christina-model_0996_300px.jpg",300,457,img element,0.66
"https://fapello.com/content/c/h/christina-model/1000/christina-model_0995_300px.jpg",300,457,img element,0.66
"https://fapello.com/content/c/h/christina-model/1000/christina-model_0994_300px.jpg",300,457,img element,0.66
"https://fapello.com/content/c/h/christina-model/1000/christina-model_0993_300px.jpg",300,457,img element,0.66
"https://fapello.com/content/c/h/christina-model/1000/christina-model_0992_300px.jpg",300,457,img element,0.66
"https://fapello.com/content/c/h/christina-model/1000/christina-model_0991_300px.jpg",300,457,img element,0.66
"https://fapello.com/content/c/h/christina-model/1000/christina-model_0990_300px.jpg",457,300,img element,1.52
"https://fapello.com/content/c/h/christina-model/1000/christina-model_0989_300px.jpg",457,300,img element,1.52
"https://fapello.com/content/c/h/christina-model/1000/christina-model_0988_300px.jpg",300,457,img element,0.66
"https://fapello.com/content/c/h/christina-model/1000/christina-model_0987_300px.jpg",300,457,img element,0.66
"https://fapello.com/content/c/h/christina-model/1000/christina-model_0986_300px.jpg",300,457,img element,0.66
"https://fapello.com/content/c/h/christina-model/1000/christina-model_0985_300px.jpg",300,457,img element,0.66
"https://fapello.com/content/c/h/christina-model/1000/christina-model_0984_300px.jpg",300,457,img element,0.66
"https://fapello.com/content/c/h/christina-model/1000/christina-model_0983_300px.jpg",300,457,img element,0.66
"https://fapello.com/content/c/h/christina-model/1000/christina-model_0982_300px.jpg",300,457,img element,0.66
"https://fapello.com/content/c/h/christina-model/1000/christina-model_0981_300px.jpg",300,448,img element,0.67
"https://fapello.com/content/c/h/christina-model/1000/christina-model_0980_300px.jpg",300,448,img element,0.67
"https://fapello.com/content/c/h/christina-model/1000/christina-model_0979_300px.jpg",300,448,img element,0.67
"https://fapello.com/content/c/h/christina-model/1000/christina-model_0978_300px.jpg",448,300,img element,1.49
"https://fapello.com/content/c/h/christina-model/1000/christina-model_0977_300px.jpg",457,300,img element,1.52
"https://fapello.com/content/c/h/christina-model/1000/christina-model_0976_300px.jpg",457,300,img element,1.52
"https://fapello.com/content/c/h/christina-model/1000/christina-model_0975_300px.jpg",300,457,img element,0.66
"https://fapello.com/content/c/h/christina-model/1000/christina-model_0974_300px.jpg",300,457,img element,0.66
"https://fapello.com/content/c/h/christina-model/1000/christina-model_0973_300px.jpg",300,457,img element,0.66
"https://fapello.com/content/c/h/christina-model/1000/christina-model_0972_300px.jpg",300,457,img element,0.66
"https://fapello.com/content/c/h/christina-model/1000/christina-model_0971_300px.jpg",300,457,img element,0.66
"https://fapello.com/content/c/h/christina-model/1000/christina-model_0970_300px.jpg",300,457,img element,0.66
"https://fapello.com/content/c/h/christina-model/1000/christina-model_0969_300px.jpg",300,457,img element,0.66
"https://fapello.com/content/c/h/christina-model/1000/christina-model_0968_300px.jpg",448,300,img element,1.49
"https://fapello.com/content/c/h/christina-model/1000/christina-model_0967_300px.jpg",300,457,img element,0.66
"https://fapello.com/content/c/h/christina-model/1000/christina-model_0966_300px.jpg",300,457,img element,0.66
"https://fapello.com/content/c/h/christina-model/1000/christina-model_0965_300px.jpg",300,457,img element,0.66
"https://fapello.com/content/c/h/christina-model/1000/christina-model_0964_300px.jpg",300,457,img element,0.66
"https://fapello.com/content/c/h/christina-model/1000/christina-model_0963_300px.jpg",300,457,img element,0.66
"https://fapello.com/content/c/h/christina-model/1000/christina-model_0962_300px.jpg",300,457,img element,0.66
"https://fapello.com/content/c/h/christina-model/1000/christina-model_0961_300px.jpg",300,457,img element,0.66
"https://fapello.com/content/c/h/christina-model/1000/christina-model_0960_300px.jpg",457,300,img element,1.52
"https://fapello.com/content/c/h/christina-model/1000/christina-model_0959_300px.jpg",300,457,img element,0.66
"https://fapello.com/content/c/h/christina-model/1000/christina-model_0958_300px.jpg",300,457,img element,0.66
"https://fapello.com/content/c/h/christina-model/1000/christina-model_0957_300px.jpg",300,457,img element,0.66
"https://fapello.com/content/c/h/christina-model/1000/christina-model_0956_300px.jpg",300,457,img element,0.66
"https://fapello.com/content/c/h/christina-model/1000/christina-model_0955_300px.jpg",300,457,img element,0.66
"https://fapello.com/content/c/h/christina-model/1000/christina-model_0954_300px.jpg",300,457,img element,0.66
"https://fapello.com/content/c/h/christina-model/1000/christina-model_0953_300px.jpg",300,457,img element,0.66
"https://fapello.com/content/c/h/christina-model/1000/christina-model_0952_300px.jpg",300,457,img element,0.66
"https://fapello.com/content/c/h/christina-model/1000/christina-model_0951_300px.jpg",300,457,img element,0.66
"https://fapello.com/content/c/h/christina-model/1000/christina-model_0950_300px.jpg",300,457,img element,0.66
"https://fapello.com/content/c/h/christina-model/1000/christina-model_0949_300px.jpg",300,457,img element,0.66
"https://fapello.com/content/c/h/christina-model/1000/christina-model_0948_300px.jpg",448,300,img element,1.49
"https://fapello.com/content/c/h/christina-model/1000/christina-model_0947_300px.jpg",300,448,img element,0.67
"https://fapello.com/content/c/h/christina-model/1000/christina-model_0946_300px.jpg",448,300,img element,1.49
"https://fapello.com/content/c/h/christina-model/1000/christina-model_0945_300px.jpg",448,300,img element,1.49
"https://fapello.com/content/c/h/christina-model/1000/christina-model_0944_300px.jpg",300,457,img element,0.66
"https://fapello.com/content/c/h/christina-model/1000/christina-model_0943_300px.jpg",300,457,img element,0.66
"https://fapello.com/content/c/h/christina-model/1000/christina-model_0942_300px.jpg",457,300,img element,1.52
"https://fapello.com/content/c/h/christina-model/1000/christina-model_0941_300px.jpg",457,300,img element,1.52
"https://fapello.com/content/c/h/christina-model/1000/christina-model_0940_300px.jpg",300,457,img element,0.66
"https://fapello.com/content/c/h/christina-model/1000/christina-model_0939_300px.jpg",300,457,img element,0.66
"https://fapello.com/content/c/h/christina-model/1000/christina-model_0938_300px.jpg",300,457,img element,0.66
"https://fapello.com/content/c/h/christina-model/1000/christina-model_0937_300px.jpg",300,457,img element,0.66
"https://fapello.com/content/c/h/christina-model/1000/christina-model_0936_300px.jpg",300,457,img element,0.66
"https://fapello.com/content/c/h/christina-model/1000/christina-model_0935_300px.jpg",300,457,img element,0.66
"https://fapello.com/content/c/h/christina-model/1000/christina-model_0934_300px.jpg",300,457,img element,0.66
"https://fapello.com/content/c/h/christina-model/1000/christina-model_0933_300px.jpg",457,300,img element,1.52
"https://fapello.com/content/c/h/christina-model/1000/christina-model_0932_300px.jpg",300,400,img element,0.75
"https://fapello.com/content/c/h/christina-model/1000/christina-model_0931_300px.jpg",892,300,img element,2.97
"https://fapello.com/content/c/h/christina-model/1000/christina-model_0930_300px.jpg",300,385,img element,0.78
"https://fapello.com/content/c/h/christina-model/1000/christina-model_0929_300px.jpg",300,400,img element,0.75
"https://fapello.com/content/c/h/christina-model/1000/christina-model_0928_300px.jpg",300,482,img element,0.62
"https://fapello.com/content/c/h/christina-model/1000/christina-model_0927_300px.jpg",533,300,img element,1.78
"https://fapello.com/content/c/h/christina-model/1000/christina-model_0926_300px.jpg",300,518,img element,0.58
"https://fapello.com/content/c/h/christina-model/1000/christina-model_0925_300px.jpg",300,333,img element,0.90
"https://fapello.com/content/c/h/christina-model/1000/christina-model_0924_300px.jpg",459,300,img element,1.53
"https://fapello.com/content/c/h/christina-model/1000/christina-model_0923_300px.jpg",300,457,img element,0.66
"https://fapello.com/content/c/h/christina-model/1000/christina-model_0922_300px.jpg",300,457,img element,0.66
"https://fapello.com/content/c/h/christina-model/1000/christina-model_0921_300px.jpg",300,457,img element,0.66
"https://fapello.com/content/c/h/christina-model/1000/christina-model_0920_300px.jpg",300,457,img element,0.66
"https://fapello.com/content/c/h/christina-model/1000/christina-model_0919_300px.jpg",300,457,img element,0.66
"https://fapello.com/content/c/h/christina-model/1000/christina-model_0918_300px.jpg",300,457,img element,0.66
"https://fapello.com/content/c/h/christina-model/1000/christina-model_0917_300px.jpg",300,457,img element,0.66
"https://fapello.com/content/c/h/christina-model/1000/christina-model_0916_300px.jpg",457,300,img element,1.52
"https://fapello.com/content/c/h/christina-model/1000/christina-model_0915_300px.jpg",300,457,img element,0.66
"https://fapello.com/content/c/h/christina-model/1000/christina-model_0914_300px.jpg",300,457,img element,0.66
"https://fapello.com/content/c/h/christina-model/1000/christina-model_0913_300px.jpg",457,300,img element,1.52
"https://fapello.com/content/c/h/christina-model/1000/christina-model_0912_300px.jpg",300,457,img element,0.66
"https://fapello.com/content/c/h/christina-model/1000/christina-model_0911_300px.jpg",300,457,img element,0.66
"https://fapello.com/content/c/h/christina-model/1000/christina-model_0910_300px.jpg",300,457,img element,0.66
"https://fapello.com/content/c/h/christina-model/1000/christina-model_0909_300px.jpg",300,457,img element,0.66
"https://fapello.com/content/c/h/christina-model/1000/christina-model_0908_300px.jpg",300,457,img element,0.66
"https://fapello.com/content/c/h/christina-model/1000/christina-model_0907_300px.jpg",300,457,img element,0.66
"https://fapello.com/content/c/h/christina-model/1000/christina-model_0906_300px.jpg",300,457,img element,0.66
"https://fapello.com/content/c/h/christina-model/1000/christina-model_0905_300px.jpg",300,457,img element,0.66
"https://fapello.com/content/c/h/christina-model/1000/christina-model_0904_300px.jpg",300,457,img element,0.66
"https://fapello.com/content/c/h/christina-model/1000/christina-model_0903_300px.jpg",300,457,img element,0.66
"https://fapello.com/content/c/h/christina-model/1000/christina-model_0902_300px.jpg",300,457,img element,0.66
"https://fapello.com/content/c/h/christina-model/1000/christina-model_0901_300px.jpg",300,457,img element,0.66
"https://fapello.com/content/c/h/christina-model/1000/christina-model_0900_300px.jpg",300,457,img element,0.66
"https://fapello.com/content/c/h/christina-model/1000/christina-model_0899_300px.jpg",300,457,img element,0.66
"https://fapello.com/content/c/h/christina-model/1000/christina-model_0898_300px.jpg",300,457,img element,0.66
"https://fapello.com/content/c/h/christina-model/1000/christina-model_0897_300px.jpg",300,457,img element,0.66
"https://fapello.com/content/c/h/christina-model/1000/christina-model_0896_300px.jpg",300,457,img element,0.66
"https://fapello.com/content/c/h/christina-model/1000/christina-model_0895_300px.jpg",300,457,img element,0.66
"https://fapello.com/content/c/h/christina-model/1000/christina-model_0894_300px.jpg",457,300,img element,1.52
"https://fapello.com/content/c/h/christina-model/1000/christina-model_0893_300px.jpg",300,457,img element,0.66
"https://fapello.com/content/c/h/christina-model/1000/christina-model_0892_300px.jpg",300,457,img element,0.66
"https://fapello.com/content/c/h/christina-model/1000/christina-model_0891_300px.jpg",300,457,img element,0.66
"https://fapello.com/content/c/h/christina-model/1000/christina-model_0890_300px.jpg",300,457,img element,0.66
"https://fapello.com/content/c/h/christina-model/1000/christina-model_0889_300px.jpg",300,457,img element,0.66
"https://fapello.com/content/c/h/christina-model/1000/christina-model_0888_300px.jpg",300,457,img element,0.66
"https://fapello.com/content/c/h/christina-model/1000/christina-model_0887_300px.jpg",300,457,img element,0.66
"https://fapello.com/content/c/h/christina-model/1000/christina-model_0886_300px.jpg",457,300,img element,1.52
"https://fapello.com/content/c/h/christina-model/1000/christina-model_0885_300px.jpg",457,300,img element,1.52
"https://fapello.com/content/c/h/christina-model/1000/christina-model_0884_300px.jpg",457,300,img element,1.52
"https://fapello.com/content/c/h/christina-model/1000/christina-model_0883_300px.jpg",300,457,img element,0.66
"https://fapello.com/content/c/h/christina-model/1000/christina-model_0882_300px.jpg",300,457,img element,0.66
"https://fapello.com/content/c/h/christina-model/1000/christina-model_0881_300px.jpg",300,457,img element,0.66
"https://fapello.com/content/c/h/christina-model/1000/christina-model_0880_300px.jpg",300,457,img element,0.66
"https://fapello.com/content/c/h/christina-model/1000/christina-model_0879_300px.jpg",300,457,img element,0.66
"https://fapello.com/content/c/h/christina-model/1000/christina-model_0878_300px.jpg",300,457,img element,0.66
"https://fapello.com/content/c/h/christina-model/1000/christina-model_0877_300px.jpg",300,457,img element,0.66
"https://fapello.com/content/c/h/christina-model/1000/christina-model_0876_300px.jpg",300,457,img element,0.66
"https://fapello.com/content/c/h/christina-model/1000/christina-model_0875_300px.jpg",457,300,img element,1.52
"https://fapello.com/content/c/h/christina-model/1000/christina-model_0874_300px.jpg",457,300,img element,1.52
"https://fapello.com/content/c/h/christina-model/1000/christina-model_0873_300px.jpg",300,457,img element,0.66
"https://fapello.com/content/c/h/christina-model/1000/christina-model_0872_300px.jpg",300,457,img element,0.66
"https://fapello.com/content/c/h/christina-model/1000/christina-model_0871_300px.jpg",300,457,img element,0.66
"https://fapello.com/content/c/h/christina-model/1000/christina-model_0870_300px.jpg",457,300,img element,1.52
"https://fapello.com/content/c/h/christina-model/1000/christina-model_0869_300px.jpg",457,300,img element,1.52
"https://fapello.com/content/c/h/christina-model/1000/christina-model_0868_300px.jpg",300,457,img element,0.66
"https://fapello.com/content/c/h/christina-model/1000/christina-model_0867_300px.jpg",300,457,img element,0.66
"https://fapello.com/content/c/h/christina-model/1000/christina-model_0866_300px.jpg",457,300,img element,1.52
"https://fapello.com/content/c/h/christina-model/1000/christina-model_0865_300px.jpg",300,457,img element,0.66
"https://fapello.com/content/c/h/christina-model/1000/christina-model_0864_300px.jpg",300,457,img element,0.66
"https://fapello.com/content/c/h/christina-model/1000/christina-model_0863_300px.jpg",300,457,img element,0.66
"https://fapello.com/content/c/h/christina-model/1000/christina-model_0862_300px.jpg",300,457,img element,0.66
"https://fapello.com/content/c/h/christina-model/1000/christina-model_0861_300px.jpg",300,457,img element,0.66
"https://fapello.com/content/c/h/christina-model/1000/christina-model_0860_300px.jpg",300,457,img element,0.66
"https://fapello.com/content/c/h/christina-model/1000/christina-model_0859_300px.jpg",300,457,img element,0.66
"https://fapello.com/content/c/h/christina-model/1000/christina-model_0858_300px.jpg",300,457,img element,0.66
"https://fapello.com/content/c/h/christina-model/1000/christina-model_0857_300px.jpg",300,457,img element,0.66
"https://fapello.com/content/c/h/christina-model/1000/christina-model_0856_300px.jpg",300,457,img element,0.66
"https://fapello.com/content/c/h/christina-model/1000/christina-model_0855_300px.jpg",300,457,img element,0.66
"https://fapello.com/content/c/h/christina-model/1000/christina-model_0854_300px.jpg",300,457,img element,0.66
"https://fapello.com/content/c/h/christina-model/1000/christina-model_0853_300px.jpg",300,457,img element,0.66
"https://fapello.com/content/c/h/christina-model/1000/christina-model_0852_300px.jpg",300,457,img element,0.66
"https://fapello.com/content/c/h/christina-model/1000/christina-model_0851_300px.jpg",300,457,img element,0.66
"https://fapello.com/content/c/h/christina-model/1000/christina-model_0850_300px.jpg",300,457,img element,0.66
"https://fapello.com/content/c/h/christina-model/1000/christina-model_0849_300px.jpg",300,457,img element,0.66
"https://fapello.com/content/c/h/christina-model/1000/christina-model_0848_300px.jpg",300,457,img element,0.66
"https://fapello.com/content/c/h/christina-model/1000/christina-model_0847_300px.jpg",300,457,img element,0.66
"https://fapello.com/content/c/h/christina-model/1000/christina-model_0846_300px.jpg",300,457,img element,0.66
"https://fapello.com/content/c/h/christina-model/1000/christina-model_0845_300px.jpg",457,300,img element,1.52
"https://fapello.com/content/c/h/christina-model/1000/christina-model_0844_300px.jpg",457,300,img element,1.52
"https://fapello.com/content/c/h/christina-model/1000/christina-model_0843_300px.jpg",457,300,img element,1.52
"https://fapello.com/content/c/h/christina-model/1000/christina-model_0842_300px.jpg",457,300,img element,1.52
"https://fapello.com/content/c/h/christina-model/1000/christina-model_0841_300px.jpg",300,457,img element,0.66
"https://fapello.com/content/c/h/christina-model/1000/christina-model_0840_300px.jpg",300,457,img element,0.66
"https://fapello.com/content/c/h/christina-model/1000/christina-model_0839_300px.jpg",300,457,img element,0.66
"https://fapello.com/content/c/h/christina-model/1000/christina-model_0838_300px.jpg",300,457,img element,0.66
"https://fapello.com/content/c/h/christina-model/1000/christina-model_0837_300px.jpg",300,457,img element,0.66
"https://fapello.com/content/c/h/christina-model/1000/christina-model_0836_300px.jpg",457,300,img element,1.52
"https://fapello.com/content/c/h/christina-model/1000/christina-model_0835_300px.jpg",457,300,img element,1.52
"https://fapello.com/content/c/h/christina-model/1000/christina-model_0834_300px.jpg",300,457,img element,0.66
"https://fapello.com/content/c/h/christina-model/1000/christina-model_0833_300px.jpg",457,300,img element,1.52
"https://fapello.com/content/c/h/christina-model/1000/christina-model_0832_300px.jpg",300,457,img element,0.66
"https://fapello.com/content/c/h/christina-model/1000/christina-model_0831_300px.jpg",457,300,img element,1.52
"https://fapello.com/content/c/h/christina-model/1000/christina-model_0830_300px.jpg",300,457,img element,0.66
"https://fapello.com/content/c/h/christina-model/1000/christina-model_0829_300px.jpg",457,300,img element,1.52
"https://fapello.com/content/c/h/christina-model/1000/christina-model_0828_300px.jpg",300,457,img element,0.66
"https://fapello.com/content/c/h/christina-model/1000/christina-model_0827_300px.jpg",300,457,img element,0.66
"https://fapello.com/content/c/h/christina-model/1000/christina-model_0826_300px.jpg",300,457,img element,0.66
"https://fapello.com/content/c/h/christina-model/1000/christina-model_0825_300px.jpg",457,300,img element,1.52
"https://fapello.com/content/c/h/christina-model/1000/christina-model_0824_300px.jpg",300,457,img element,0.66
"https://fapello.com/content/c/h/christina-model/1000/christina-model_0823_300px.jpg",300,457,img element,0.66
"https://fapello.com/content/c/h/christina-model/1000/christina-model_0822_300px.jpg",300,457,img element,0.66
"https://fapello.com/content/c/h/christina-model/1000/christina-model_0821_300px.jpg",300,457,img element,0.66
"https://fapello.com/content/c/h/christina-model/1000/christina-model_0820_300px.jpg",300,457,img element,0.66
"https://fapello.com/content/c/h/christina-model/1000/christina-model_0819_300px.jpg",300,457,img element,0.66
"https://fapello.com/content/c/h/christina-model/1000/christina-model_0818_300px.jpg",300,457,img element,0.66
"https://fapello.com/content/c/h/christina-model/1000/christina-model_0817_300px.jpg",300,457,img element,0.66
"https://fapello.com/content/c/h/christina-model/1000/christina-model_0816_300px.jpg",300,457,img element,0.66
"https://fapello.com/content/c/h/christina-model/1000/christina-model_0815_300px.jpg",300,457,img element,0.66
"https://fapello.com/content/c/h/christina-model/1000/christina-model_0814_300px.jpg",300,457,img element,0.66
"https://fapello.com/content/c/h/christina-model/1000/christina-model_0813_300px.jpg",300,457,img element,0.66
"https://fapello.com/content/c/h/christina-model/1000/christina-model_0812_300px.jpg",457,300,img element,1.52
"https://fapello.com/content/c/h/christina-model/1000/christina-model_0811_300px.jpg",457,300,img element,1.52
"https://fapello.com/content/c/h/christina-model/1000/christina-model_0810_300px.jpg",457,300,img element,1.52
"https://fapello.com/content/c/h/christina-model/1000/christina-model_0809_300px.jpg",457,300,img element,1.52
"https://fapello.com/content/c/h/christina-model/1000/christina-model_0808_300px.jpg",457,300,img element,1.52
"https://fapello.com/content/c/h/christina-model/1000/christina-model_0807_300px.jpg",300,457,img element,0.66
"https://fapello.com/content/c/h/christina-model/1000/christina-model_0806_300px.jpg",300,457,img element,0.66
"https://fapello.com/content/c/h/christina-model/1000/christina-model_0805_300px.jpg",457,300,img element,1.52
"https://fapello.com/content/c/h/christina-model/1000/christina-model_0804_300px.jpg",457,300,img element,1.52
"https://fapello.com/content/c/h/christina-model/1000/christina-model_0803_300px.jpg",457,300,img element,1.52
"https://fapello.com/content/c/h/christina-model/1000/christina-model_0802_300px.jpg",300,457,img element,0.66
"https://fapello.com/content/c/h/christina-model/1000/christina-model_0801_300px.jpg",300,457,img element,0.66
"https://fapello.com/content/c/h/christina-model/1000/christina-model_0800_300px.jpg",300,457,img element,0.66
"https://fapello.com/content/c/h/christina-model/1000/christina-model_0799_300px.jpg",300,457,img element,0.66
"https://fapello.com/content/c/h/christina-model/1000/christina-model_0798_300px.jpg",457,300,img element,1.52
"https://fapello.com/content/c/h/christina-model/1000/christina-model_0797_300px.jpg",457,300,img element,1.52
"https://fapello.com/content/c/h/christina-model/1000/christina-model_0796_300px.jpg",457,300,img element,1.52
"https://fapello.com/content/c/h/christina-model/1000/christina-model_0795_300px.jpg",457,300,img element,1.52
"https://fapello.com/content/c/h/christina-model/1000/christina-model_0794_300px.jpg",457,300,img element,1.52
"https://fapello.com/content/c/h/christina-model/1000/christina-model_0793_300px.jpg",457,300,img element,1.52
"https://fapello.com/content/c/h/christina-model/1000/christina-model_0792_300px.jpg",300,457,img element,0.66
"https://fapello.com/content/c/h/christina-model/1000/christina-model_0791_300px.jpg",300,457,img element,0.66
"https://fapello.com/content/c/h/christina-model/1000/christina-model_0790_300px.jpg",300,457,img element,0.66
"https://fapello.com/content/c/h/christina-model/1000/christina-model_0789_300px.jpg",457,300,img element,1.52
"https://fapello.com/content/c/h/christina-model/1000/christina-model_0788_300px.jpg",457,300,img element,1.52
"https://fapello.com/content/c/h/christina-model/1000/christina-model_0787_300px.jpg",300,457,img element,0.66
"https://fapello.com/content/c/h/christina-model/1000/christina-model_0786_300px.jpg",300,457,img element,0.66
"https://fapello.com/content/c/h/christina-model/1000/christina-model_0785_300px.jpg",457,300,img element,1.52
"https://fapello.com/content/c/h/christina-model/1000/christina-model_0784_300px.jpg",300,457,img element,0.66
"https://fapello.com/content/c/h/christina-model/1000/christina-model_0783_300px.jpg",300,457,img element,0.66
"https://fapello.com/content/c/h/christina-model/1000/christina-model_0782_300px.jpg",300,457,img element,0.66
"https://fapello.com/content/c/h/christina-model/1000/christina-model_0781_300px.jpg",300,457,img element,0.66
"https://fapello.com/content/c/h/christina-model/1000/christina-model_0780_300px.jpg",300,457,img element,0.66
"https://fapello.com/content/c/h/christina-model/1000/christina-model_0779_300px.jpg",300,457,img element,0.66
"https://fapello.com/content/c/h/christina-model/1000/christina-model_0778_300px.jpg",300,457,img element,0.66
"https://fapello.com/content/c/h/christina-model/1000/christina-model_0777_300px.jpg",300,457,img element,0.66
"https://fapello.com/content/c/h/christina-model/1000/christina-model_0776_300px.jpg",300,457,img element,0.66
"https://fapello.com/content/c/h/christina-model/1000/christina-model_0775_300px.jpg",300,457,img element,0.66
"https://fapello.com/content/c/h/christina-model/1000/christina-model_0774_300px.jpg",300,457,img element,0.66
"https://fapello.com/content/c/h/christina-model/1000/christina-model_0773_300px.jpg",458,300,img element,1.53
"https://fapello.com/content/c/h/christina-model/1000/christina-model_0772_300px.jpg",300,457,img element,0.66
"https://fapello.com/content/c/h/christina-model/1000/christina-model_0771_300px.jpg",300,457,img element,0.66
"https://fapello.com/content/c/h/christina-model/1000/christina-model_0770_300px.jpg",300,457,img element,0.66
"https://fapello.com/content/c/h/christina-model/1000/christina-model_0769_300px.jpg",300,457,img element,0.66
"https://fapello.com/content/c/h/christina-model/1000/christina-model_0768_300px.jpg",300,457,img element,0.66
"https://fapello.com/content/c/h/christina-model/1000/christina-model_0767_300px.jpg",300,457,img element,0.66
"https://fapello.com/content/c/h/christina-model/1000/christina-model_0766_300px.jpg",300,457,img element,0.66
"https://fapello.com/content/c/h/christina-model/1000/christina-model_0765_300px.jpg",300,457,img element,0.66
"https://fapello.com/content/c/h/christina-model/1000/christina-model_0764_300px.jpg",300,457,img element,0.66
"https://fapello.com/content/c/h/christina-model/1000/christina-model_0763_300px.jpg",300,457,img element,0.66
"https://fapello.com/content/c/h/christina-model/1000/christina-model_0762_300px.jpg",300,457,img element,0.66
"https://fapello.com/content/c/h/christina-model/1000/christina-model_0761_300px.jpg",300,457,img element,0.66
"https://fapello.com/content/c/h/christina-model/1000/christina-model_0760_300px.jpg",300,457,img element,0.66
"https://fapello.com/content/c/h/christina-model/1000/christina-model_0759_300px.jpg",300,457,img element,0.66
"https://fapello.com/content/c/h/christina-model/1000/christina-model_0758_300px.jpg",458,300,img element,1.53
"https://fapello.com/content/c/h/christina-model/1000/christina-model_0757_300px.jpg",458,300,img element,1.53
"https://fapello.com/content/c/h/christina-model/1000/christina-model_0756_300px.jpg",458,300,img element,1.53
"https://fapello.com/content/c/h/christina-model/1000/christina-model_0755_300px.jpg",300,457,img element,0.66
"https://fapello.com/content/c/h/christina-model/1000/christina-model_0754_300px.jpg",300,457,img element,0.66
"https://fapello.com/content/c/h/christina-model/1000/christina-model_0753_300px.jpg",300,457,img element,0.66
"https://fapello.com/content/c/h/christina-model/1000/christina-model_0752_300px.jpg",300,457,img element,0.66
"https://fapello.com/content/c/h/christina-model/1000/christina-model_0751_300px.jpg",300,457,img element,0.66
"https://fapello.com/content/c/h/christina-model/1000/christina-model_0750_300px.jpg",300,457,img element,0.66
"https://fapello.com/content/c/h/christina-model/1000/christina-model_0749_300px.jpg",300,457,img element,0.66
"https://fapello.com/content/c/h/christina-model/1000/christina-model_0748_300px.jpg",300,457,img element,0.66
"https://fapello.com/content/c/h/christina-model/1000/christina-model_0747_300px.jpg",300,457,img element,0.66
"https://fapello.com/content/c/h/christina-model/1000/christina-model_0746_300px.jpg",300,457,img element,0.66
"https://fapello.com/content/c/h/christina-model/1000/christina-model_0745_300px.jpg",300,457,img element,0.66
"https://fapello.com/content/c/h/christina-model/1000/christina-model_0744_300px.jpg",300,457,img element,0.66
"https://fapello.com/content/c/h/christina-model/1000/christina-model_0743_300px.jpg",300,457,img element,0.66
"https://fapello.com/content/c/h/christina-model/1000/christina-model_0742_300px.jpg",300,457,img element,0.66
"https://fapello.com/content/c/h/christina-model/1000/christina-model_0741_300px.jpg",300,457,img element,0.66
"https://fapello.com/content/c/h/christina-model/1000/christina-model_0740_300px.jpg",300,457,img element,0.66
"https://fapello.com/content/c/h/christina-model/1000/christina-model_0739_300px.jpg",300,457,img element,0.66
"https://fapello.com/content/c/h/christina-model/1000/christina-model_0738_300px.jpg",300,457,img element,0.66
"https://fapello.com/content/c/h/christina-model/1000/christina-model_0737_300px.jpg",300,457,img element,0.66
"https://fapello.com/content/c/h/christina-model/1000/christina-model_0736_300px.jpg",300,457,img element,0.66
"https://fapello.com/content/c/h/christina-model/1000/christina-model_0735_300px.jpg",300,457,img element,0.66
"https://fapello.com/content/c/h/christina-model/1000/christina-model_0734_300px.jpg",300,457,img element,0.66
"https://fapello.com/content/c/h/christina-model/1000/christina-model_0733_300px.jpg",300,457,img element,0.66
"https://fapello.com/content/c/h/christina-model/1000/christina-model_0732_300px.jpg",300,457,img element,0.66
"https://fapello.com/content/c/h/christina-model/1000/christina-model_0731_300px.jpg",300,457,img element,0.66
"https://fapello.com/content/c/h/christina-model/1000/christina-model_0730_300px.jpg",300,457,img element,0.66
"https://fapello.com/content/c/h/christina-model/1000/christina-model_0729_300px.jpg",300,457,img element,0.66
"https://fapello.com/content/c/h/christina-model/1000/christina-model_0728_300px.jpg",300,457,img element,0.66
"https://fapello.com/content/c/h/christina-model/1000/christina-model_0727_300px.jpg",300,457,img element,0.66
"https://fapello.com/content/c/h/christina-model/1000/christina-model_0726_300px.jpg",300,457,img element,0.66
"https://fapello.com/content/c/h/christina-model/1000/christina-model_0725_300px.jpg",458,300,img element,1.53
"https://fapello.com/content/c/h/christina-model/1000/christina-model_0724_300px.jpg",458,300,img element,1.53
"https://fapello.com/content/c/h/christina-model/1000/christina-model_0723_300px.jpg",300,457,img element,0.66
"https://fapello.com/content/c/h/christina-model/1000/christina-model_0722_300px.jpg",300,457,img element,0.66
"https://fapello.com/content/c/h/christina-model/1000/christina-model_0721_300px.jpg",300,457,img element,0.66
"https://fapello.com/content/c/h/christina-model/1000/christina-model_0720_300px.jpg",300,457,img element,0.66
"https://fapello.com/content/c/h/christina-model/1000/christina-model_0719_300px.jpg",300,457,img element,0.66
"https://fapello.com/content/c/h/christina-model/1000/christina-model_0718_300px.jpg",300,457,img element,0.66
"https://fapello.com/content/c/h/christina-model/1000/christina-model_0717_300px.jpg",300,457,img element,0.66
"https://fapello.com/content/c/h/christina-model/1000/christina-model_0716_300px.jpg",300,457,img element,0.66
"https://fapello.com/content/c/h/christina-model/1000/christina-model_0715_300px.jpg",300,457,img element,0.66
"https://fapello.com/content/c/h/christina-model/1000/christina-model_0714_300px.jpg",300,457,img element,0.66
"https://fapello.com/content/c/h/christina-model/1000/christina-model_0713_300px.jpg",300,457,img element,0.66
"https://fapello.com/content/c/h/christina-model/1000/christina-model_0712_300px.jpg",300,457,img element,0.66
"https://fapello.com/content/c/h/christina-model/1000/christina-model_0711_300px.jpg",300,457,img element,0.66
"https://fapello.com/content/c/h/christina-model/1000/christina-model_0710_300px.jpg",458,300,img element,1.53
"https://fapello.com/content/c/h/christina-model/1000/christina-model_0709_300px.jpg",300,457,img element,0.66
"https://fapello.com/content/c/h/christina-model/1000/christina-model_0708_300px.jpg",300,457,img element,0.66
"https://fapello.com/content/c/h/christina-model/1000/christina-model_0707_300px.jpg",300,457,img element,0.66
"https://fapello.com/content/c/h/christina-model/1000/christina-model_0706_300px.jpg",300,457,img element,0.66
"https://fapello.com/content/c/h/christina-model/1000/christina-model_0705_300px.jpg",300,457,img element,0.66
"https://fapello.com/content/c/h/christina-model/1000/christina-model_0704_300px.jpg",300,457,img element,0.66
"https://fapello.com/content/c/h/christina-model/1000/christina-model_0703_300px.jpg",300,457,img element,0.66
"https://fapello.com/content/c/h/christina-model/1000/christina-model_0702_300px.jpg",300,457,img element,0.66
"https://fapello.com/content/c/h/christina-model/1000/christina-model_0701_300px.jpg",300,457,img element,0.66
"https://fapello.com/content/c/h/christina-model/1000/christina-model_0700_300px.jpg",300,457,img element,0.66
"https://fapello.com/content/c/h/christina-model/1000/christina-model_0699_300px.jpg",458,300,img element,1.53
"https://fapello.com/content/c/h/christina-model/1000/christina-model_0698_300px.jpg",458,300,img element,1.53
"https://fapello.com/content/c/h/christina-model/1000/christina-model_0697_300px.jpg",458,300,img element,1.53
"https://fapello.com/content/c/h/christina-model/1000/christina-model_0696_300px.jpg",458,300,img element,1.53
"https://fapello.com/content/c/h/christina-model/1000/christina-model_0695_300px.jpg",300,457,img element,0.66
"https://fapello.com/content/c/h/christina-model/1000/christina-model_0694_300px.jpg",458,300,img element,1.53
"https://fapello.com/content/c/h/christina-model/1000/christina-model_0693_300px.jpg",458,300,img element,1.53
"https://fapello.com/content/c/h/christina-model/1000/christina-model_0692_300px.jpg",300,457,img element,0.66
"https://fapello.com/content/c/h/christina-model/1000/christina-model_0691_300px.jpg",300,457,img element,0.66
"https://fapello.com/content/c/h/christina-model/1000/christina-model_0690_300px.jpg",300,457,img element,0.66
"https://fapello.com/content/c/h/christina-model/1000/christina-model_0689_300px.jpg",300,457,img element,0.66
"https://fapello.com/content/c/h/christina-model/1000/christina-model_0688_300px.jpg",458,300,img element,1.53
"https://fapello.com/content/c/h/christina-model/1000/christina-model_0687_300px.jpg",458,300,img element,1.53
"https://fapello.com/content/c/h/christina-model/1000/christina-model_0686_300px.jpg",300,457,img element,0.66
"https://fapello.com/content/c/h/christina-model/1000/christina-model_0685_300px.jpg",300,457,img element,0.66
"https://fapello.com/content/c/h/christina-model/1000/christina-model_0684_300px.jpg",300,457,img element,0.66
"https://fapello.com/content/c/h/christina-model/1000/christina-model_0683_300px.jpg",300,457,img element,0.66
"https://fapello.com/content/c/h/christina-model/1000/christina-model_0682_300px.jpg",300,457,img element,0.66
"https://fapello.com/content/c/h/christina-model/1000/christina-model_0681_300px.jpg",300,457,img element,0.66
"https://fapello.com/content/c/h/christina-model/1000/christina-model_0680_300px.jpg",458,300,img element,1.53
"https://fapello.com/content/c/h/christina-model/1000/christina-model_0679_300px.jpg",300,457,img element,0.66
"https://fapello.com/content/c/h/christina-model/1000/christina-model_0678_300px.jpg",300,457,img element,0.66
"https://fapello.com/content/c/h/christina-model/1000/christina-model_0677_300px.jpg",300,457,img element,0.66
"https://fapello.com/content/c/h/christina-model/1000/christina-model_0676_300px.jpg",300,457,img element,0.66
"https://fapello.com/content/c/h/christina-model/1000/christina-model_0675_300px.jpg",300,457,img element,0.66
"https://fapello.com/content/c/h/christina-model/1000/christina-model_0674_300px.jpg",300,457,img element,0.66
"https://fapello.com/content/c/h/christina-model/1000/christina-model_0673_300px.jpg",300,457,img element,0.66
"https://fapello.com/content/c/h/christina-model/1000/christina-model_0672_300px.jpg",300,457,img element,0.66
"https://fapello.com/content/c/h/christina-model/1000/christina-model_0671_300px.jpg",300,457,img element,0.66
"https://fapello.com/content/c/h/christina-model/1000/christina-model_0670_300px.jpg",300,457,img element,0.66
"https://fapello.com/content/c/h/christina-model/1000/christina-model_0669_300px.jpg",300,457,img element,0.66
"https://fapello.com/content/c/h/christina-model/1000/christina-model_0668_300px.jpg",300,457,img element,0.66
"https://fapello.com/content/c/h/christina-model/1000/christina-model_0667_300px.jpg",300,457,img element,0.66
"https://fapello.com/content/c/h/christina-model/1000/christina-model_0666_300px.jpg",300,457,img element,0.66
"https://fapello.com/content/c/h/christina-model/1000/christina-model_0665_300px.jpg",300,457,img element,0.66
"https://fapello.com/content/c/h/christina-model/1000/christina-model_0664_300px.jpg",300,457,img element,0.66
"https://fapello.com/content/c/h/christina-model/1000/christina-model_0663_300px.jpg",458,300,img element,1.53
"https://fapello.com/content/c/h/christina-model/1000/christina-model_0662_300px.jpg",300,457,img element,0.66
"https://fapello.com/content/c/h/christina-model/1000/christina-model_0661_300px.jpg",300,457,img element,0.66
"https://fapello.com/content/c/h/christina-model/1000/christina-model_0660_300px.jpg",300,457,img element,0.66
"https://fapello.com/content/c/h/christina-model/1000/christina-model_0659_300px.jpg",300,457,img element,0.66
"https://fapello.com/content/c/h/christina-model/1000/christina-model_0658_300px.jpg",300,457,img element,0.66
"https://fapello.com/content/c/h/christina-model/1000/christina-model_0657_300px.jpg",300,457,img element,0.66
"https://fapello.com/content/c/h/christina-model/1000/christina-model_0656_300px.jpg",300,457,img element,0.66
"https://fapello.com/content/c/h/christina-model/1000/christina-model_0655_300px.jpg",300,457,img element,0.66
"https://fapello.com/content/c/h/christina-model/1000/christina-model_0654_300px.jpg",300,457,img element,0.66
"https://fapello.com/content/c/h/christina-model/1000/christina-model_0653_300px.jpg",300,457,img element,0.66
"https://fapello.com/content/c/h/christina-model/1000/christina-model_0652_300px.jpg",300,457,img element,0.66
"https://fapello.com/content/c/h/christina-model/1000/christina-model_0651_300px.jpg",300,457,img element,0.66
"https://fapello.com/content/c/h/christina-model/1000/christina-model_0650_300px.jpg",300,457,img element,0.66
"https://fapello.com/content/c/h/christina-model/1000/christina-model_0649_300px.jpg",300,457,img element,0.66
"https://fapello.com/content/c/h/christina-model/1000/christina-model_0648_300px.jpg",300,457,img element,0.66
"https://fapello.com/content/c/h/christina-model/1000/christina-model_0647_300px.jpg",300,457,img element,0.66
"https://fapello.com/content/c/h/christina-model/1000/christina-model_0646_300px.jpg",300,457,img element,0.66
"https://fapello.com/content/c/h/christina-model/1000/christina-model_0645_300px.jpg",300,457,img element,0.66
"https://fapello.com/content/c/h/christina-model/1000/christina-model_0644_300px.jpg",300,457,img element,0.66
"https://fapello.com/content/c/h/christina-model/1000/christina-model_0643_300px.jpg",300,457,img element,0.66
"https://fapello.com/content/c/h/christina-model/1000/christina-model_0642_300px.jpg",300,457,img element,0.66
"https://fapello.com/content/c/h/christina-model/1000/christina-model_0641_300px.jpg",300,457,img element,0.66
"https://fapello.com/content/c/h/christina-model/1000/christina-model_0640_300px.jpg",300,457,img element,0.66
"https://fapello.com/content/c/h/christina-model/1000/christina-model_0639_300px.jpg",300,457,img element,0.66
"https://fapello.com/content/c/h/christina-model/1000/christina-model_0638_300px.jpg",300,457,img element,0.66
"https://fapello.com/content/c/h/christina-model/1000/christina-model_0637_300px.jpg",300,457,img element,0.66
"https://fapello.com/content/c/h/christina-model/1000/christina-model_0636_300px.jpg",300,457,img element,0.66
"https://fapello.com/content/c/h/christina-model/1000/christina-model_0635_300px.jpg",300,457,img element,0.66
"https://fapello.com/content/c/h/christina-model/1000/christina-model_0634_300px.jpg",300,457,img element,0.66
"https://fapello.com/content/c/h/christina-model/1000/christina-model_0633_300px.jpg",300,457,img element,0.66
"https://fapello.com/content/c/h/christina-model/1000/christina-model_0632_300px.jpg",300,457,img element,0.66
"https://fapello.com/content/c/h/christina-model/1000/christina-model_0631_300px.jpg",300,457,img element,0.66
"https://fapello.com/content/c/h/christina-model/1000/christina-model_0630_300px.jpg",300,457,img element,0.66
"https://fapello.com/content/c/h/christina-model/1000/christina-model_0629_300px.jpg",300,457,img element,0.66
"https://fapello.com/content/c/h/christina-model/1000/christina-model_0628_300px.jpg",300,457,img element,0.66
"https://fapello.com/content/c/h/christina-model/1000/christina-model_0627_300px.jpg",300,457,img element,0.66
"https://fapello.com/content/c/h/christina-model/1000/christina-model_0626_300px.jpg",300,457,img element,0.66
"https://fapello.com/content/c/h/christina-model/1000/christina-model_0625_300px.jpg",300,457,img element,0.66
"https://fapello.com/content/c/h/christina-model/1000/christina-model_0624_300px.jpg",458,300,img element,1.53
"https://fapello.com/content/c/h/christina-model/1000/christina-model_0623_300px.jpg",300,457,img element,0.66
"https://fapello.com/content/c/h/christina-model/1000/christina-model_0622_300px.jpg",300,457,img element,0.66
"https://fapello.com/content/c/h/christina-model/1000/christina-model_0621_300px.jpg",300,457,img element,0.66
"https://fapello.com/content/c/h/christina-model/1000/christina-model_0620_300px.jpg",300,457,img element,0.66
"https://fapello.com/content/c/h/christina-model/1000/christina-model_0619_300px.jpg",300,457,img element,0.66
"https://fapello.com/content/c/h/christina-model/1000/christina-model_0618_300px.jpg",300,457,img element,0.66
"https://fapello.com/content/c/h/christina-model/1000/christina-model_0617_300px.jpg",300,457,img element,0.66
"https://fapello.com/content/c/h/christina-model/1000/christina-model_0616_300px.jpg",300,457,img element,0.66
"https://fapello.com/content/c/h/christina-model/1000/christina-model_0615_300px.jpg",458,300,img element,1.53
"https://fapello.com/content/c/h/christina-model/1000/christina-model_0614_300px.jpg",300,457,img element,0.66
"https://fapello.com/content/c/h/christina-model/1000/christina-model_0613_300px.jpg",300,457,img element,0.66
"https://fapello.com/content/c/h/christina-model/1000/christina-model_0612_300px.jpg",458,300,img element,1.53
"https://fapello.com/content/c/h/christina-model/1000/christina-model_0611_300px.jpg",458,300,img element,1.53
"https://fapello.com/content/c/h/christina-model/1000/christina-model_0610_300px.jpg",300,457,img element,0.66
"https://fapello.com/content/c/h/christina-model/1000/christina-model_0609_300px.jpg",300,457,img element,0.66
"https://fapello.com/content/c/h/christina-model/1000/christina-model_0608_300px.jpg",300,457,img element,0.66
"https://fapello.com/content/c/h/christina-model/1000/christina-model_0607_300px.jpg",300,457,img element,0.66
"https://fapello.com/content/c/h/christina-model/1000/christina-model_0606_300px.jpg",300,457,img element,0.66
"https://fapello.com/content/c/h/christina-model/1000/christina-model_0605_300px.jpg",300,457,img element,0.66
"https://fapello.com/content/c/h/christina-model/1000/christina-model_0604_300px.jpg",300,457,img element,0.66
"https://fapello.com/content/c/h/christina-model/1000/christina-model_0603_300px.jpg",300,457,img element,0.66
"https://fapello.com/content/c/h/christina-model/1000/christina-model_0602_300px.jpg",300,457,img element,0.66
"https://fapello.com/content/c/h/christina-model/1000/christina-model_0601_300px.jpg",300,457,img element,0.66
"https://fapello.com/content/c/h/christina-model/1000/christina-model_0600_300px.jpg",300,457,img element,0.66
"https://fapello.com/content/c/h/christina-model/1000/christina-model_0599_300px.jpg",458,300,img element,1.53
"https://fapello.com/content/c/h/christina-model/1000/christina-model_0598_300px.jpg",458,300,img element,1.53
"https://fapello.com/content/c/h/christina-model/1000/christina-model_0597_300px.jpg",300,457,img element,0.66
"https://fapello.com/content/c/h/christina-model/1000/christina-model_0596_300px.jpg",300,457,img element,0.66
"https://fapello.com/content/c/h/christina-model/1000/christina-model_0595_300px.jpg",300,457,img element,0.66
"https://fapello.com/content/c/h/christina-model/1000/christina-model_0594_300px.jpg",300,457,img element,0.66
"https://fapello.com/content/c/h/christina-model/1000/christina-model_0593_300px.jpg",300,457,img element,0.66
"https://fapello.com/content/c/h/christina-model/1000/christina-model_0592_300px.jpg",300,457,img element,0.66
"https://fapello.com/content/c/h/christina-model/1000/christina-model_0591_300px.jpg",300,457,img element,0.66
"https://fapello.com/content/c/h/christina-model/1000/christina-model_0590_300px.jpg",300,457,img element,0.66
"https://fapello.com/content/c/h/christina-model/1000/christina-model_0589_300px.jpg",300,457,img element,0.66
"https://fapello.com/content/c/h/christina-model/1000/christina-model_0588_300px.jpg",300,457,img element,0.66
"https://fapello.com/content/c/h/christina-model/1000/christina-model_0587_300px.jpg",300,457,img element,0.66
"https://fapello.com/content/c/h/christina-model/1000/christina-model_0586_300px.jpg",300,457,img element,0.66
"https://fapello.com/content/c/h/christina-model/1000/christina-model_0585_300px.jpg",300,457,img element,0.66
"https://fapello.com/content/c/h/christina-model/1000/christina-model_0584_300px.jpg",300,457,img element,0.66
"https://fapello.com/content/c/h/christina-model/1000/christina-model_0583_300px.jpg",458,300,img element,1.53
"https://fapello.com/content/c/h/christina-model/1000/christina-model_0582_300px.jpg",300,457,img element,0.66
"https://fapello.com/content/c/h/christina-model/1000/christina-model_0581_300px.jpg",300,457,img element,0.66
"https://fapello.com/content/c/h/christina-model/1000/christina-model_0580_300px.jpg",300,457,img element,0.66
"https://fapello.com/content/c/h/christina-model/1000/christina-model_0579_300px.jpg",300,457,img element,0.66
"https://fapello.com/content/c/h/christina-model/1000/christina-model_0578_300px.jpg",300,457,img element,0.66
"https://fapello.com/content/c/h/christina-model/1000/christina-model_0577_300px.jpg",300,457,img element,0.66
"https://fapello.com/content/c/h/christina-model/1000/christina-model_0576_300px.jpg",300,457,img element,0.66
"https://fapello.com/content/c/h/christina-model/1000/christina-model_0575_300px.jpg",300,457,img element,0.66
"https://fapello.com/content/c/h/christina-model/1000/christina-model_0574_300px.jpg",300,457,img element,0.66
"https://fapello.com/content/c/h/christina-model/1000/christina-model_0573_300px.jpg",300,457,img element,0.66
"https://fapello.com/content/c/h/christina-model/1000/christina-model_0572_300px.jpg",300,457,img element,0.66
"https://fapello.com/content/c/h/christina-model/1000/christina-model_0571_300px.jpg",300,457,img element,0.66
"https://fapello.com/content/c/h/christina-model/1000/christina-model_0570_300px.jpg",300,441,img element,0.68
"https://fapello.com/content/c/h/christina-model/1000/christina-model_0569_300px.jpg",300,401,img element,0.75
"https://fapello.com/content/c/h/christina-model/1000/christina-model_0568_300px.jpg",300,383,img element,0.78
"https://fapello.com/content/c/h/christina-model/1000/christina-model_0567_300px.jpg",300,406,img element,0.74
"https://fapello.com/content/c/h/christina-model/1000/christina-model_0566_300px.jpg",300,394,img element,0.76
"https://fapello.com/content/c/h/christina-model/1000/christina-model_0565_300px.jpg",300,394,img element,0.76
"https://fapello.com/content/c/h/christina-model/1000/christina-model_0564_300px.jpg",300,397,img element,0.76
"https://fapello.com/content/c/h/christina-model/1000/christina-model_0563_300px.jpg",300,396,img element,0.76
"https://fapello.com/content/c/h/christina-model/1000/christina-model_0562_300px.jpg",300,395,img element,0.76
"https://fapello.com/content/c/h/christina-model/1000/christina-model_0561_300px.jpg",300,393,img element,0.76
"https://fapello.com/content/c/h/christina-model/1000/christina-model_0560_300px.jpg",300,393,img element,0.76
"https://fapello.com/content/c/h/christina-model/1000/christina-model_0559_300px.jpg",300,397,img element,0.76
"https://fapello.com/content/c/h/christina-model/1000/christina-model_0558_300px.jpg",300,393,img element,0.76
"https://fapello.com/content/c/h/christina-model/1000/christina-model_0557_300px.jpg",300,398,img element,0.75
"https://fapello.com/content/c/h/christina-model/1000/christina-model_0556_300px.jpg",300,398,img element,0.75
"https://fapello.com/content/c/h/christina-model/1000/christina-model_0555_300px.jpg",300,397,img element,0.76
"https://fapello.com/content/c/h/christina-model/1000/christina-model_0554_300px.jpg",533,300,img element,1.78
"https://fapello.com/content/c/h/christina-model/1000/christina-model_0553_300px.jpg",533,300,img element,1.78
"https://fapello.com/content/c/h/christina-model/1000/christina-model_0552_300px.jpg",533,300,img element,1.78
"https://fapello.com/content/c/h/christina-model/1000/christina-model_0551_300px.jpg",533,300,img element,1.78
"https://fapello.com/content/c/h/christina-model/1000/christina-model_0550_300px.jpg",533,300,img element,1.78
"https://fapello.com/content/c/h/christina-model/1000/christina-model_0549_300px.jpg",533,300,img element,1.78
"https://fapello.com/content/c/h/christina-model/1000/christina-model_0548_300px.jpg",533,300,img element,1.78
"https://fapello.com/content/c/h/christina-model/1000/christina-model_0547_300px.jpg",300,505,img element,0.59
"https://fapello.com/content/c/h/christina-model/1000/christina-model_0546_300px.jpg",300,549,img element,0.55
"https://fapello.com/content/c/h/christina-model/1000/christina-model_0545_300px.jpg",321,300,img element,1.07
"https://fapello.com/content/c/h/christina-model/1000/christina-model_0544_300px.jpg",300,301,img element,1.00
"https://fapello.com/content/c/h/christina-model/1000/christina-model_0543_300px.jpg",300,390,img element,0.77
"https://fapello.com/content/c/h/christina-model/1000/christina-model_0542_300px.jpg",300,457,img element,0.66
"https://fapello.com/content/c/h/christina-model/1000/christina-model_0541_300px.jpg",300,457,img element,0.66
"https://fapello.com/content/c/h/christina-model/1000/christina-model_0540_300px.jpg",300,457,img element,0.66
"https://fapello.com/content/c/h/christina-model/1000/christina-model_0539_300px.jpg",458,300,img element,1.53
"https://fapello.com/content/c/h/christina-model/1000/christina-model_0538_300px.jpg",300,457,img element,0.66
"https://fapello.com/content/c/h/christina-model/1000/christina-model_0537_300px.jpg",300,457,img element,0.66
"https://fapello.com/content/c/h/christina-model/1000/christina-model_0536_300px.jpg",300,457,img element,0.66
"https://fapello.com/content/c/h/christina-model/1000/christina-model_0535_300px.jpg",300,457,img element,0.66
"https://fapello.com/content/c/h/christina-model/1000/christina-model_0534_300px.jpg",458,300,img element,1.53
"https://fapello.com/content/c/h/christina-model/1000/christina-model_0533_300px.jpg",458,300,img element,1.53
"https://fapello.com/content/c/h/christina-model/1000/christina-model_0532_300px.jpg",458,300,img element,1.53
"https://fapello.com/content/c/h/christina-model/1000/christina-model_0531_300px.jpg",300,457,img element,0.66
"https://fapello.com/content/c/h/christina-model/1000/christina-model_0530_300px.jpg",300,457,img element,0.66
"https://fapello.com/content/c/h/christina-model/1000/christina-model_0529_300px.jpg",300,457,img element,0.66
"https://fapello.com/content/c/h/christina-model/1000/christina-model_0528_300px.jpg",300,457,img element,0.66
"https://fapello.com/content/c/h/christina-model/1000/christina-model_0527_300px.jpg",300,457,img element,0.66
"https://fapello.com/content/c/h/christina-model/1000/christina-model_0526_300px.jpg",458,300,img element,1.53
"https://fapello.com/content/c/h/christina-model/1000/christina-model_0525_300px.jpg",300,457,img element,0.66
"https://fapello.com/content/c/h/christina-model/1000/christina-model_0524_300px.jpg",300,457,img element,0.66
"https://fapello.com/content/c/h/christina-model/1000/christina-model_0523_300px.jpg",300,457,img element,0.66
"https://fapello.com/content/c/h/christina-model/1000/christina-model_0522_300px.jpg",300,457,img element,0.66
"https://fapello.com/content/c/h/christina-model/1000/christina-model_0521_300px.jpg",300,457,img element,0.66
"https://fapello.com/content/c/h/christina-model/1000/christina-model_0520_300px.jpg",300,457,img element,0.66
"https://fapello.com/content/c/h/christina-model/1000/christina-model_0519_300px.jpg",457,300,img element,1.52
"https://fapello.com/content/c/h/christina-model/1000/christina-model_0518_300px.jpg",300,400,img element,0.75
"https://fapello.com/content/c/h/christina-model/1000/christina-model_0517_300px.jpg",300,639,img element,0.47
"https://fapello.com/content/c/h/christina-model/1000/christina-model_0516_300px.jpg",300,567,img element,0.53
"https://fapello.com/content/c/h/christina-model/1000/christina-model_0515_300px.jpg",300,400,img element,0.75
"https://fapello.com/content/c/h/christina-model/1000/christina-model_0514_300px.jpg",300,604,img element,0.50
"https://fapello.com/content/c/h/christina-model/1000/christina-model_0513_300px.jpg",300,639,img element,0.47
"https://fapello.com/content/c/h/christina-model/1000/christina-model_0512_300px.jpg",300,513,img element,0.58
"https://fapello.com/content/c/h/christina-model/1000/christina-model_0511_300px.jpg",533,300,img element,1.78
"https://fapello.com/content/c/h/christina-model/1000/christina-model_0510_300px.jpg",539,300,img element,1.80
"https://fapello.com/content/c/h/christina-model/1000/christina-model_0509_300px.jpg",536,300,img element,1.79
"https://fapello.com/content/c/h/christina-model/1000/christina-model_0508_300px.jpg",536,300,img element,1.79
"https://fapello.com/content/c/h/christina-model/1000/christina-model_0507_300px.jpg",534,300,img element,1.78
"https://fapello.com/content/c/h/christina-model/1000/christina-model_0506_300px.jpg",542,300,img element,1.81
"https://fapello.com/content/c/h/christina-model/1000/christina-model_0505_300px.jpg",533,300,img element,1.78
"https://fapello.com/content/c/h/christina-model/1000/christina-model_0504_300px.jpg",539,300,img element,1.80
"https://fapello.com/content/c/h/christina-model/1000/christina-model_0503_300px.jpg",536,300,img element,1.79
"https://fapello.com/content/c/h/christina-model/1000/christina-model_0502_300px.jpg",536,300,img element,1.79
"https://fapello.com/content/c/h/christina-model/1000/christina-model_0501_300px.jpg",534,300,img element,1.78
"https://fapello.com/content/c/h/christina-model/1000/christina-model_0500_300px.jpg",542,300,img element,1.81
"https://fapello.com/content/c/h/christina-model/1000/christina-model_0499_300px.jpg",334,300,img element,1.11
"https://fapello.com/content/c/h/christina-model/1000/christina-model_0498_300px.jpg",400,300,img element,1.33
"https://fapello.com/content/c/h/christina-model/1000/christina-model_0497_300px.jpg",300,457,img element,0.66
"https://fapello.com/content/c/h/christina-model/1000/christina-model_0496_300px.jpg",300,457,img element,0.66
"https://fapello.com/content/c/h/christina-model/1000/christina-model_0495_300px.jpg",457,300,img element,1.52
"https://fapello.com/content/c/h/christina-model/1000/christina-model_0494_300px.jpg",300,457,img element,0.66
"https://fapello.com/content/c/h/christina-model/1000/christina-model_0493_300px.jpg",300,457,img element,0.66
"https://fapello.com/content/c/h/christina-model/1000/christina-model_0492_300px.jpg",300,457,img element,0.66
"https://fapello.com/content/c/h/christina-model/1000/christina-model_0491_300px.jpg",300,457,img element,0.66
"https://fapello.com/content/c/h/christina-model/1000/christina-model_0490_300px.jpg",300,457,img element,0.66
"https://fapello.com/content/c/h/christina-model/1000/christina-model_0489_300px.jpg",457,300,img element,1.52
"https://fapello.com/content/c/h/christina-model/1000/christina-model_0488_300px.jpg",300,457,img element,0.66
"https://fapello.com/content/c/h/christina-model/1000/christina-model_0487_300px.jpg",300,457,img element,0.66
"https://fapello.com/content/c/h/christina-model/1000/christina-model_0486_300px.jpg",457,300,img element,1.52
"https://fapello.com/content/c/h/christina-model/1000/christina-model_0485_300px.jpg",300,457,img element,0.66
"https://fapello.com/content/c/h/christina-model/1000/christina-model_0484_300px.jpg",300,457,img element,0.66
"https://fapello.com/content/c/h/christina-model/1000/christina-model_0483_300px.jpg",300,457,img element,0.66
"https://fapello.com/content/c/h/christina-model/1000/christina-model_0482_300px.jpg",300,457,img element,0.66
"https://fapello.com/content/c/h/christina-model/1000/christina-model_0481_300px.jpg",300,457,img element,0.66
"https://fapello.com/content/c/h/christina-model/1000/christina-model_0480_300px.jpg",300,457,img element,0.66
"https://fapello.com/content/c/h/christina-model/1000/christina-model_0479_300px.jpg",300,457,img element,0.66
"https://fapello.com/content/c/h/christina-model/1000/christina-model_0478_300px.jpg",300,457,img element,0.66
"https://fapello.com/content/c/h/christina-model/1000/christina-model_0477_300px.jpg",300,457,img element,0.66
"https://fapello.com/content/c/h/christina-model/1000/christina-model_0476_300px.jpg",300,457,img element,0.66
"https://fapello.com/content/c/h/christina-model/1000/christina-model_0475_300px.jpg",300,457,img element,0.66
"https://fapello.com/content/c/h/christina-model/1000/christina-model_0474_300px.jpg",457,300,img element,1.52
"https://fapello.com/content/c/h/christina-model/1000/christina-model_0473_300px.jpg",300,457,img element,0.66
"https://fapello.com/content/c/h/christina-model/1000/christina-model_0472_300px.jpg",300,457,img element,0.66
"https://fapello.com/content/c/h/christina-model/1000/christina-model_0471_300px.jpg",300,457,img element,0.66
"https://fapello.com/content/c/h/christina-model/1000/christina-model_0470_300px.jpg",300,457,img element,0.66
"https://fapello.com/content/c/h/christina-model/1000/christina-model_0469_300px.jpg",300,457,img element,0.66
"https://fapello.com/content/c/h/christina-model/1000/christina-model_0468_300px.jpg",300,457,img element,0.66
"https://fapello.com/content/c/h/christina-model/1000/christina-model_0467_300px.jpg",300,457,img element,0.66
"https://fapello.com/content/c/h/christina-model/1000/christina-model_0466_300px.jpg",300,457,img element,0.66
"https://fapello.com/content/c/h/christina-model/1000/christina-model_0465_300px.jpg",300,457,img element,0.66
"https://fapello.com/content/c/h/christina-model/1000/christina-model_0464_300px.jpg",300,457,img element,0.66
"https://fapello.com/content/c/h/christina-model/1000/christina-model_0463_300px.jpg",300,457,img element,0.66
"https://fapello.com/content/c/h/christina-model/1000/christina-model_0462_300px.jpg",300,457,img element,0.66
"https://fapello.com/content/c/h/christina-model/1000/christina-model_0461_300px.jpg",300,457,img element,0.66
"https://fapello.com/content/c/h/christina-model/1000/christina-model_0460_300px.jpg",300,457,img element,0.66
"https://fapello.com/content/c/h/christina-model/1000/christina-model_0459_300px.jpg",300,457,img element,0.66
"https://fapello.com/content/c/h/christina-model/1000/christina-model_0458_300px.jpg",300,457,img element,0.66
"https://fapello.com/content/c/h/christina-model/1000/christina-model_0457_300px.jpg",300,457,img element,0.66
"https://fapello.com/content/c/h/christina-model/1000/christina-model_0456_300px.jpg",300,457,img element,0.66
"https://fapello.com/content/c/h/christina-model/1000/christina-model_0455_300px.jpg",300,457,img element,0.66
"https://fapello.com/content/c/h/christina-model/1000/christina-model_0454_300px.jpg",300,457,img element,0.66
"https://fapello.com/content/c/h/christina-model/1000/christina-model_0453_300px.jpg",300,457,img element,0.66
"https://fapello.com/content/c/h/christina-model/1000/christina-model_0452_300px.jpg",300,457,img element,0.66
"https://fapello.com/content/c/h/christina-model/1000/christina-model_0451_300px.jpg",300,457,img element,0.66
"https://fapello.com/content/c/h/christina-model/1000/christina-model_0450_300px.jpg",300,457,img element,0.66
"https://fapello.com/content/c/h/christina-model/1000/christina-model_0449_300px.jpg",457,300,img element,1.52
"https://fapello.com/content/c/h/christina-model/1000/christina-model_0448_300px.jpg",457,300,img element,1.52
"https://fapello.com/content/c/h/christina-model/1000/christina-model_0447_300px.jpg",300,457,img element,0.66
"https://fapello.com/content/c/h/christina-model/1000/christina-model_0446_300px.jpg",300,457,img element,0.66
"https://fapello.com/content/c/h/christina-model/1000/christina-model_0445_300px.jpg",300,457,img element,0.66
"https://fapello.com/content/c/h/christina-model/1000/christina-model_0444_300px.jpg",300,457,img element,0.66
"https://fapello.com/content/c/h/christina-model/1000/christina-model_0443_300px.jpg",300,457,img element,0.66
"https://fapello.com/content/c/h/christina-model/1000/christina-model_0442_300px.jpg",300,457,img element,0.66
"https://fapello.com/content/c/h/christina-model/1000/christina-model_0441_300px.jpg",300,457,img element,0.66
"https://fapello.com/content/c/h/christina-model/1000/christina-model_0440_300px.jpg",300,457,img element,0.66
"https://fapello.com/content/c/h/christina-model/1000/christina-model_0439_300px.jpg",457,300,img element,1.52
"https://fapello.com/content/c/h/christina-model/1000/christina-model_0438_300px.jpg",300,457,img element,0.66
"https://fapello.com/content/c/h/christina-model/1000/christina-model_0437_300px.jpg",449,300,img element,1.50
"https://fapello.com/content/c/h/christina-model/1000/christina-model_0436_300px.jpg",300,516,img element,0.58
"https://fapello.com/content/c/h/christina-model/1000/christina-model_0435_300px.jpg",300,514,img element,0.58
"https://fapello.com/content/c/h/christina-model/1000/christina-model_0434_300px.jpg",300,499,img element,0.60
"https://fapello.com/content/c/h/christina-model/1000/christina-model_0433_300px.jpg",300,400,img element,0.75
"https://fapello.com/content/c/h/christina-model/1000/christina-model_0432_300px.jpg",300,549,img element,0.55
"https://fapello.com/content/c/h/christina-model/1000/christina-model_0431_300px.jpg",300,549,img element,0.55
"https://fapello.com/content/c/h/christina-model/1000/christina-model_0430_300px.jpg",892,300,img element,2.97
"https://fapello.com/content/c/h/christina-model/1000/christina-model_0429_300px.jpg",300,534,img element,0.56
"https://fapello.com/content/c/h/christina-model/1000/christina-model_0428_300px.jpg",300,471,img element,0.64
"https://fapello.com/content/c/h/christina-model/1000/christina-model_0427_300px.jpg",300,474,img element,0.63
"https://fapello.com/content/c/h/christina-model/1000/christina-model_0426_300px.jpg",579,300,img element,1.93
"https://fapello.com/content/c/h/christina-model/1000/christina-model_0425_300px.jpg",586,300,img element,1.95
"https://fapello.com/content/c/h/christina-model/1000/christina-model_0424_300px.jpg",570,300,img element,1.90
"https://fapello.com/content/c/h/christina-model/1000/christina-model_0423_300px.jpg",579,300,img element,1.93
"https://fapello.com/content/c/h/christina-model/1000/christina-model_0422_300px.jpg",533,300,img element,1.78
"https://fapello.com/content/c/h/christina-model/1000/christina-model_0421_300px.jpg",533,300,img element,1.78
"https://fapello.com/content/c/h/christina-model/1000/christina-model_0420_300px.jpg",533,300,img element,1.78
"https://fapello.com/content/c/h/christina-model/1000/christina-model_0419_300px.jpg",533,300,img element,1.78
"https://fapello.com/content/c/h/christina-model/1000/christina-model_0418_300px.jpg",533,300,img element,1.78
"https://fapello.com/content/c/h/christina-model/1000/christina-model_0417_300px.jpg",300,549,img element,0.55
"https://fapello.com/content/c/h/christina-model/1000/christina-model_0416_300px.jpg",300,549,img element,0.55
"https://fapello.com/content/c/h/christina-model/1000/christina-model_0415_300px.jpg",300,549,img element,0.55
"https://fapello.com/content/c/h/christina-model/1000/christina-model_0414_300px.jpg",300,549,img element,0.55
"https://fapello.com/content/c/h/christina-model/1000/christina-model_0413_300px.jpg",300,549,img element,0.55
"https://fapello.com/content/c/h/christina-model/1000/christina-model_0412_300px.jpg",319,300,img element,1.06
"https://fapello.com/content/c/h/christina-model/1000/christina-model_0411_300px.jpg",300,448,img element,0.67
"https://fapello.com/content/c/h/christina-model/1000/christina-model_0410_300px.jpg",300,449,img element,0.67
"https://fapello.com/content/c/h/christina-model/1000/christina-model_0409_300px.jpg",300,448,img element,0.67
"https://fapello.com/content/c/h/christina-model/1000/christina-model_0408_300px.jpg",300,448,img element,0.67
"https://fapello.com/content/c/h/christina-model/1000/christina-model_0407_300px.jpg",300,448,img element,0.67
"https://fapello.com/content/c/h/christina-model/1000/christina-model_0406_300px.jpg",300,448,img element,0.67
"https://fapello.com/content/c/h/christina-model/1000/christina-model_0405_300px.jpg",300,449,img element,0.67
"https://fapello.com/content/c/h/christina-model/1000/christina-model_0404_300px.jpg",514,300,img element,1.71
"https://fapello.com/content/c/h/christina-model/1000/christina-model_0403_300px.jpg",300,448,img element,0.67
"https://fapello.com/content/c/h/christina-model/1000/christina-model_0402_300px.jpg",300,446,img element,0.67
"https://fapello.com/content/c/h/christina-model/1000/christina-model_0401_300px.jpg",300,452,img element,0.66
"https://fapello.com/content/c/h/christina-model/1000/christina-model_0400_300px.jpg",300,448,img element,0.67
"https://fapello.com/content/c/h/christina-model/1000/christina-model_0399_300px.jpg",300,346,img element,0.87
"https://fapello.com/content/c/h/christina-model/1000/christina-model_0398_300px.jpg",533,300,img element,1.78
"https://fapello.com/content/c/h/christina-model/1000/christina-model_0397_300px.jpg",533,300,img element,1.78
"https://fapello.com/content/c/h/christina-model/1000/christina-model_0396_300px.jpg",533,300,img element,1.78
"https://fapello.com/content/c/h/christina-model/1000/christina-model_0395_300px.jpg",533,300,img element,1.78
"https://fapello.com/content/c/h/christina-model/1000/christina-model_0394_300px.jpg",533,300,img element,1.78
"https://fapello.com/content/c/h/christina-model/1000/christina-model_0393_300px.jpg",533,300,img element,1.78
"https://fapello.com/content/c/h/christina-model/1000/christina-model_0392_300px.jpg",533,300,img element,1.78
"https://fapello.com/content/c/h/christina-model/1000/christina-model_0391_300px.jpg",533,300,img element,1.78
"https://fapello.com/content/c/h/christina-model/1000/christina-model_0390_300px.jpg",533,300,img element,1.78
"https://fapello.com/content/c/h/christina-model/1000/christina-model_0389_300px.jpg",533,300,img element,1.78
"https://fapello.com/content/c/h/christina-model/1000/christina-model_0388_300px.jpg",533,300,img element,1.78
"https://fapello.com/content/c/h/christina-model/1000/christina-model_0387_300px.jpg",533,300,img element,1.78
"https://fapello.com/content/c/h/christina-model/1000/christina-model_0386_300px.jpg",533,300,img element,1.78
"https://fapello.com/content/c/h/christina-model/1000/christina-model_0385_300px.jpg",533,300,img element,1.78
"https://fapello.com/content/c/h/christina-model/1000/christina-model_0384_300px.jpg",300,399,img element,0.75
"https://fapello.com/content/c/h/christina-model/1000/christina-model_0383_300px.jpg",300,399,img element,0.75
"https://fapello.com/content/c/h/christina-model/1000/christina-model_0382_300px.jpg",300,400,img element,0.75
"https://fapello.com/content/c/h/christina-model/1000/christina-model_0381_300px.jpg",300,398,img element,0.75
"https://fapello.com/content/c/h/christina-model/1000/christina-model_0380_300px.jpg",300,400,img element,0.75
"https://fapello.com/content/c/h/christina-model/1000/christina-model_0379_300px.jpg",300,400,img element,0.75
"https://fapello.com/content/c/h/christina-model/1000/christina-model_0378_300px.jpg",300,400,img element,0.75
"https://fapello.com/content/c/h/christina-model/1000/christina-model_0377_300px.jpg",300,400,img element,0.75
"https://fapello.com/content/c/h/christina-model/1000/christina-model_0376_300px.jpg",300,400,img element,0.75
"https://fapello.com/content/c/h/christina-model/1000/christina-model_0375_300px.jpg",300,397,img element,0.76
"https://fapello.com/content/c/h/christina-model/1000/christina-model_0374_300px.jpg",300,400,img element,0.75
"https://fapello.com/content/c/h/christina-model/1000/christina-model_0373_300px.jpg",300,399,img element,0.75
"https://fapello.com/content/c/h/christina-model/1000/christina-model_0372_300px.jpg",300,397,img element,0.76
"https://fapello.com/content/c/h/christina-model/1000/christina-model_0371_300px.jpg",300,399,img element,0.75
"https://fapello.com/content/c/h/christina-model/1000/christina-model_0370_300px.jpg",300,398,img element,0.75
"https://fapello.com/content/c/h/christina-model/1000/christina-model_0369_300px.jpg",300,396,img element,0.76
"https://fapello.com/content/c/h/christina-model/1000/christina-model_0368_300px.jpg",421,300,img element,1.40
"https://fapello.com/content/c/h/christina-model/1000/christina-model_0367_300px.jpg",422,300,img element,1.41
"https://fapello.com/content/c/h/christina-model/1000/christina-model_0366_300px.jpg",533,300,img element,1.78
"https://fapello.com/content/c/h/christina-model/1000/christina-model_0365_300px.jpg",533,300,img element,1.78
"https://fapello.com/content/c/h/christina-model/1000/christina-model_0364_300px.jpg",533,300,img element,1.78
"https://fapello.com/content/c/h/christina-model/1000/christina-model_0363_300px.jpg",533,300,img element,1.78
"https://fapello.com/content/c/h/christina-model/1000/christina-model_0362_300px.jpg",533,300,img element,1.78
"https://fapello.com/content/c/h/christina-model/1000/christina-model_0361_300px.jpg",533,300,img element,1.78
"https://fapello.com/content/c/h/christina-model/1000/christina-model_0360_300px.jpg",533,300,img element,1.78
"https://fapello.com/content/c/h/christina-model/1000/christina-model_0359_300px.jpg",533,300,img element,1.78
"https://fapello.com/content/c/h/christina-model/1000/christina-model_0358_300px.jpg",533,300,img element,1.78
"https://fapello.com/content/c/h/christina-model/1000/christina-model_0357_300px.jpg",533,300,img element,1.78
"https://fapello.com/content/c/h/christina-model/1000/christina-model_0356_300px.jpg",300,534,img element,0.56
"https://fapello.com/content/c/h/christina-model/1000/christina-model_0355_300px.jpg",300,534,img element,0.56
"https://fapello.com/content/c/h/christina-model/1000/christina-model_0354_300px.jpg",300,534,img element,0.56
"https://fapello.com/content/c/h/christina-model/1000/christina-model_0353_300px.jpg",300,534,img element,0.56
"https://fapello.com/content/c/h/christina-model/1000/christina-model_0352_300px.jpg",300,534,img element,0.56
"https://fapello.com/content/c/h/christina-model/1000/christina-model_0351_300px.jpg",300,534,img element,0.56
"https://fapello.com/content/c/h/christina-model/1000/christina-model_0350_300px.jpg",300,534,img element,0.56
"https://fapello.com/content/c/h/christina-model/1000/christina-model_0349_300px.jpg",300,534,img element,0.56
"https://fapello.com/content/c/h/christina-model/1000/christina-model_0348_300px.jpg",534,300,img element,1.78
"https://fapello.com/content/c/h/christina-model/1000/christina-model_0347_300px.jpg",469,300,img element,1.56
"https://fapello.com/content/c/h/christina-model/1000/christina-model_0346_300px.jpg",300,549,img element,0.55
"https://fapello.com/content/c/h/christina-model/1000/christina-model_0345_300px.jpg",300,549,img element,0.55
"https://fapello.com/content/c/h/christina-model/1000/christina-model_0344_300px.jpg",300,549,img element,0.55
"https://fapello.com/content/c/h/christina-model/1000/christina-model_0343_300px.jpg",300,549,img element,0.55
"https://fapello.com/content/c/h/christina-model/1000/christina-model_0342_300px.jpg",300,549,img element,0.55
"https://fapello.com/content/c/h/christina-model/1000/christina-model_0341_300px.jpg",300,549,img element,0.55
"https://fapello.com/content/c/h/christina-model/1000/christina-model_0340_300px.jpg",300,438,img element,0.68
"https://fapello.com/content/c/h/christina-model/1000/christina-model_0339_300px.jpg",300,451,img element,0.67
"https://fapello.com/content/c/h/christina-model/1000/christina-model_0338_300px.jpg",300,448,img element,0.67
"https://fapello.com/content/c/h/christina-model/1000/christina-model_0337_300px.jpg",300,450,img element,0.67
"https://fapello.com/content/c/h/christina-model/1000/christina-model_0336_300px.jpg",300,450,img element,0.67
"https://fapello.com/content/c/h/christina-model/1000/christina-model_0335_300px.jpg",300,450,img element,0.67
"https://fapello.com/content/c/h/christina-model/1000/christina-model_0334_300px.jpg",300,448,img element,0.67
"https://fapello.com/content/c/h/christina-model/1000/christina-model_0333_300px.jpg",300,448,img element,0.67
"https://fapello.com/content/c/h/christina-model/1000/christina-model_0332_300px.jpg",300,450,img element,0.67
"https://fapello.com/content/c/h/christina-model/1000/christina-model_0331_300px.jpg",300,450,img element,0.67
"https://fapello.com/content/c/h/christina-model/1000/christina-model_0330_300px.jpg",300,300,img element,1.00
"https://fapello.com/content/c/h/christina-model/1000/christina-model_0329_300px.jpg",300,300,img element,1.00
"https://fapello.com/content/c/h/christina-model/1000/christina-model_0328_300px.jpg",300,374,img element,0.80
"https://fapello.com/content/c/h/christina-model/1000/christina-model_0327_300px.jpg",300,372,img element,0.81
"https://fapello.com/content/c/h/christina-model/1000/christina-model_0326_300px.jpg",300,374,img element,0.80
"https://fapello.com/content/c/h/christina-model/1000/christina-model_0325_300px.jpg",300,375,img element,0.80
"https://fapello.com/content/c/h/christina-model/1000/christina-model_0324_300px.jpg",300,458,img element,0.66
"https://fapello.com/content/c/h/christina-model/1000/christina-model_0323_300px.jpg",300,468,img element,0.64
"https://fapello.com/content/c/h/christina-model/1000/christina-model_0322_300px.jpg",300,425,img element,0.71
"https://fapello.com/content/c/h/christina-model/1000/christina-model_0321_300px.jpg",300,422,img element,0.71
"https://fapello.com/content/c/h/christina-model/1000/christina-model_0320_300px.jpg",300,372,img element,0.81
"https://fapello.com/content/c/h/christina-model/1000/christina-model_0319_300px.jpg",300,420,img element,0.71
"https://fapello.com/content/c/h/christina-model/1000/christina-model_0318_300px.jpg",300,422,img element,0.71
"https://fapello.com/content/c/h/christina-model/1000/christina-model_0317_300px.jpg",300,457,img element,0.66
"https://fapello.com/content/c/h/christina-model/1000/christina-model_0316_300px.jpg",300,423,img element,0.71
"https://fapello.com/content/c/h/christina-model/1000/christina-model_0315_300px.jpg",300,425,img element,0.71
"https://fapello.com/content/c/h/christina-model/1000/christina-model_0314_300px.jpg",300,453,img element,0.66
"https://fapello.com/content/c/h/christina-model/1000/christina-model_0313_300px.jpg",300,419,img element,0.72
"https://fapello.com/content/c/h/christina-model/1000/christina-model_0312_300px.jpg",300,400,img element,0.75
"https://fapello.com/content/c/h/christina-model/1000/christina-model_0311_300px.jpg",300,400,img element,0.75
"https://fapello.com/content/c/h/christina-model/1000/christina-model_0310_300px.jpg",300,356,img element,0.84
"https://fapello.com/content/c/h/christina-model/1000/christina-model_0309_300px.jpg",300,381,img element,0.79
"https://fapello.com/content/c/h/christina-model/1000/christina-model_0308_300px.jpg",300,362,img element,0.83
"https://fapello.com/content/c/h/christina-model/1000/christina-model_0307_300px.jpg",300,313,img element,0.96
"https://fapello.com/content/c/h/christina-model/1000/christina-model_0306_300px.jpg",321,300,img element,1.07
"https://fapello.com/content/c/h/christina-model/1000/christina-model_0305_300px.jpg",300,449,img element,0.67
"https://fapello.com/content/c/h/christina-model/1000/christina-model_0304_300px.jpg",300,549,img element,0.55
"https://fapello.com/content/c/h/christina-model/1000/christina-model_0303_300px.jpg",451,300,img element,1.50
"https://fapello.com/content/c/h/christina-model/1000/christina-model_0302_300px.jpg",451,300,img element,1.50
"https://fapello.com/content/c/h/christina-model/1000/christina-model_0301_300px.jpg",451,300,img element,1.50
"https://fapello.com/content/c/h/christina-model/1000/christina-model_0300_300px.jpg",451,300,img element,1.50
"https://fapello.com/content/c/h/christina-model/1000/christina-model_0299_300px.jpg",300,451,img element,0.67
"https://fapello.com/content/c/h/christina-model/1000/christina-model_0298_300px.jpg",300,533,img element,0.56
"https://fapello.com/content/c/h/christina-model/1000/christina-model_0297_300px.jpg",533,300,img element,1.78
"https://fapello.com/content/c/h/christina-model/1000/christina-model_0296_300px.jpg",300,533,img element,0.56
"https://fapello.com/content/c/h/christina-model/1000/christina-model_0295_300px.jpg",300,533,img element,0.56
"https://fapello.com/content/c/h/christina-model/1000/christina-model_0294_300px.jpg",533,300,img element,1.78
"https://fapello.com/content/c/h/christina-model/1000/christina-model_0293_300px.jpg",533,300,img element,1.78
"https://fapello.com/content/c/h/christina-model/1000/christina-model_0292_300px.jpg",618,300,img element,2.06
"https://fapello.com/content/c/h/christina-model/1000/christina-model_0291_300px.jpg",664,300,img element,2.21
"https://fapello.com/content/c/h/christina-model/1000/christina-model_0290_300px.jpg",300,540,img element,0.56
"https://fapello.com/content/c/h/christina-model/1000/christina-model_0289_300px.jpg",300,428,img element,0.70
"https://fapello.com/content/c/h/christina-model/1000/christina-model_0288_300px.jpg",300,450,img element,0.67
"https://fapello.com/content/c/h/christina-model/1000/christina-model_0287_300px.jpg",300,450,img element,0.67
"https://fapello.com/content/c/h/christina-model/1000/christina-model_0286_300px.jpg",300,450,img element,0.67
"https://fapello.com/content/c/h/christina-model/1000/christina-model_0285_300px.jpg",490,300,img element,1.63
"https://fapello.com/content/c/h/christina-model/1000/christina-model_0284_300px.jpg",300,478,img element,0.63
"https://fapello.com/content/c/h/christina-model/1000/christina-model_0283_300px.jpg",536,300,img element,1.79
"https://fapello.com/content/c/h/christina-model/1000/christina-model_0282_300px.jpg",300,420,img element,0.71
"https://fapello.com/content/c/h/christina-model/1000/christina-model_0281_300px.jpg",436,300,img element,1.45
"https://fapello.com/content/c/h/christina-model/1000/christina-model_0280_300px.jpg",391,300,img element,1.30
"https://fapello.com/content/c/h/christina-model/1000/christina-model_0279_300px.jpg",470,300,img element,1.57
"https://fapello.com/content/c/h/christina-model/1000/christina-model_0278_300px.jpg",450,300,img element,1.50
"https://fapello.com/content/c/h/christina-model/1000/christina-model_0277_300px.jpg",450,300,img element,1.50
"https://fapello.com/content/c/h/christina-model/1000/christina-model_0276_300px.jpg",450,300,img element,1.50
"https://fapello.com/content/c/h/christina-model/1000/christina-model_0275_300px.jpg",300,450,img element,0.67
"https://fapello.com/content/c/h/christina-model/1000/christina-model_0274_300px.jpg",300,450,img element,0.67
"https://fapello.com/content/c/h/christina-model/1000/christina-model_0273_300px.jpg",300,450,img element,0.67
"https://fapello.com/content/c/h/christina-model/1000/christina-model_0272_300px.jpg",300,450,img element,0.67
"https://fapello.com/content/c/h/christina-model/1000/christina-model_0271_300px.jpg",300,450,img element,0.67
"https://fapello.com/content/c/h/christina-model/1000/christina-model_0270_300px.jpg",450,300,img element,1.50
"https://fapello.com/content/c/h/christina-model/1000/christina-model_0269_300px.jpg",450,300,img element,1.50
"https://fapello.com/content/c/h/christina-model/1000/christina-model_0268_300px.jpg",443,300,img element,1.48
"https://fapello.com/content/c/h/christina-model/1000/christina-model_0267_300px.jpg",300,388,img element,0.77
"https://fapello.com/content/c/h/christina-model/1000/christina-model_0266_300px.jpg",300,388,img element,0.77
"https://fapello.com/content/c/h/christina-model/1000/christina-model_0265_300px.jpg",300,388,img element,0.77
"https://fapello.com/content/c/h/christina-model/1000/christina-model_0264_300px.jpg",300,390,img element,0.77
"https://fapello.com/content/c/h/christina-model/1000/christina-model_0263_300px.jpg",300,394,img element,0.76
"https://fapello.com/content/c/h/christina-model/1000/christina-model_0262_300px.jpg",300,388,img element,0.77
"https://fapello.com/content/c/h/christina-model/1000/christina-model_0261_300px.jpg",300,450,img element,0.67
"https://fapello.com/content/c/h/christina-model/1000/christina-model_0260_300px.jpg",300,391,img element,0.77
"https://fapello.com/content/c/h/christina-model/1000/christina-model_0259_300px.jpg",300,387,img element,0.78
"https://fapello.com/content/c/h/christina-model/1000/christina-model_0258_300px.jpg",300,386,img element,0.78
"https://fapello.com/content/c/h/christina-model/1000/christina-model_0257_300px.jpg",300,388,img element,0.77
"https://fapello.com/content/c/h/christina-model/1000/christina-model_0256_300px.jpg",300,382,img element,0.79
"https://fapello.com/content/c/h/christina-model/1000/christina-model_0255_300px.jpg",300,450,img element,0.67
"https://fapello.com/content/c/h/christina-model/1000/christina-model_0254_300px.jpg",300,390,img element,0.77
"https://fapello.com/content/c/h/christina-model/1000/christina-model_0253_300px.jpg",300,450,img element,0.67
"https://fapello.com/content/c/h/christina-model/1000/christina-model_0252_300px.jpg",300,450,img element,0.67
"https://fapello.com/content/c/h/christina-model/1000/christina-model_0251_300px.jpg",300,450,img element,0.67
"https://fapello.com/content/c/h/christina-model/1000/christina-model_0250_300px.jpg",300,450,img element,0.67
"https://fapello.com/content/c/h/christina-model/1000/christina-model_0249_300px.jpg",300,450,img element,0.67
"https://fapello.com/content/c/h/christina-model/1000/christina-model_0248_300px.jpg",300,498,img element,0.60
"https://fapello.com/content/c/h/christina-model/1000/christina-model_0247_300px.jpg",300,447,img element,0.67
"https://fapello.com/content/c/h/christina-model/1000/christina-model_0246_300px.jpg",300,483,img element,0.62
"https://fapello.com/content/c/h/christina-model/1000/christina-model_0245_300px.jpg",300,479,img element,0.63
"https://fapello.com/content/c/h/christina-model/1000/christina-model_0244_300px.jpg",300,472,img element,0.64
"https://fapello.com/content/c/h/christina-model/1000/christina-model_0243_300px.jpg",300,452,img element,0.66
"https://fapello.com/content/c/h/christina-model/1000/christina-model_0242_300px.jpg",300,453,img element,0.66
"https://fapello.com/content/c/h/christina-model/1000/christina-model_0241_300px.jpg",300,535,img element,0.56
"https://fapello.com/content/c/h/christina-model/1000/christina-model_0240_300px.jpg",300,535,img element,0.56
"https://fapello.com/content/c/h/christina-model/1000/christina-model_0239_300px.jpg",300,535,img element,0.56
"https://fapello.com/content/c/h/christina-model/1000/christina-model_0238_300px.jpg",300,406,img element,0.74
"https://fapello.com/content/c/h/christina-model/1000/christina-model_0237_300px.jpg",300,406,img element,0.74
"https://fapello.com/content/c/h/christina-model/1000/christina-model_0236_300px.jpg",300,405,img element,0.74
"https://fapello.com/content/c/h/christina-model/1000/christina-model_0235_300px.jpg",300,386,img element,0.78
"https://fapello.com/content/c/h/christina-model/1000/christina-model_0234_300px.jpg",581,300,img element,1.94
"https://fapello.com/content/c/h/christina-model/1000/christina-model_0233_300px.jpg",300,501,img element,0.60
"https://fapello.com/content/c/h/christina-model/1000/christina-model_0232_300px.jpg",300,550,img element,0.55
"https://fapello.com/content/c/h/christina-model/1000/christina-model_0231_300px.jpg",300,400,img element,0.75
"https://fapello.com/content/c/h/christina-model/1000/christina-model_0230_300px.jpg",300,333,img element,0.90
"https://fapello.com/content/c/h/christina-model/1000/christina-model_0229_300px.jpg",300,450,img element,0.67
"https://fapello.com/content/c/h/christina-model/1000/christina-model_0228_300px.jpg",300,450,img element,0.67
"https://fapello.com/content/c/h/christina-model/1000/christina-model_0227_300px.jpg",300,386,img element,0.78
"https://fapello.com/content/c/h/christina-model/1000/christina-model_0226_300px.jpg",300,450,img element,0.67
"https://fapello.com/content/c/h/christina-model/1000/christina-model_0225_300px.jpg",300,424,img element,0.71
"https://fapello.com/content/c/h/christina-model/1000/christina-model_0224_300px.jpg",300,515,img element,0.58
"https://fapello.com/content/c/h/christina-model/1000/christina-model_0223_300px.jpg",300,443,img element,0.68
"https://fapello.com/content/c/h/christina-model/1000/christina-model_0222_300px.jpg",300,319,img element,0.94
"https://fapello.com/content/c/h/christina-model/1000/christina-model_0221_300px.jpg",399,300,img element,1.33
"https://fapello.com/content/c/h/christina-model/1000/christina-model_0220_300px.jpg",300,450,img element,0.67
"https://fapello.com/content/c/h/christina-model/1000/christina-model_0219_300px.jpg",300,450,img element,0.67
"https://fapello.com/content/c/h/christina-model/1000/christina-model_0218_300px.jpg",300,450,img element,0.67
"https://fapello.com/content/c/h/christina-model/1000/christina-model_0217_300px.jpg",300,450,img element,0.67
"https://fapello.com/content/c/h/christina-model/1000/christina-model_0216_300px.jpg",300,450,img element,0.67
"https://fapello.com/content/c/h/christina-model/1000/christina-model_0215_300px.jpg",300,450,img element,0.67
"https://fapello.com/content/c/h/christina-model/1000/christina-model_0214_300px.jpg",300,450,img element,0.67
"https://fapello.com/content/c/h/christina-model/1000/christina-model_0213_300px.jpg",300,450,img element,0.67
"https://fapello.com/content/c/h/christina-model/1000/christina-model_0212_300px.jpg",450,300,img element,1.50
"https://fapello.com/content/c/h/christina-model/1000/christina-model_0211_300px.jpg",300,313,img element,0.96
"https://fapello.com/content/c/h/christina-model/1000/christina-model_0210_300px.jpg",300,372,img element,0.81
"https://fapello.com/content/c/h/christina-model/1000/christina-model_0209_300px.jpg",300,375,img element,0.80
"https://fapello.com/content/c/h/christina-model/1000/christina-model_0208_300px.jpg",300,370,img element,0.81
"https://fapello.com/content/c/h/christina-model/1000/christina-model_0207_300px.jpg",300,364,img element,0.82
"https://fapello.com/content/c/h/christina-model/1000/christina-model_0206_300px.jpg",300,301,img element,1.00
"https://fapello.com/content/c/h/christina-model/1000/christina-model_0205_300px.jpg",300,384,img element,0.78
"https://fapello.com/content/c/h/christina-model/1000/christina-model_0204_300px.jpg",300,400,img element,0.75
"https://fapello.com/content/c/h/christina-model/1000/christina-model_0203_300px.jpg",300,423,img element,0.71
"https://fapello.com/content/c/h/christina-model/1000/christina-model_0202_300px.jpg",300,460,img element,0.65
"https://fapello.com/content/c/h/christina-model/1000/christina-model_0201_300px.jpg",300,390,img element,0.77
"https://fapello.com/content/c/h/christina-model/1000/christina-model_0200_300px.jpg",300,450,img element,0.67
"https://fapello.com/content/c/h/christina-model/1000/christina-model_0199_300px.jpg",300,418,img element,0.72
"https://fapello.com/content/c/h/christina-model/1000/christina-model_0198_300px.jpg",300,450,img element,0.67
"https://fapello.com/content/c/h/christina-model/1000/christina-model_0197_300px.jpg",300,477,img element,0.63
"https://fapello.com/content/c/h/christina-model/1000/christina-model_0196_300px.jpg",300,684,img element,0.44
"https://fapello.com/content/c/h/christina-model/1000/christina-model_0195_300px.jpg",300,497,img element,0.60
"https://fapello.com/content/c/h/christina-model/1000/christina-model_0194_300px.jpg",300,450,img element,0.67
"https://fapello.com/content/c/h/christina-model/1000/christina-model_0193_300px.jpg",300,545,img element,0.55
"https://fapello.com/content/c/h/christina-model/1000/christina-model_0192_300px.jpg",300,526,img element,0.57
"https://fapello.com/content/c/h/christina-model/1000/christina-model_0191_300px.jpg",300,450,img element,0.67
"https://fapello.com/content/c/h/christina-model/1000/christina-model_0190_300px.jpg",300,400,img element,0.75
"https://fapello.com/content/c/h/christina-model/1000/christina-model_0189_300px.jpg",300,400,img element,0.75
"https://fapello.com/content/c/h/christina-model/1000/christina-model_0188_300px.jpg",300,450,img element,0.67
"https://fapello.com/content/c/h/christina-model/1000/christina-model_0187_300px.jpg",300,450,img element,0.67
"https://fapello.com/content/c/h/christina-model/1000/christina-model_0186_300px.jpg",300,388,img element,0.77
"https://fapello.com/content/c/h/christina-model/1000/christina-model_0185_300px.jpg",300,390,img element,0.77
"https://fapello.com/content/c/h/christina-model/1000/christina-model_0184_300px.jpg",300,450,img element,0.67
"https://fapello.com/content/c/h/christina-model/1000/christina-model_0183_300px.jpg",300,346,img element,0.87
"https://fapello.com/content/c/h/christina-model/1000/christina-model_0182_300px.jpg",300,372,img element,0.81
"https://fapello.com/content/c/h/christina-model/1000/christina-model_0181_300px.jpg",300,451,img element,0.67
"https://fapello.com/content/c/h/christina-model/1000/christina-model_0180_300px.jpg",300,450,img element,0.67
"https://fapello.com/content/c/h/christina-model/1000/christina-model_0179_300px.jpg",533,300,img element,1.78
"https://fapello.com/content/c/h/christina-model/1000/christina-model_0178_300px.jpg",533,300,img element,1.78
"https://fapello.com/content/c/h/christina-model/1000/christina-model_0177_300px.jpg",533,300,img element,1.78
"https://fapello.com/content/c/h/christina-model/1000/christina-model_0176_300px.jpg",533,300,img element,1.78
"https://fapello.com/content/c/h/christina-model/1000/christina-model_0175_300px.jpg",533,300,img element,1.78
"https://fapello.com/content/c/h/christina-model/1000/christina-model_0174_300px.jpg",533,300,img element,1.78
"https://fapello.com/content/c/h/christina-model/1000/christina-model_0173_300px.jpg",533,300,img element,1.78
"https://fapello.com/content/c/h/christina-model/1000/christina-model_0172_300px.jpg",300,407,img element,0.74
"https://fapello.com/content/c/h/christina-model/1000/christina-model_0171_300px.jpg",300,389,img element,0.77
"https://fapello.com/content/c/h/christina-model/1000/christina-model_0170_300px.jpg",300,443,img element,0.68
"https://fapello.com/content/c/h/christina-model/1000/christina-model_0169_300px.jpg",300,438,img element,0.68
"https://fapello.com/content/c/h/christina-model/1000/christina-model_0168_300px.jpg",300,449,img element,0.67
"https://fapello.com/content/c/h/christina-model/1000/christina-model_0167_300px.jpg",300,450,img element,0.67
"https://fapello.com/content/c/h/christina-model/1000/christina-model_0166_300px.jpg",450,300,img element,1.50
"https://fapello.com/content/c/h/christina-model/1000/christina-model_0165_300px.jpg",300,404,img element,0.74
"https://fapello.com/content/c/h/christina-model/1000/christina-model_0164_300px.jpg",300,410,img element,0.73
"https://fapello.com/content/c/h/christina-model/1000/christina-model_0163_300px.jpg",300,346,img element,0.87
"https://fapello.com/content/c/h/christina-model/1000/christina-model_0162_300px.jpg",300,373,img element,0.80
"https://fapello.com/content/c/h/christina-model/1000/christina-model_0161_300px.jpg",300,435,img element,0.69
"https://fapello.com/content/c/h/christina-model/1000/christina-model_0160_300px.jpg",436,300,img element,1.45
"https://fapello.com/content/c/h/christina-model/1000/christina-model_0159_300px.jpg",300,346,img element,0.87
"https://fapello.com/content/c/h/christina-model/1000/christina-model_0158_300px.jpg",300,617,img element,0.49
"https://fapello.com/content/c/h/christina-model/1000/christina-model_0157_300px.jpg",300,383,img element,0.78
"https://fapello.com/content/c/h/christina-model/1000/christina-model_0156_300px.jpg",300,453,img element,0.66
"https://fapello.com/content/c/h/christina-model/1000/christina-model_0155_300px.jpg",300,367,img element,0.82
"https://fapello.com/content/c/h/christina-model/1000/christina-model_0154_300px.jpg",300,437,img element,0.69
"https://fapello.com/content/c/h/christina-model/1000/christina-model_0153_300px.jpg",300,405,img element,0.74
"https://fapello.com/content/c/h/christina-model/1000/christina-model_0152_300px.jpg",300,400,img element,0.75
"https://fapello.com/content/c/h/christina-model/1000/christina-model_0151_300px.jpg",333,300,img element,1.11
"https://fapello.com/content/c/h/christina-model/1000/christina-model_0150_300px.jpg",300,379,img element,0.79
"https://fapello.com/content/c/h/christina-model/1000/christina-model_0149_300px.jpg",300,316,img element,0.95
"https://fapello.com/content/c/h/christina-model/1000/christina-model_0148_300px.jpg",300,409,img element,0.73
"https://fapello.com/content/c/h/christina-model/1000/christina-model_0147_300px.jpg",300,376,img element,0.80
"https://fapello.com/content/c/h/christina-model/1000/christina-model_0146_300px.jpg",300,380,img element,0.79
"https://fapello.com/content/c/h/christina-model/1000/christina-model_0145_300px.jpg",300,450,img element,0.67
"https://fapello.com/content/c/h/christina-model/1000/christina-model_0144_300px.jpg",300,665,img element,0.45
"https://fapello.com/content/c/h/christina-model/1000/christina-model_0143_300px.jpg",300,581,img element,0.52
"https://fapello.com/content/c/h/christina-model/1000/christina-model_0142_300px.jpg",533,300,img element,1.78
"https://fapello.com/content/c/h/christina-model/1000/christina-model_0141_300px.jpg",533,300,img element,1.78
"https://fapello.com/content/c/h/christina-model/1000/christina-model_0140_300px.jpg",533,300,img element,1.78
"https://fapello.com/content/c/h/christina-model/1000/christina-model_0139_300px.jpg",400,300,img element,1.33
"https://fapello.com/content/c/h/christina-model/1000/christina-model_0138_300px.jpg",539,300,img element,1.80
"https://fapello.com/content/c/h/christina-model/1000/christina-model_0137_300px.jpg",535,300,img element,1.78
"https://fapello.com/content/c/h/christina-model/1000/christina-model_0136_300px.jpg",533,300,img element,1.78
"https://fapello.com/content/c/h/christina-model/1000/christina-model_0135_300px.jpg",680,300,img element,2.27
"https://fapello.com/content/c/h/christina-model/1000/christina-model_0134_300px.jpg",450,300,img element,1.50
"https://fapello.com/content/c/h/christina-model/1000/christina-model_0133_300px.jpg",570,300,img element,1.90
"https://fapello.com/content/c/h/christina-model/1000/christina-model_0132_300px.jpg",531,300,img element,1.77
"https://fapello.com/content/c/h/christina-model/1000/christina-model_0131_300px.jpg",300,446,img element,0.67
"https://fapello.com/content/c/h/christina-model/1000/christina-model_0130_300px.jpg",300,586,img element,0.51
"https://fapello.com/content/c/h/christina-model/1000/christina-model_0129_300px.jpg",300,590,img element,0.51
"https://fapello.com/content/c/h/christina-model/1000/christina-model_0128_300px.jpg",300,356,img element,0.84
"https://fapello.com/content/c/h/christina-model/1000/christina-model_0127_300px.jpg",300,450,img element,0.67
"https://fapello.com/content/c/h/christina-model/1000/christina-model_0126_300px.jpg",450,300,img element,1.50
"https://fapello.com/content/c/h/christina-model/1000/christina-model_0125_300px.jpg",300,450,img element,0.67
"https://fapello.com/content/c/h/christina-model/1000/christina-model_0124_300px.jpg",736,300,img element,2.45
"https://fapello.com/content/c/h/christina-model/1000/christina-model_0123_300px.jpg",300,367,img element,0.82
"https://fapello.com/content/c/h/christina-model/1000/christina-model_0122_300px.jpg",641,300,img element,2.14
"https://fapello.com/content/c/h/christina-model/1000/christina-model_0121_300px.jpg",300,451,img element,0.67
"https://fapello.com/content/c/h/christina-model/1000/christina-model_0120_300px.jpg",300,450,img element,0.67
"https://fapello.com/content/c/h/christina-model/1000/christina-model_0119_300px.jpg",300,380,img element,0.79
"https://fapello.com/content/c/h/christina-model/1000/christina-model_0118_300px.jpg",315,300,img element,1.05
"https://fapello.com/content/c/h/christina-model/1000/christina-model_0117_300px.jpg",300,401,img element,0.75
"https://fapello.com/content/c/h/christina-model/1000/christina-model_0116_300px.jpg",300,406,img element,0.74
"https://fapello.com/content/c/h/christina-model/1000/christina-model_0115_300px.jpg",300,450,img element,0.67
"https://fapello.com/content/c/h/christina-model/1000/christina-model_0114_300px.jpg",300,450,img element,0.67
"https://fapello.com/content/c/h/christina-model/1000/christina-model_0113_300px.jpg",300,450,img element,0.67
"https://fapello.com/content/c/h/christina-model/1000/christina-model_0112_300px.jpg",300,450,img element,0.67
"https://fapello.com/content/c/h/christina-model/1000/christina-model_0111_300px.jpg",300,450,img element,0.67
"https://fapello.com/content/c/h/christina-model/1000/christina-model_0110_300px.jpg",300,450,img element,0.67
"https://fapello.com/content/c/h/christina-model/1000/christina-model_0109_300px.jpg",300,370,img element,0.81
"https://fapello.com/content/c/h/christina-model/1000/christina-model_0108_300px.jpg",300,404,img element,0.74
"https://fapello.com/content/c/h/christina-model/1000/christina-model_0107_300px.jpg",300,450,img element,0.67
"https://fapello.com/content/c/h/christina-model/1000/christina-model_0106_300px.jpg",450,300,img element,1.50
"https://fapello.com/content/c/h/christina-model/1000/christina-model_0105_300px.jpg",300,450,img element,0.67
"https://fapello.com/content/c/h/christina-model/1000/christina-model_0104_300px.jpg",300,450,img element,0.67
"https://fapello.com/content/c/h/christina-model/1000/christina-model_0103_300px.jpg",300,450,img element,0.67
"https://fapello.com/content/c/h/christina-model/1000/christina-model_0102_300px.jpg",300,450,img element,0.67
"https://fapello.com/content/c/h/christina-model/1000/christina-model_0101_300px.jpg",300,300,img element,1.00
"https://fapello.com/content/c/h/christina-model/1000/christina-model_0100_300px.jpg",300,300,img element,1.00
"https://fapello.com/content/c/h/christina-model/1000/christina-model_0099_300px.jpg",300,509,img element,0.59
"https://fapello.com/content/c/h/christina-model/1000/christina-model_0098_300px.jpg",300,635,img element,0.47
"https://fapello.com/content/c/h/christina-model/1000/christina-model_0097_300px.jpg",300,649,img element,0.46
"https://fapello.com/content/c/h/christina-model/1000/christina-model_0096_300px.jpg",300,649,img element,0.46
"https://fapello.com/content/c/h/christina-model/1000/christina-model_0095_300px.jpg",300,450,img element,0.67
"https://fapello.com/content/c/h/christina-model/1000/christina-model_0094_300px.jpg",300,450,img element,0.67
"https://fapello.com/content/c/h/christina-model/1000/christina-model_0093_300px.jpg",300,337,img element,0.89
"https://fapello.com/content/c/h/christina-model/1000/christina-model_0092_300px.jpg",300,424,img element,0.71
"https://fapello.com/content/c/h/christina-model/1000/christina-model_0091_300px.jpg",452,300,img element,1.51
"https://fapello.com/content/c/h/christina-model/1000/christina-model_0090_300px.jpg",300,452,img element,0.66
"https://fapello.com/content/c/h/christina-model/1000/christina-model_0089_300px.jpg",300,452,img element,0.66
"https://fapello.com/content/c/h/christina-model/1000/christina-model_0088_300px.jpg",452,300,img element,1.51
"https://fapello.com/content/c/h/christina-model/1000/christina-model_0087_300px.jpg",300,450,img element,0.67
"https://fapello.com/content/c/h/christina-model/1000/christina-model_0086_300px.jpg",300,450,img element,0.67
"https://fapello.com/content/c/h/christina-model/1000/christina-model_0085_300px.jpg",300,497,img element,0.60
"https://fapello.com/content/c/h/christina-model/1000/christina-model_0084_300px.jpg",300,567,img element,0.53
"https://fapello.com/content/c/h/christina-model/1000/christina-model_0083_300px.jpg",367,300,img element,1.22
"https://fapello.com/content/c/h/christina-model/1000/christina-model_0082_300px.jpg",533,300,img element,1.78
"https://fapello.com/content/c/h/christina-model/1000/christina-model_0081_300px.jpg",533,300,img element,1.78
"https://fapello.com/content/c/h/christina-model/1000/christina-model_0080_300px.jpg",533,300,img element,1.78
"https://fapello.com/content/c/h/christina-model/1000/christina-model_0079_300px.jpg",533,300,img element,1.78
"https://fapello.com/content/c/h/christina-model/1000/christina-model_0078_300px.jpg",533,300,img element,1.78
"https://fapello.com/content/c/h/christina-model/1000/christina-model_0077_300px.jpg",533,300,img element,1.78
"https://fapello.com/content/c/h/christina-model/1000/christina-model_0076_300px.jpg",533,300,img element,1.78
"https://fapello.com/content/c/h/christina-model/1000/christina-model_0075_300px.jpg",533,300,img element,1.78
"https://fapello.com/content/c/h/christina-model/1000/christina-model_0074_300px.jpg",533,300,img element,1.78
"https://fapello.com/content/c/h/christina-model/1000/christina-model_0073_300px.jpg",300,360,img element,0.83
"https://fapello.com/content/c/h/christina-model/1000/christina-model_0072_300px.jpg",533,300,img element,1.78
"https://fapello.com/content/c/h/christina-model/1000/christina-model_0071_300px.jpg",533,300,img element,1.78
"https://fapello.com/content/c/h/christina-model/1000/christina-model_0070_300px.jpg",533,300,img element,1.78
"https://fapello.com/content/c/h/christina-model/1000/christina-model_0069_300px.jpg",533,300,img element,1.78
"https://fapello.com/content/c/h/christina-model/1000/christina-model_0068_300px.jpg",533,300,img element,1.78
"https://fapello.com/content/c/h/christina-model/1000/christina-model_0067_300px.jpg",533,300,img element,1.78
"https://fapello.com/content/c/h/christina-model/1000/christina-model_0066_300px.jpg",300,362,img element,0.83
"https://fapello.com/content/c/h/christina-model/1000/christina-model_0065_300px.jpg",533,300,img element,1.78
"https://fapello.com/content/c/h/christina-model/1000/christina-model_0064_300px.jpg",533,300,img element,1.78
"https://fapello.com/content/c/h/christina-model/1000/christina-model_0063_300px.jpg",533,300,img element,1.78
"https://fapello.com/content/c/h/christina-model/1000/christina-model_0062_300px.jpg",300,362,img element,0.83
"https://fapello.com/content/c/h/christina-model/1000/christina-model_0061_300px.jpg",533,300,img element,1.78
"https://fapello.com/content/c/h/christina-model/1000/christina-model_0060_300px.jpg",300,359,img element,0.84
"https://fapello.com/content/c/h/christina-model/1000/christina-model_0059_300px.jpg",533,300,img element,1.78
"https://fapello.com/content/c/h/christina-model/1000/christina-model_0058_300px.jpg",533,300,img element,1.78
"https://fapello.com/content/c/h/christina-model/1000/christina-model_0057_300px.jpg",533,300,img element,1.78
"https://fapello.com/content/c/h/christina-model/1000/christina-model_0056_300px.jpg",533,300,img element,1.78
"https://fapello.com/content/c/h/christina-model/1000/christina-model_0055_300px.jpg",533,300,img element,1.78
"https://fapello.com/content/c/h/christina-model/1000/christina-model_0054_300px.jpg",533,300,img element,1.78
"https://fapello.com/content/c/h/christina-model/1000/christina-model_0053_300px.jpg",533,300,img element,1.78
"https://fapello.com/content/c/h/christina-model/1000/christina-model_0052_300px.jpg",533,300,img element,1.78
"https://fapello.com/content/c/h/christina-model/1000/christina-model_0051_300px.jpg",533,300,img element,1.78
"https://fapello.com/content/c/h/christina-model/1000/christina-model_0050_300px.jpg",533,300,img element,1.78
"https://fapello.com/content/c/h/christina-model/1000/christina-model_0049_300px.jpg",300,407,img element,0.74
"https://fapello.com/content/c/h/christina-model/1000/christina-model_0048_300px.jpg",501,300,img element,1.67
"https://fapello.com/content/c/h/christina-model/1000/christina-model_0047_300px.jpg",300,409,img element,0.73
"https://fapello.com/content/c/h/christina-model/1000/christina-model_0046_300px.jpg",300,492,img element,0.61
"https://fapello.com/content/c/h/christina-model/1000/christina-model_0045_300px.jpg",300,406,img element,0.74
"https://fapello.com/content/c/h/christina-model/1000/christina-model_0044_300px.jpg",300,407,img element,0.74
"https://fapello.com/content/c/h/christina-model/1000/christina-model_0043_300px.jpg",300,301,img element,1.00
"https://fapello.com/content/c/h/christina-model/1000/christina-model_0042_300px.jpg",300,304,img element,0.99
"https://fapello.com/content/c/h/christina-model/1000/christina-model_0041_300px.jpg",300,475,img element,0.63
"https://fapello.com/content/c/h/christina-model/1000/christina-model_0040_300px.jpg",300,405,img element,0.74
"https://fapello.com/content/c/h/christina-model/1000/christina-model_0039_300px.jpg",300,407,img element,0.74
"https://fapello.com/content/c/h/christina-model/1000/christina-model_0038_300px.jpg",300,404,img element,0.74
"https://fapello.com/content/c/h/christina-model/1000/christina-model_0037_300px.jpg",300,303,img element,0.99
"https://fapello.com/content/c/h/christina-model/1000/christina-model_0036_300px.jpg",300,303,img element,0.99
"https://fapello.com/content/c/h/christina-model/1000/christina-model_0035_300px.jpg",533,300,img element,1.78
"https://fapello.com/content/c/h/christina-model/1000/christina-model_0034_300px.jpg",300,409,img element,0.73
"https://fapello.com/content/c/h/christina-model/1000/christina-model_0033_300px.jpg",300,404,img element,0.74
"https://fapello.com/content/c/h/christina-model/1000/christina-model_0032_300px.jpg",533,300,img element,1.78
"https://fapello.com/content/c/h/christina-model/1000/christina-model_0031_300px.jpg",300,301,img element,1.00
"https://fapello.com/content/c/h/christina-model/1000/christina-model_0030_300px.jpg",300,303,img element,0.99
"https://fapello.com/content/c/h/christina-model/1000/christina-model_0029_300px.jpg",300,491,img element,0.61
"https://fapello.com/content/c/h/christina-model/1000/christina-model_0028_300px.jpg",300,470,img element,0.64
"https://fapello.com/content/c/h/christina-model/1000/christina-model_0027_300px.jpg",300,474,img element,0.63
"https://fapello.com/content/c/h/christina-model/1000/christina-model_0026_300px.jpg",300,406,img element,0.74
"https://fapello.com/content/c/h/christina-model/1000/christina-model_0025_300px.jpg",300,302,img element,0.99
"https://fapello.com/content/c/h/christina-model/1000/christina-model_0024_300px.jpg",300,470,img element,0.64
"https://fapello.com/content/c/h/christina-model/1000/christina-model_0023_300px.jpg",300,491,img element,0.61
"https://fapello.com/content/c/h/christina-model/1000/christina-model_0022_300px.jpg",300,495,img element,0.61
"https://fapello.com/content/c/h/christina-model/1000/christina-model_0021_300px.jpg",300,300,img element,1.00
"https://fapello.com/content/c/h/christina-model/1000/christina-model_0020_300px.jpg",300,407,img element,0.74
"https://fapello.com/content/c/h/christina-model/1000/christina-model_0019_300px.jpg",533,300,img element,1.78
"https://fapello.com/content/c/h/christina-model/1000/christina-model_0018_300px.jpg",300,472,img element,0.64
"https://fapello.com/content/c/h/christina-model/1000/christina-model_0017_300px.jpg",300,400,img element,0.75
"https://fapello.com/content/c/h/christina-model/1000/christina-model_0016_300px.jpg",300,474,img element,0.63
"https://fapello.com/content/c/h/christina-model/1000/christina-model_0015_300px.jpg",300,406,img element,0.74
"https://fapello.com/content/c/h/christina-model/1000/christina-model_0014_300px.jpg",300,476,img element,0.63
"https://fapello.com/content/c/h/christina-model/1000/christina-model_0013_300px.jpg",300,406,img element,0.74
"https://fapello.com/content/c/h/christina-model/1000/christina-model_0012_300px.jpg",300,491,img element,0.61
"https://fapello.com/content/c/h/christina-model/1000/christina-model_0010_300px.jpg",300,401,img element,0.75
"https://fapello.com/content/c/h/christina-model/1000/christina-model_0009_300px.jpg",300,401,img element,0.75
"https://fapello.com/content/c/h/christina-model/1000/christina-model_0008_300px.jpg",300,401,img element,0.75
"https://fapello.com/content/c/h/christina-model/1000/christina-model_0007_300px.jpg",300,401,img element,0.75
"https://fapello.com/content/c/h/christina-model/1000/christina-model_0006_300px.jpg",300,401,img element,0.75
"https://fapello.com/content/c/h/christina-model/1000/christina-model_0005_300px.jpg",300,401,img element,0.75
"https://fapello.com/content/c/h/christina-model/1000/christina-model_0004_300px.jpg",533,300,img element,1.78
"https://fapello.com/content/c/h/christina-model/1000/christina-model_0003_300px.jpg",533,300,img element,1.78
"https://fapello.com/content/c/h/christina-model/1000/christina-model_0002_300px.jpg",533,300,img element,1.78
"https://fapello.com/content/c/h/christina-model/1000/christina-model_0001_300px.jpg",533,300,img element,1.78
"https://fapello.com/assets/images/welcomebar15.png",750,140,img element,5.36
"https://fapello.com/assets/images/button.png",32,32,img element,1.00
