5USA UK[geo-blocked],https://stream1.freetv.fun/b2511b96058d5888f47d6bea9898970f1fd6b4025275694b3ec780f721250583.m3u8
BBC 1,https://stream1.freetv.fun/3f4126889f9a42bfdf5c82096aefefe13df4240e6d6376faac5c5cb78c7252ed.m3u8
BBC 1[geo-blocked],https://stream1.freetv.fun/38b9c6e071fc1cb8da19ea12c0c6e5b3f151c5a051f789a343ffe987c8c52bfe.m3u8
BBC 3[geo-blocked],https://stream1.freetv.fun/7b73cf950b6b7e8d7dba88e7458a9c13e01c30ccbccaac325de77c172cc8c06c.m3u8
BBC 4 (UK)[geo-blocked],https://stream1.freetv.fun/48a05518678b200a593596136d943a0417fc16bae85f7ec6ffa46039791e4d91.m3u8
BBC 4 Kids[geo-blocked],https://stream1.freetv.fun/2416ca0aed761508c269bf16bc2b95271d92d9c5e1bc83a9c1c059bb0c0dd267.m3u8
BBC America,https://stream1.freetv.fun/dc79b2a75fc1a86ab372a31e9a13c8d3d5e28d0326a12502ee64d414fcb1cfa6.m3u8
BBC America,https://stream1.freetv.fun/10600e6ac2e34150d2ab97001da71f6aab724bc5a8cbe97522a67ca80707d03c.m3u8
BBC America,https://stream1.freetv.fun/f7d44b60f748981542269b1b3476ac25615195a25a65b820993e99fbbca924c6.m3u8
BBC America,https://stream1.freetv.fun/eb96b79759929e7765f15f07c875d7b8d3f661a96c8dd73271c0aa0910009763.ctv
BBC America,https://stream1.freetv.fun/f72a4db9a87071269d37e2d00767c4bf858c59a900f7a09ca5be7843182e86ed.ctv
BBC CBeebies[geo-blocked],https://stream1.freetv.fun/a60847a298e22ddf98f40a0b324ce29ad350c1d23ad0c5799e5ae70f382c16f6.ctv
BBC CBeebies[geo-blocked],https://stream1.freetv.fun/3b7bbf23ecd44234de555459611419acbe5514066530decc27a14c9a283290fc.m3u8
BBC CBeebies[geo-blocked],https://stream1.freetv.fun/de3316e811af6443f96e6f22daecefd6641aa08746efc39116a29e0cff9994ae.ctv
BBC CBeebies[geo-blocked],https://stream1.freetv.fun/e402464b6312499bab3e441623ba197811f4597953f4dde5d36b616bcd0caa85.m3u8
BBC Four,https://stream1.freetv.fun/708e4fabf82f0b0c6545f57a6e2adc6efa70889305d6ec45098af06b81da4c2f.m3u8
BBC HD[geo-blocked],https://stream1.freetv.fun/14060425261fc5ee1d9b9da7da039e3d8f24b52ca06404a239494096ffa03a3f.m3u8
BBC HD,https://stream1.freetv.fun/2aa9cf394a90885ff0891b196728b0487efdfc4f32c19f975ebeb23759bc3bd9.m3u8
BBC HD,https://stream1.freetv.fun/bb9803af287dc3270c563b8a9cdb13523e2ebc59f68189e8e79b026271741f19.m3u8
BBC HD[geo-blocked],https://stream1.freetv.fun/5ae21915b72138b560f434d7cfc077c00e3b7b7ae551755cf173de860a7b9acb.m3u8
BBC News HD,https://stream1.freetv.fun/95062cfdd0dd31515aacf821cdd9df058aaa0bb9ea9b1d5b1e93d8a93f38892b.ctv
BBC News HD[geo-blocked],https://stream1.freetv.fun/222874539b8c821783a37d4d9619e8bce3235f344696995dcc358e53f6e64ddf.m3u8
BBC News HD[geo-blocked],https://stream1.freetv.fun/3c988d55b2a04c42a315584c741e6deef80e8090fc6508da2bf1efcfaec105a9.m3u8
BBC News HD,https://stream1.freetv.fun/fe1e9d7f99d9b0afaed805dc530dc0061f5faa10da474bdefcfb0f0a9587fa66.m3u8
BBC News HD,https://stream1.freetv.fun/609a68c18addd3cf39e229d04597bd9df04e9cb9967272d59d445353c6797e52.m3u8
BBC News HD UK,https://stream1.freetv.fun/27533d4aae81c100ff1f536463862f400a3e630d33ce6b575cc5caee1ac7ef04.ctv
BBC Parliament[geo-blocked],https://stream1.freetv.fun/28170ebd81b816ef00c72ad334e99cdd4898af5cf1585a250c3f7e648d7020b9.m3u8
BBC Three,https://stream1.freetv.fun/932aa27c05187828372212b487abea09fa60fcf96b28cb2f19481fa26dbd219f.m3u8
BBC Two HD,https://stream1.freetv.fun/980f8ba9a32a10e1ab91ee09c45ad6ca4b7b536c7a0173ad06a22d25439ba833.m3u8
BBC World News[geo-blocked],https://stream1.freetv.fun/c032770639313187c6c9e4de35890583b71c7e3872b140404c8ad0bd30705533.ctv
BBC World News,https://stream1.freetv.fun/59824970cd321d7deb0323a3c9b9314007f78ef783a6487103553f3d33eb5310.ctv
BBC World News,https://stream1.freetv.fun/d41ae8f8c38bc664fe6296cb1f810c214e4820f8107f8f12e62c6487dd40cdb8.ctv
BBC World News[geo-blocked],https://stream1.freetv.fun/9dc90eb8da14499cdd37a1c61883e6821f3370161b5823db5f96b331a3133984.m3u8
Bridge TV Classic,https://stream1.freetv.fun/72e307c4a338ed598c5465840ceb2e4da4fdef655c8fef9bbc3b4ae5b453312f.m3u8
Bridge TV Classic,https://stream1.freetv.fun/4867c96ca7a1d11f598912e61e046fe84dfe36c2ff12efa0fe4755da08e5c04e.m3u8
Bridge TV Classic,https://stream1.freetv.fun/db52b7a96fd30b5062f71bab9ca66d654d6cabda2529d14686ea0a7dd539d19d.m3u8
CBBC[geo-blocked],https://stream1.freetv.fun/eaedfc97aab5fcbdb55edb134f5cffdda6ea083f15ae3195429efe6bfc181d18.m3u8
Chelsea TV[geo-blocked],https://stream1.freetv.fun/b1a40790a698671709dd66bd3e687ccda3ce0ca03f1e5d41cd3edc8759dcc64f.m3u8
DMAX,https://stream1.freetv.fun/e409a7170add2efe325f87ed3ac3b51ecd5d0910a0a0453418be62d9d7370d05.m3u8
DMAX,https://stream1.freetv.fun/56f269fbc3356ab720ae5a48315b19e6fd2b1a8e09fde1a08340c6fb948d1029.m3u8
Discovery Channel  (UK),https://stream1.freetv.fun/be59bbb9e9da2d8e2a5529bd5cae9f496acd5681991e07c56c364d5c1e384264.ctv
Discovery Channel  (UK),https://stream1.freetv.fun/f9b028daf3664d3ae9c28e7912be886fe8a972250bc212896278af66901caad7.ctv
Discovery Channel  (UK),https://stream1.freetv.fun/d311c7ed8b928836320888def375546611a4df7c1368b050c61ec51e6982bd67.m3u8
Discovery Channel UK[geo-blocked],https://stream1.freetv.fun/ddeca01f343d8f09686eabf1d2bea63a901b392e714fc35769a6d44ec7da40e7.ctv
Discovery Turbo UK,https://stream1.freetv.fun/60a033187679adee71ef9546b75039fc287f76a38541d6734ef2ba44ec9ca688.ctv
Discovery Turbo UK[geo-blocked],https://stream1.freetv.fun/08a5070538e76112eddf49ffcf1e151d51f9f1ec3bf8a4f4d2cdb9aaf1f396c3.ctv
Euronews English,https://stream1.freetv.fun/990db7098a5b882c08a80bdbbf98ff071357dfc7c0a9053aae31595566165213.m3u8
Film4 UK,https://stream1.freetv.fun/539c5446337ed88b265b2a85ca391febef9ff68fdc20130508db39a9be02ec5d.ctv
Film4 UK,https://stream1.freetv.fun/2e55600c7e52ac43ab3b7e179a808aa535eb8f627f1da0a44a7d45bffbe4b541.ctv
Film4 UK,https://stream1.freetv.fun/ee26b64031ce863b35afcdeb8d346f23e49ec789b05a1ff8dd84a625623ecc1a.ctv
Football UK[geo-blocked],https://stream1.freetv.fun/780401aa25f25b466cca7119312abafaf1188834acb9acebef8cf449152ef5a2.m3u8
Football UK[geo-blocked],https://stream1.freetv.fun/f8c708f44df7f814b69a406843267993856894595b6911b60512bdde2b2e7e4e.m3u8
Football UK[geo-blocked],https://stream1.freetv.fun/5d0c006587a4b520e0599a29aea32674ef24a47efc907e0b72e1d83b13a341a3.m3u8
Football UK,https://stream1.freetv.fun/638f1adabefa04684973c7a32c1f2d9fa1a762125509529a7f65ddf5cc1a4ece.m3u8
Football UK,https://stream1.freetv.fun/5324a49c647bc3e59f30fe4d51fe3002b243f48d5290e401e241c1c0bfad85cb.m3u8
Football UK[geo-blocked],https://stream1.freetv.fun/415031d219932f94ccb1aa8eb719f0b4d7a690f5225d020328ce281d870353c1.m3u8
Football UK[geo-blocked],https://stream1.freetv.fun/340c2c9363b1c55e0c2e4e84327701b6b4cf07c0cc14c0b4edf581cea8c10d6a.ctv
Football UK,https://stream1.freetv.fun/4e97431c00fa3a1f42542302a2c4a6ecdb1620c2847cc7fda9d6a478dadfa7fd.ctv
Football UK,https://stream1.freetv.fun/a1c7a5716c85e25473da7237c4a434a3e25198127083b22bf750f283839b333a.m3u8
Football UK[geo-blocked],https://stream1.freetv.fun/20731c394cb862a6a31c9e6ef14b41fb4e1dd718a7015be054ecc23e072bb17e.m3u8
Football UK,https://stream1.freetv.fun/275aa8873a71b89ba84efe20117272a5355b3c2ee1ed971abd4d5ae45afe3c95.m3u8
Gold TV HD,https://stream1.freetv.fun/2765dfc540b957da9caaf05c45c1699c2aab00575c35a98b188055ac3f5fc4bf.m3u8
Great Movies,https://stream1.freetv.fun/647f5df012e0874827751b8bd1d0ea03e9254ac2e73762d35388b5ee64312d9c.m3u8
Green TV,https://stream1.freetv.fun/f36ecb15c68a847ae1c4b021f57ed02c21c41f84949a00dd60d536989ff6f6d7.m3u8
History Channel  (UK),https://stream1.freetv.fun/e3b8f91c275d43140e5467d4ed4effeea959b03f66553d0d17872415d42b2f3f.m3u8
History Channel  (UK),https://stream1.freetv.fun/9de6210c352cc9dd03d4555e932f736ad720bee6f426b5abe5047f3922818c6c.ctv
Horse&Country,https://stream1.freetv.fun/ffe1fb166255de25463aae0063d4626cbc49203d7b1a471698b48d777af335ac.m3u8
Horse&Country,https://stream1.freetv.fun/2ac4df20a3fa61bda4f400279f3c97872d5b556663d3f91e0466740e4f6d0f01.m3u8
Horse&Country,https://stream1.freetv.fun/d8971f51883dc2df9a9a941d839a66354e48cd506da0de051c86df0d2f5248a0.m3u8
ION,https://stream1.freetv.fun/9b4811f60f163e860f10caced98e080bee47b6512d0f4e4e4b642293680a88d2.m3u8
ISLAM CHANNEL,https://stream1.freetv.fun/c6a4b022a45f825d13027192b2b1e749bf269992059e4f1a20e8444a50009be0.m3u8
ISLAM CHANNEL,https://stream1.freetv.fun/f61919f8e52ef65f96c7cb300e2a95002813cc444ce87cc79a47c3b64dc74e50.m3u8
ITV,https://stream1.freetv.fun/d707595014e2bec9bee1dd96079bc3858c7444d347d53860c0d3b3ef8a73775f.m3u8
ITV,https://stream1.freetv.fun/e4b1e65d395bf4eb99350839482fa28c75e73cedf7cda6ba6a883fb76e33939b.m3u8
ITV 1 (UK)[geo-blocked],https://stream1.freetv.fun/504ecdf1044aadd788878d57be20f56b93f04fc9b88faa566a0514097fa82e12.m3u8
ITV 1 (UK),https://stream1.freetv.fun/8a6e840390167423a42b7d1c69f6e170faedc97b4cb8c8819c61fae9475be22f.ctv
ITV 2 (UK),https://stream1.freetv.fun/80e088cd90d960578f178efd5bd2c727943d1d774bf8f81009d50b2165346ca1.m3u8
ITV2,https://stream1.freetv.fun/b403bd959e26736fdc64b040f810e3a9ef28a91fc5ad5a567052a24d77f34f9f.ctv
ITV2,https://stream1.freetv.fun/2559556b8f5606ed10ece8f98700bfd14e6c9f6e936bce90ba94cca1b1e1d74c.ctv
ITV2[geo-blocked],https://stream1.freetv.fun/e2e31321f0d62400452c850921efd11a7df991b25692b53b4a497a6509e6e1f0.m3u8
ITV3[geo-blocked],https://stream1.freetv.fun/21e731568029977fbc3c09bd574ec7daef7887179d4be2511baca2b2acfb2310.m3u8
ITV4[geo-blocked],https://stream1.freetv.fun/0655a7a5b344b6ca8f233b9b3f64b6d5f6b50dd5a0a314a13098a696dee2a50a.m3u8
Iqra TV UK,https://stream1.freetv.fun/d349c70296de32035440a185e4c3a0eac92003b97880fd877e504ef65333e45f.m3u8
Kiss TV,https://stream1.freetv.fun/b7fff5faf4b32dc57d8051e0b7fd8356f0ad8683e091b8ac5865aff8f47bebfc.m3u8
Kiss TV,https://stream1.freetv.fun/3e5af30dae999be24a7063fe18bcdd8471bbd8458bc63abff29f1466681b4d5b.m3u8
MTV Base[geo-blocked],https://stream1.freetv.fun/e56c2cddb74d22809c2d307a2b8a725b040f9189d4fd20d6ea1eaf0f00b9cf62.m3u8
MTV UK,https://stream1.freetv.fun/b9aa140c320be754d23d1be4ad6c7792b91796a93256a504c940062737d5b0ff.ctv
MUTV[geo-blocked],https://stream1.freetv.fun/de50c8799e131275656698b0edb33f160490d4f9aa4e1b25087f4c3771284154.m3u8
Movies 24 UK,https://stream1.freetv.fun/505ed1034fbb979d2841ed09b354a147b00789fb7825b23dbd28bd29127586da.m3u8
Nat Geo Wild UK,https://stream1.freetv.fun/c5907a87c487a32ace072aba6e6019ec6d6c1d52e0f5f58dee4d4432e2d34195.ctv
Nick Toons UK[geo-blocked],https://stream1.freetv.fun/fab31b39ce8fca1a8541f6310f9f9630269b7e44fa58e43634bc6bc51f79a701.ctv
Nick Toons UK,https://stream1.freetv.fun/4f7ff577a287cba3762195c9dee0942cda08c1e5407e15cbb7cf94ff59b96883.m3u8
Nickelodeon  (UK),https://stream1.freetv.fun/4dc32fed406895d62882786da2793e0d3a658a5d4006ea359f4b7ba96656d699.m3u8
Nickelodeon  (UK),https://stream1.freetv.fun/f72ed679c5b7dabd2934d8a07011aa24c7b8af2e40dd2ced7ad45bfc5d8c70a9.m3u8
Nickelodeon  (UK),https://stream1.freetv.fun/603572018a11b6a4829f4f03e563ff9c4e34b3b66a1b8e3f663dd62f12873307.m3u8
Nickelodeon  (UK),https://stream1.freetv.fun/5e8055f8fdb94e089aa577f8da0d839d3cc5bcfbf7e1d6bb43935c752919011e.m3u8
Nickelodeon  (UK)[geo-blocked],https://stream1.freetv.fun/b742962886fdf7c6d015c7a9cba889e284f3e7b536e815db78e8e74b79c5c370.m3u8
Nickelodeon  (UK),https://stream1.freetv.fun/9148fbb8458c5ba9dc0305e00184f983f3f4af611918cfbb4547a173f7a7f671.ctv
Nickelodeon  (UK),https://stream1.freetv.fun/5348dd2195e504df6a21f650937ae78581722b11286a098b23f1143d3f9f7a0e.ctv
Nickelodeon  (UK),https://stream1.freetv.fun/f9bcedaa6aee45790746f1e9badf63675b8ed26f400b1ae3b19c742b9b0d223c.ctv
Nickelodeon  (UK)[geo-blocked],https://stream1.freetv.fun/40a71f90a14be20634c9955130c6f36d3b421fb6e6d990e857a3b9570620c9b0.ctv
Nickelodeon  (UK)[geo-blocked],https://stream1.freetv.fun/9a4d23021c90ab349967015fb5bf2e19d8536c9ee6b1f2c3d0a48289dfea4918.m3u8
Nickelodeon  (UK)[geo-blocked],https://stream1.freetv.fun/8a3a73112d945519176501a5317009d8dce2d6ef36be7e17e52dadb71737c073.ctv
Nickelodeon  (UK),https://stream1.freetv.fun/519b39b5249ed87f2a3304e6dd55f8439da60dd53b20977948aae1568388f263.ctv
Nickelodeon  (UK),https://stream1.freetv.fun/35af8e1c45b4d337932f1164ff78cc244f4a8374c164e4ce91f3bf762e9b35e3.m3u8
Nickelodeon  (UK),https://stream1.freetv.fun/c53cf2e91cbeceec7292aa9b81438d190ebe758876dfecae35c6d65eb92f5470.m3u8
Pop UK,https://stream1.freetv.fun/12d3d7cd1cb5e623bd853a6c54178d1144fe90c43cb37ddf4c3f67e96c5695ff.ctv
Pop UK,https://stream1.freetv.fun/a67cb416e6b3b03b1b63bf2ee592b444dd8ea5c06bccb08ba566f8d3efd273a7.ctv
Pop UK,https://stream1.freetv.fun/54b3ed420bca0c4593c482229fd458f6ccd80ee7720004fa6a61c33e7178241f.ctv
Racing UK,https://stream1.freetv.fun/245d9963cb182c481a0c60ee8325b15b528df440e8e729a7f07f8eb59dfb728d.m3u8
Racing UK,https://stream1.freetv.fun/fec23897889a723865852d51700b2d15cf3ffd143ba794ee5644cbe3506062c5.ctv
Racing UK,https://stream1.freetv.fun/5e3606e05c143d49656bbe852f8395a9c143516634600a6d9ba654288fb48027.ctv
Racing UK,https://stream1.freetv.fun/24dd0e4f024203516b5bcf36156be1153be3f2b606d051522aff326e3891d7ac.m3u8
Racing UK,https://stream1.freetv.fun/8882868788bd2c98da6b4139b5c1e60a4fbe0a8b3237d76114f1495899b76e41.m3u8
Racing UK,https://stream1.freetv.fun/7d1fef85ea0cd682a626dd1032f60f6a3c7e037f6a7dccddd818adab4a3d766e.m3u8
Red Bull TV[geo-blocked],https://stream1.freetv.fun/15de4b434c56766ebd04f2ccbeee922a14767c703073e29c687691a189f71936.m3u8
Red Bull TV,https://stream1.freetv.fun/0826248bee835dcb2704cf25d08afa78d812909484260d56f3443b26d53cb386.m3u8
Red Bull TV,https://stream1.freetv.fun/685b8e2afb3e7037311b97fcda782fa14e000660092dd62c689e887742556822.m3u8
Red Bull TV[geo-blocked],https://stream1.freetv.fun/37a8a007237207285a22a56758913c131ca74cb61f50a8b1700fe8263a81a07d.m3u8
Red Bull TV[geo-blocked],https://stream1.freetv.fun/90a617ad1fc0ea7315f39088dd8d0b83aec826da7e27de19ab6eae56b32829c7.m3u8
Reuters News,https://stream1.freetv.fun/1d2981a2ad0108f35051c7e2124483243306e0b60e32e9fed0b3c64e326d382b.m3u8
SKY Cinema Select[geo-blocked],https://stream1.freetv.fun/5b21cf49783072f11796bf07b093d030f95614bf2470fda01092aea8285a7f7f.m3u8
SKY Cinema Thriller[geo-blocked],https://stream1.freetv.fun/70bba309d4266984dbaffd65a7c41596944faa584d2a8e1a181b445d4bb8a370.m3u8
SKY NEWS HD,https://stream1.freetv.fun/80b07cf8ed2df5310b36aba8e4f34768cc501ccfcd5d1ee0e8e50df6d87c5af4.m3u8
SKY NEWS HD,https://stream1.freetv.fun/f14556c398c8791fed9fd6f3cc792bdbc64cf06a6b4d976fb84b3596a35105c9.m3u8
SKY NEWS HD[geo-blocked],https://stream1.freetv.fun/6566e15a8bd571885c39e5e00208047f483c155a984b0e6bdd59b5b408e617ec.m3u8
SKY Sports MIX,https://stream1.freetv.fun/f494750d0baa034652d8afd4c691c372f5f27f9f286d3f4733a127ad9110609b.ctv
SKY Sports MIX,https://stream1.freetv.fun/efe0cc6396dae565f718d5a6c9ed0cd741c8d54e2bd64f3775b6af9fa8219e01.m3u8
SKY Sports MIX,https://stream1.freetv.fun/a16be890de35fb457cdbfd6889ccbcd5831ce1ea9e544f9919f56e7e756ec66c.m3u8
Showcase UK,https://stream1.freetv.fun/d8499811c9dae5fc9b0fb5e730b3d4dc7da4b6b65edddf5ddc6aa5d8e4b850da.m3u8
Sky Cinema,https://stream1.freetv.fun/8062602f59fcfb7cf6b5391b909ddb7b1e3e21f1843f420385674a6564050887.ctv
Sky Cinema,https://stream1.freetv.fun/621ea844e3f987b7e0a6789e2e935cea07731deb7852b50287a7d1f7f30a6187.ctv
Sky Cinema Action[geo-blocked],https://stream1.freetv.fun/52758111271f7a5407a2e3f6090d0c6f9e7e7e1a04fb6e3d15b33efccd694a74.m3u8
Sky Classics,https://stream1.freetv.fun/f4b67bdef0651cc950ae0135f01d12f5a1f50d06b89b265e6fb85dddda48b271.m3u8
Sky Classics,https://stream1.freetv.fun/c4dc3122727bd7fd25da6faaa1f0916289c620da742ea4a94930580ec581e45a.m3u8
Sky Classics,https://stream1.freetv.fun/a17e4992bb45b5dbe77fccb9154b83ecd4d89c1c8aa96a4f8bf5cdd6d07346e6.m3u8
Sky Classics,https://stream1.freetv.fun/b75419dd45e42baee1f3f0d7ae2802073c98074d9b3263c9b1810a4e74553217.m3u8
Sky Classics,https://stream1.freetv.fun/0a79e5d7ec4297fac391c013411d2799b63996129965003a78714dafc77f9aba.m3u8
Sky Classics,https://stream1.freetv.fun/32d701dfda45e3f59e3dc127e6b3247b50b9818cd67218b68bfd9b4a14faec45.m3u8
Sky Classics,https://stream1.freetv.fun/6b2ac2bfa63ed63e5b26c3f3a1e3f44b24c8fb65c9595c540ba08cf862e40b8c.m3u8
Sky Classics,https://stream1.freetv.fun/f5162fbc5f6cb799636eafeda580ce9a77662e95ae8097298f2b5b4db015a721.m3u8
Sky Comedy,https://stream1.freetv.fun/6fd93683ecf52ad39ba16fc2421c751a44c977886a2aa46f7de246947dc5e5b9.ctv
Sky Comedy,https://stream1.freetv.fun/100b706381639d7536849ad278c72a8d9a5bd8b80c783135376e345a61052b85.ctv
Sky Comedy[geo-blocked],https://stream1.freetv.fun/2016db5d71df41816ae499174449291f5a8c32d7bf902eec28c9102a6efd4c95.m3u8
Sky Movies Drama & Romance  (UK)[geo-blocked],https://stream1.freetv.fun/1ece176ff2169693719baaaefbf7239a3a000bfcfdfc69232dca8e6fb8aff606.ctv
Sky Movies Drama & Romance HD UK[geo-blocked],https://stream1.freetv.fun/9b22db9fb82d04ed3653de0ef4af4893027d60732f5179e361a2cd7295b32387.ctv
Sky Movies Drama & Romance HD UK,https://stream1.freetv.fun/897bf2805fe85ad054608f4285488fcbf25398bbafa5f61c203a4f00afbfbe74.ctv
Sky Movies HD Sci-Fi & Horror UK,https://stream1.freetv.fun/708161353e68d13b699915fb7e64d0e2d93705f407c8e639837bb2a8343b0d80.ctv
Sky Movies HD Sci-Fi & Horror UK,https://stream1.freetv.fun/25fb054b8448d968c27f33cafca7f9703a6447b2884a1826ff2d0a24afc306a2.ctv
Sky Movies HD Sci-Fi & Horror UK[geo-blocked],https://stream1.freetv.fun/948430dc58a0b22184a503bd65475850076f02ab289b3e1c39c952110f28499a.ctv
Sky Movies Premiere HD UK[geo-blocked],https://stream1.freetv.fun/35de6d61743198a49491b77ddb55baa596af14c531915e3d94b2504495e34649.m3u8
Sky Movies Scifi HD (UK)[geo-blocked],https://stream1.freetv.fun/a9929936eff0adb38f672e6f2672d92d9a5a83b4ebf28c3a7fbd3b48677435c5.m3u8
Sky Movies Thriller HD  (UK),https://stream1.freetv.fun/c44545d5bc3a4445a2815f2c8050c2610d070c69a7d8630fc2fd3eaa1de3ee54.m3u8
Sky Nature,https://stream1.freetv.fun/ca9a6684747c091cd75416ef43f4771d38cf945cd816b7151508fba81e85b4a2.m3u8
Sky News FHD,https://stream1.freetv.fun/b72959e82a9d7b10854e19b5f802871d1cfcd2d652442589434b14333f6efd76.ctv
Sky News UK[geo-blocked],https://stream1.freetv.fun/49c2619d808831a74a1e6c7d2bd226d37c270e6007a9e3fd93b3a8dabe90fa3c.ctv
Sky Sports Cricket,https://stream1.freetv.fun/ddfbc1871a053c6dea333cb06839d48ef16a0fa937490c915d6ef1ad8196a64a.ctv
Sky Sports F1,https://stream1.freetv.fun/ba9614d980eb61f7d2240671bec3e60453e3c47e2da4f84618c3ecff3638e628.ctv
Sky Sports F1,https://stream1.freetv.fun/0e290aaa82bf8d487bbf4ac21157d7262ef6ae87da0dd8788e03598e7f7391eb.ctv
Sky Sports Golf,https://stream1.freetv.fun/012b19521acdc3034334791806b5082d2ab7f42d8b761b3f8534f0c4c46315e2.ctv
Sky Sports Golf,https://stream1.freetv.fun/aa12d988b5b670953c4237093a63518a2cd70f2ff3f67609933cba615e442f53.ctv
Sky Sports Golf,https://stream1.freetv.fun/ad29215431cb99295759fa53ddef8b84558ab6223f3ef19bfbe9aeb49f0ccbfd.ctv
Sky Sports Main Event,https://stream1.freetv.fun/d19df34b34ca43bfcf77f67f8a5accf03bea1941d3ddc0e55f5469f1fdd8288a.ctv
Sky Sports Main Event,https://stream1.freetv.fun/1d083dccfc959a8d50ba7919c0b448811b0de14ff6fad7cc4fe933a239ecb648.ctv
Sky Sports NFL,https://stream1.freetv.fun/96e33309e8db67f18f35a2cdb37af7ca6513b63ce847ba248e786b17b0cae9d4.ctv
Sky Sports NFL,https://stream1.freetv.fun/5dd6306dc800013c83a05ab5298725268d3d9aa41895debdc48f8f40179812b7.ctv
Sky Sports NFL,https://stream1.freetv.fun/e48ddffc540b7681ed307dfc83ea25b9ee22d326ffc3ffc517044c264b98cc35.ctv
Sky Sports NFL,https://stream1.freetv.fun/1085e0f54e7d60c7aa41e5dd389957bf7b4d2ab173f11304651ed94c92c0f3c7.ctv
Sky Sports NFL,https://stream1.freetv.fun/db47597a3ee22f699b092f2b65437cfc68a9437ce1a79289f3de2909da402bc4.ctv
Sky Sports News,https://stream1.freetv.fun/2be3dd65de1c4e8c6beafb78ccd45f1f15b4b6353c9548df9a539e0730d5f245.m3u8
Sky Sports PL FHD,https://stream1.freetv.fun/5c5d93c9e6d77e53b4aaabf5d5a6c47ea127d04a3401f4207641a4e30da88aab.ctv
Sky Sports Tennis,https://stream1.freetv.fun/b359d4392bcd6edd28e6aed74e20b919be7ba42a8d2a4174558b46205dbc711e.m3u8
Sky Sports USA,https://stream1.freetv.fun/0601fa8b38c8576e76935ac03ca1e93a99a58b9fcfacb6a943807525416a0796.m3u8
Spirit TV,https://stream1.freetv.fun/c5bc722e4abf16aaf81ec88daa4ee253d023370cd87715ccd4084cdb67e20b45.m3u8
Spirit TV,https://stream1.freetv.fun/ddcb5092bd12c3652fd9288bc451151ac889817a2beef2cfcfe04529a34fd287.m3u8
Spirit TV,https://stream1.freetv.fun/21039a57508d5590ff8a77ca8745d6cdb4107edfd14473c7a23377e1e22e3382.m3u8
TNT Sports 3,https://stream1.freetv.fun/c59a5b903a1a513f7aa834691ca3053c254a7210729465286fcc7c8d3f1ae4f2.ctv
Tiny Pop UK,https://stream1.freetv.fun/06a724c9ba8d8e4cd9fde1fed574ab48d7a7f39de1370ec45bcf8cc5b901ace6.m3u8
VH1 Classic,https://stream1.freetv.fun/9fc4c50aba17174517a92f8349977a28e1000ddd477d2557fc7b48af8608b390.m3u8
VH1 Classic,https://stream1.freetv.fun/e672ad90f83b38cd3bbe47d881666a7cf3d871e92153fb3580046e71a6f99004.m3u8
Viva,https://stream1.freetv.fun/a7e7ca0f3426f51c53d344db3e3749894c0ee07618e8dcff5b61958da3b22318.ctv
heart tv,https://stream1.freetv.fun/1a671115cdc362087ab49524f46630fd63d7597f1fd7a6f2ad30213849329a9f.m3u8
United States,#genre#
5 Star Max USA[geo-blocked],https://stream1.freetv.fun/0cfbe63f49825142a1bdb873eccbfe75696ff10655b640488fc1f53b655e3324.ctv
5 Star Max USA[geo-blocked],https://stream1.freetv.fun/f125eb5b1233a531cd4b956c5af4248d16d1bb7332a79ef5f41090e4fc5d771f.m3u8
A&E,https://stream1.freetv.fun/66d5d3973f4844c3bb1c62067cf5cd3496c2fe75eec864e97479ce7400ac2507.m3u8
A&E,https://stream1.freetv.fun/8ec531fbd626d6bf6e2ddb224571b836580776315642e584eda8ced13b0188a2.ctv
A&E,https://stream1.freetv.fun/de4066a6378217590014cb39a42997448bb2092fcc1cea33a5a4aa875479e3b6.ctv
A&E[geo-blocked],https://stream1.freetv.fun/51095cb41344bd26ef3eae74d09f63c918bbaf64e9b031df146f9293293cf721.ctv
ABC 7 NY,https://stream1.freetv.fun/7337c4d9338d790809c4197d04899dbb95e97bd159eb73b06aa366af043ba2b0.m3u8
ABC 7 NY[geo-blocked],https://stream1.freetv.fun/45bc500d0d4b1c54aa4792e40937818c3357e2473726b96210f05db18a577d1c.m3u8
ABC 7 NY,https://stream1.freetv.fun/ea105d57333707bbde77f7af0780dd391e6cbfaa0ec65331a0af13bf7321dce7.m3u8
ABC 7 NY,https://stream1.freetv.fun/ccefb085915affde0c597a9943f50bba17143a2007fb952a05d76f8ff3a2af62.m3u8
ABC MIAMI,https://stream1.freetv.fun/c4b5176104184812d4604fed1e08fc98e2ab69c0ca4a01d660b020c600fe4a3c.m3u8
ABC NEWS,https://stream1.freetv.fun/9a8d3a3f8d3da83dc2789c21602b64c056aa26e25781facad9d8cc170ab15529.m3u8
ABC NEWS[geo-blocked],https://stream1.freetv.fun/7419fa6c5e2bac90a26a1b808797f94929e40771b94342f123ab811f6923c688.m3u8
ABC NEWS,https://stream1.freetv.fun/7b8ff49b466706c39021f80fcc8708c3e9231004e2236933891e24cabc652b55.m3u8
ABC NEWS,https://stream1.freetv.fun/f93c58411fc4048c51c6fd7469997d7b5da7b943198369b2aae4b3df08ed6e15.ctv
ABC News Live,https://stream1.freetv.fun/9847c8384daebe4461e05b70e850640d6ec1eff7740cc5ee944ee519c8126b09.m3u8
ABC News Live[geo-blocked],https://stream1.freetv.fun/89c5272a4aa7b0ad742ea6f25d9d03812f889ff133aef8f2b744b7ff7cca1545.m3u8
AKC TV,https://stream1.freetv.fun/19abd41b80f3303d059baea2c3ac8f07ba4126792e85c230a30e04ae05e31a09.m3u8
AKC TV,https://stream1.freetv.fun/4a0f6b52a72b8035629b1ba71bf0db198c4d8d4fdd2e450a8db33fc869cf726b.m3u8
AMC[geo-blocked],https://stream1.freetv.fun/a02571441502d5e6c20a3310784e5160d581b6473bbee54700be34225cc18f45.ctv
AMC,https://stream1.freetv.fun/d50f61743b225da18b66674179acb06027406df051a79c3c1d200abe0f166511.m3u8
AMC Thrillers,https://stream1.freetv.fun/d5c1608ea86cd96c08ac93fbccf1a9c8b76c05b2c8e97fdcfc49124b95077d7a.ctv
AMC Thrillers[geo-blocked],https://stream1.freetv.fun/5d78953bfa8a435a3e9136cc8cb0a5b2a03ec64da14110a85d9ac77d329cf198.m3u8
AMC Thrillers,https://stream1.freetv.fun/98ca33ae9c57884f9822e1dd1e6b5912b9bc0141c282d2759e244dcf1199d989.ctv
AXN Movies,https://stream1.freetv.fun/81a12e40d096c9da1db9f454670be8b292d0cece236a56173857d28ef0c0b9a5.m3u8
AXN Movies,https://stream1.freetv.fun/7ef4a0aef86e7af171fa196fb49f77a968ba5b17ffc340c1952ea8f3c50b39a6.m3u8
AccuWeather,https://stream1.freetv.fun/b5488ff357224f623558e5eddfc666ea13d2ff6303c73302635c7891655a5a27.m3u8
Amazing Discoveries TV USA,https://stream1.freetv.fun/2636794b32cb95c144a6ce50712d755171da8453b907ca6521a0130ec52c2222.m3u8
American Dad,https://stream1.freetv.fun/bc9184d86197d826cad217ffdcb3e3697dc6483e778d324457cd6a8c9308b3df.m3u8
American Dad,https://stream1.freetv.fun/0e1d33f06fb1a968dcfea03cdf553d6bcdc757add13aee8e4674432f5bef70d8.m3u8
American Dad,https://stream1.freetv.fun/0bc6a63a76225e02fbe56837296e1024ffee8e343d364cf74a1d582c59ab7178.m3u8
Animal Planet,https://stream1.freetv.fun/0bcf8b99d4df7c244e594eee89a1ca041c398b808ba2fcd21851c3e6b543e467.m3u8
Animal Planet[geo-blocked],https://stream1.freetv.fun/51fdebc8afb910db5e50f0f34a66309d51bfb097478d673c0b37f16086520df1.m3u8
Animal Planet[geo-blocked],https://stream1.freetv.fun/d14c79b8117ac1c8d8c2da64c5e34288c054bc186cbba12b3ddb84231432f51c.ctv
Animal Planet,https://stream1.freetv.fun/b2b524863cc223ffc3b2fb72b3182c021da0e1f4284bf08c6ea598292e647cf1.ctv
Animal Planet,https://stream1.freetv.fun/14946c6904e2f56e524f7810d1bbb13bed57129a5333bae06d9811a58555ed92.ctv
Atlanta Channel,https://stream1.freetv.fun/ef140854dc8ed162ac9774e78d9fe4d3dfb001c8a1d13a1785e26f86e6348f79.m3u8
BABY(SD),https://stream1.freetv.fun/b08a9fd2ebd28f0e907ebfd39363bcf59efae565c1328baa25d8706e6912e972.m3u8
BABY(SD)[geo-blocked],https://stream1.freetv.fun/94b81c74b54a4fbd06bb17f17d0532191c64bef874484ad6e49a03e25723bd65.ctv
BEAUTY_TV,https://stream1.freetv.fun/cfc2387217a3d4eedf2cd65f4e0c5306d27c63430a48fa1218ad12788926fff8.m3u8
Baby Shark TV,https://stream1.freetv.fun/e269bc3e3002f2f7e7b64c659f641e44dbb2cbdb6e5a1dce5dc69961c98bc07e.m3u8
Baby Shark TV,https://stream1.freetv.fun/cb11c4a6d7bfb5ab4faeabb521c9fa7bd36b6785e06bc1b2b87236ca2b99ba7d.m3u8
Baby Shark TV,https://stream1.freetv.fun/f17dbd9e7efbaab0e7e373634a1a89627818acb61f30c8982cca1caa307880e5.m3u8
BeIn Sports(US)[geo-blocked],https://stream1.freetv.fun/6e08e8eb5dc7c0e48aa147bc7b8c3867dfc0afaae5fd731b54f22aec150de56b.ctv
BeIn Sports(US),https://stream1.freetv.fun/5e5c3e7119eb45d245925024fe73b967a3cada7c3f3faf351cde005414840c80.m3u8
BeIn Sports(US)[geo-blocked],https://stream1.freetv.fun/ba4fb4590c620a7dbe67114f2a0e5d6e44dc98ef2f7498198459633c0f996368.ctv
BeIn Sports(US),https://stream1.freetv.fun/f421d478286840e197a43bff546277321ea1418949dd038545d4953f302cdab0.ctv
BeIn Sports(US),https://stream1.freetv.fun/c448224217f2bb25018232545ec3d4519cf2dea1f717ade321fd478cf1b208d9.m3u8
BeIn Sports(US)[geo-blocked],https://stream1.freetv.fun/23b4b60d2c3162f926c419683728d8333071d3aab553dec1a16060b50c5a0907.m3u8
BeIn Sports(US),https://stream1.freetv.fun/51e2e9c866bb816bed1e2aad22d993ace203fb56d83fb23d0adb2cc254c2fd2a.m3u8
Beach 30A TV,https://stream1.freetv.fun/3c178f45bab53fb5f57dd7fc734c001adf76b9e67457d7a2eaefe3116a5468a0.m3u8
Beach TV Panama City,https://stream1.freetv.fun/0b2f5c02018e258dc8cd8a0e6d99936e6dd1f2034cd0c1448edf6481f6a61fd2.m3u8
Big TEN Network,https://stream1.freetv.fun/dfeeb31415416c70cf0e8b07d2a27c3820743b1fd8af06f9943b888b4f16e7a5.m3u8
Big TEN Network,https://stream1.freetv.fun/d2c51a5f3f805e03d943d261b37801df3ce5bd83022c1b05e31cc008c4c02f03.ctv
Big TEN Network,https://stream1.freetv.fun/f850e496ee00a0ecd6dee14b8a25a5b2289062219f1cd2efb6adbbdf05984acd.ctv
Big TEN Network,https://stream1.freetv.fun/4ea1e4cd3f020737e2ee146824b8ed0d185871db37d0686fcda14d1b235667fb.ctv
Black News Channel,https://stream1.freetv.fun/616cb14f8606049d4f6e6471070b4023724d5628a03bb8d5aa778cdb02f01629.m3u8
Black News Channel,https://stream1.freetv.fun/87d0a390dfcba18de3f9f196705d52cf1a8af0483344cb55e0d39c45a8fdbb1e.m3u8
Bloomberg 4K,https://stream1.freetv.fun/a6654b13d58ec22c384d7356d30798eb44be8ad2567224138f1e6d26005b8b58.m3u8
Bloomberg 4K,https://stream1.freetv.fun/1b505d88a30f528ccaae3b6820dd8e787c9633ac7d204212948cacbefef45144.m3u8
Bloomberg 4K,https://stream1.freetv.fun/3cc4467eacc7e1481756876cb3fe89e98ced1abeb2f7f9ec8e82c3e3f407068b.m3u8
Bloomberg 4K,https://stream1.freetv.fun/bf1d71c5c5045458e8e7198865317594f27ef617b060976e0be5773405d228c3.m3u8
Bloomberg 4K,https://stream1.freetv.fun/5f5dcdb06580990847d073499022ff69ef0d05665fbc110ecb44e9104fe630e5.m3u8
Bloomberg 4K,https://stream1.freetv.fun/66f84e72842da9d77ece91329570906897a52c71ac4791f0226849d58cc3ffbb.m3u8
Bloomberg 4K,https://stream1.freetv.fun/af1baa2de61f5310ac64b4d335f1ccf0b287e378937fc181d6e1c4c0ee085df2.m3u8
Bloomberg 4K,https://stream1.freetv.fun/4ea361469ded57e32a3aebc240e4273fb112cc205a973bed6b9581625e7a7c20.m3u8
Bloomberg 4K,https://stream1.freetv.fun/542fe1cce0fc83fc98199b8449827f200479ad911362c1033b3c11b7a8fe416e.m3u8
Bloomberg 4K,https://stream1.freetv.fun/6e64b19e28b006a12877d27420971e850b3363fb7f5b77f3222be6fd63cbc7d7.m3u8
Bloomberg 4K,https://stream1.freetv.fun/4c7693c378ada2b43441e242199051cec642f54f9b1fcae7bcb9c49529b51128.m3u8
Bloomberg 4K,https://stream1.freetv.fun/53f929a9a1b4b960450e4dea0e517928c11e406a7a17361fc5d8d256b3daeea4.m3u8
Bloomberg 4K,https://stream1.freetv.fun/4ebdb789014a1d82932854ee81c5f13b6aa6df128dfd4ac308c5229a5c39393c.m3u8
Bloomberg 4K,https://stream1.freetv.fun/e6139df2b081b0242d61f2c2db0c7284e3587915cd2c818f13d7325c0763cc88.m3u8
Bloomberg 4K,https://stream1.freetv.fun/52c42ebf0cef5f3f4a3c37f054bad24020a40af018f4106ea92e3bfe28241b28.m3u8
Bloomberg 4K[geo-blocked],https://stream1.freetv.fun/f6db1fe0feda7de47e7f1048f7c5acb40a6b77955865e9083dfe6bb6d4d6eb6d.ctv
Bloomberg 4K,https://stream1.freetv.fun/ea378669d7d103174e7994eac7fa883a6b6e0b4edfa53616681058cf9c0e5956.ctv
Bloomberg 4K,https://stream1.freetv.fun/c1fb2775e1a7b68cddd9f0330b6ad210fa7fc2bc27a6f4857ac5f0e5f9cf7a81.ctv
Bloomberg 4K[geo-blocked],https://stream1.freetv.fun/b1ad58348dcef55755e11d13357ea5524c887d66f8b85e47b6cdc579389d40a6.ctv
Bloomberg News,https://stream1.freetv.fun/d7545b93673a39f957a0d98a58f4be4dfb33a5f7c213700729cf379e174b6266.ctv
Bloomberg TV,https://stream1.freetv.fun/83eaba480c3f1de5327e5adb5673875edc0c35d0c00c7722fd9e0fb9f151e70b.m3u8
Bloomberg TV,https://stream1.freetv.fun/c072eb9b3329938c3d1520c12e622e7d79000fd9b92c7478969f032e294e00cd.m3u8
Bloomberg TV USA,https://stream1.freetv.fun/558077084c1f205ebcea861e4adebde814314e4fb20fae09a40fa1b5c8613657.m3u8
Bloomberg TV USA,https://stream1.freetv.fun/7ad857a61213b7cb194d60694f42a346ae26bbb37605aa3f93e15c57693a4de9.m3u8
Bloomberg TV USA,https://stream1.freetv.fun/2828652c3b7678edb513a1cf54847ca57f4fb30feddbbfa18c02c7ee94b89f8f.m3u8
Bravo,https://stream1.freetv.fun/35a3a04a427ff471a99ab6210af92f7a3528eb8dc2c64f0d4018d26079232ed7.m3u8
Bravo,https://stream1.freetv.fun/9b8e96d2157fef185e16fafd1aba6362d7c61ac23d9e94bcf339ae51e45b7223.m3u8
Bravo,https://stream1.freetv.fun/a7e423154c0cfee44799f12504e99b9746c533869197f1ce28525f424c0bb0ff.m3u8
Bravo[geo-blocked],https://stream1.freetv.fun/dd8899ddbfb36517a2093ff0b50cf7db588beebb0217c922c325cd46a27007f1.ctv
Bravo[geo-blocked],https://stream1.freetv.fun/2582061cd35be0c11c91f9bd40ff554143d07fb587b124c58f800c4928b5de90.ctv
CATHOLIC TV,https://stream1.freetv.fun/bd32637933fb646d8e0e32b6b0f4ce0c90e0dfd6bdaeaf36b1f8aa92a883e820.m3u8
CATHOLIC TV,https://stream1.freetv.fun/ae73938a9c6a2070cb00fd61d3b9f5fc2d5746341f785111d4944716e1bd61c7.m3u8
CBC Television,https://stream1.freetv.fun/78fa3168fc9ec404ae8819fb4cd0f3fa79c89641fda7a695fd7373aabab5f958.m3u8
CBC Television,https://stream1.freetv.fun/84391a22848ad7267dc9194817084f0d9151afc731b025700f0e8938049c4705.m3u8
CBC Television,https://stream1.freetv.fun/7c21344c41f45fabfab3ecf1899569571b50fbd91dd21a2e1c13b87b07602bef.m3u8
CBC Television,https://stream1.freetv.fun/631a8fa7ef5cabd02377f8c34d88ab45fde36f637c01d80cbab3b7d02b43f0e4.m3u8
CBC Television,https://stream1.freetv.fun/46bea08d88dee8be3f5e679b247fbb55c64fe380ad12c0649c2f861bdbf1f8d6.m3u8
CBC Television,https://stream1.freetv.fun/c67c6caa176beb3db71bae5f73547a0b00952c0a7c79fac7baa16eb888d7c664.m3u8
CBC Television,https://stream1.freetv.fun/3256eca0f48b2121ccf9331aa040fe9c82656ce07890c1afd2b77807f1ae4975.m3u8
CBC Television,https://stream1.freetv.fun/66e7d27521a8353650f8b6a9fc126d6ad6533f426f330d1bb5cc8a964a10ef64.m3u8
CBC Television,https://stream1.freetv.fun/9a93739c2b0c7e4ede0f4b353dd8d37743e6c71061b65c5bde432aaa8233abb3.m3u8
CBC Television,https://stream1.freetv.fun/eb143521cb93d550edc93bb39d2f634fd0e257127d30ca522cbaa13501576bbb.m3u8
CBC Television,https://stream1.freetv.fun/5cb98f1ebda03d418855f56e3d81a15e07f98a46b4dfbf3839442a248edf0715.m3u8
CBC Television,https://stream1.freetv.fun/ba7254a9cc5a1b52f1f7922edd32349f2079da1c65f19e66fc49b3bbe320e165.m3u8
CBC Television,https://stream1.freetv.fun/e0597e6748b7ca23fe63586f9b3b9fb61c736513669793f8416a13de728efbf0.m3u8
CBC Television,https://stream1.freetv.fun/a44e5b770f5d3b6e972d11ddd3fd79ee59ee3c82905249bb51e90bc6f774ec33.m3u8
CBC Television,https://stream1.freetv.fun/3361849e6c068f6ec8fdf424560b635a0bbd0983f72845601defc80037c33d6b.m3u8
CBC Television,https://stream1.freetv.fun/c7e22c29a41b05c72b2e2eba73e9f6d5e81551ffbc2fb3daf52d81811b8d410b.m3u8
CBC Television,https://stream1.freetv.fun/2b60d3c872fe2bfe020254aa46c1a672edb3bb57bcb38c8738578a825b81a0ad.m3u8
CBC Television,https://stream1.freetv.fun/7dc7dea6ae03ee8aff98f5abd545bbe4a6053d73f16200449853f117dac9a484.m3u8
CBC Television,https://stream1.freetv.fun/7d0e8b8ae1471f4142aa90d57a3748b5ceaa83ab5d443a14b4395d5959ee4fe5.m3u8
CBC Television,https://stream1.freetv.fun/59075c45417ac7789705f52c3d17bc8c2d7776ba1e9bc329a3fde8cfa5edc0b1.m3u8
CBC Television,https://stream1.freetv.fun/c58b91868a8c4b1bd477fa1b8090c71b40d422636223ebfc096c1fb368839165.m3u8
CBS,https://stream1.freetv.fun/ee71459973e39be23185ac4930542633467b8cddd24638f174ef7b9be244450f.m3u8
CBS,https://stream1.freetv.fun/a36c4ed1159cb4ad947a0bd9239d8350b4ef4eb650f3432418d6dac72b45a463.ctv
CBS NETWORK,https://stream1.freetv.fun/7bca47a6ae35a5c10e324d96b841af916a5d5ddbddd3a81af98cdb1df6b6ffb0.m3u8
CBS NETWORK,https://stream1.freetv.fun/33a4e9b9abf259789f922fab57fb62406a098cb1aa40e5e5ff7e98bfe0564273.ctv
CBS NETWORK,https://stream1.freetv.fun/05bb22c843c73bb76ffff85fe123eb46bcdf10210d7ac5fe409be79eb6559f30.m3u8
CBS NETWORK,https://stream1.freetv.fun/0e68350f1bbe008d9c27353f17bb502a6b13c22ca1a5d78e432998e08af6c174.m3u8
CBS NETWORK,https://stream1.freetv.fun/5119218f9b60e04e7b1b14878a1bd94fdb22575d2f670b99ba7f78a0834762d4.m3u8
CBS NETWORK,https://stream1.freetv.fun/c4d9925af594e92b56dc110c0e9d75d049b205779082835d0cbfd5f1735282ab.m3u8
CBS NETWORK,https://stream1.freetv.fun/e2d0cf5ea71f4c1f2c708752fd7ee3ffe1d7b4914c38fc9517d24c598d125308.ctv
CBS NETWORK,https://stream1.freetv.fun/facc01d7973f440878bfda288c130ef936d6d3e96d4de19d35b451369dbe41d9.ctv
CBS News,https://stream1.freetv.fun/2fa13543d227c6445be75fe03a1df58f621d21af0484183c73e46f152c2186e6.m3u8
CBS News[geo-blocked],https://stream1.freetv.fun/b7c43b6ec9f5207b065ff03d81c62ea4c860b5ff44941d973f241f5d83e1cd51.m3u8
CBS News,https://stream1.freetv.fun/ef442403251cc2483f08f68faefdd0a6fc35c245a3655e7ca32af9578257c527.m3u8
CBS News,https://stream1.freetv.fun/fed58df4daa67e59ae23b568d1a76c84b0f9fa15c024efb5445e271ac6591391.m3u8
CBS News,https://stream1.freetv.fun/8b7469399146094c41fad2ed944cf9484753c760379b30c3771af958d9e66c27.m3u8
CBS News,https://stream1.freetv.fun/5b7d8ecbd55b7f2394c7953c9286a139fa05e1c5983942b98c6a263c35c856f8.m3u8
CBS News,https://stream1.freetv.fun/3e867810230d97e09fec4bf77e00eb3e19c0471f2bf21492f0cd652f4297c746.m3u8
CBS News,https://stream1.freetv.fun/12ea9fd880f1dc1cebdcac5ff9c56ccf8b61e1f6a0a939708eaca0a044137161.m3u8
CBS News,https://stream1.freetv.fun/50656663f3621f195770b32d84cd4e3e5df3a65771f30cf116b90683285d2314.m3u8
CBS Reality[geo-blocked],https://stream1.freetv.fun/e8957fa44dce5f551092fa61ffd8901c12b664dd068d44292515adde7a777789.m3u8
CBSN,https://stream1.freetv.fun/66ac844691062e108ce5dbe3c46e2da6acac1ccad267ddecff7547efc8b641e6.ctv
CI HD,https://stream1.freetv.fun/fbfdca5eeb7d7c9ecbd4134ae941b019378acd0d21756d82070970ca12df2cdf.ctv
CLassica[geo-blocked],https://stream1.freetv.fun/ff8fa02bc0a075c16a5d7c432a1254ec715fb1984de1cbbd5e7cab278b14dd4d.m3u8
CN HD,https://stream1.freetv.fun/6092b749027b96795243da1fb0ae072cffedf5f80b3618f08a54265e6ada99d6.m3u8
CNBC ASIA[geo-blocked],https://stream1.freetv.fun/5808876295c5f7256b3aac90a90a1ef881d1439f3f887c6bb4c0cef417cc088e.ctv
CNBC WORLD,https://stream1.freetv.fun/9296072755fdf90a608ac296cff6974546b611d99a79c01893a95eb16d11fc88.m3u8
CNBC WORLD,https://stream1.freetv.fun/426a5e163ada08c7e50e05456eac6bbc6610e6dcebf6513e4c6142c9277a91a5.m3u8
CNBC(USA),https://stream1.freetv.fun/da08bade81d2380d27d30f68e45906243d5b2646c1c5b078deab4490172df8c8.m3u8
CNBC(USA),https://stream1.freetv.fun/3fa738311a73d0f3b1a16581c431486b93ba2dcb02d657eff1546e77a2a3f868.ctv
CNBC(USA),https://stream1.freetv.fun/c510b43aeaf723514bb75a320ef4caa59efbd3b6922a7ce36f2fc3bc0422ca86.m3u8
CNBC(USA),https://stream1.freetv.fun/3a8c0afd63dffbe3607d030934c47b3acc2fdf80ea28df65d15fdd7d08628a45.ctv
CNBC(USA),https://stream1.freetv.fun/13a159cb2423e87ec195ac8245f73bc7b3c65ecfae5be98062f68c3262fa2dcb.ctv
CNBC(USA)[geo-blocked],https://stream1.freetv.fun/b7ce47edf157125b816f8ae58d43abae01b1b2e8ce3e22c48bc512d739a00f20.m3u8
CNBC(USA),https://stream1.freetv.fun/90587d9fc599e55567b7b3d81ece8445311ff8a21677e45c128299137347e22d.ctv
CNET TV,https://stream1.freetv.fun/03dbacca2cc2056ed0a7419a63b46e1f35a32b03a12ee5aca490f09b48337c02.m3u8
CNN HD[geo-blocked],https://stream1.freetv.fun/3a19b240b6175816f1c89f5190f344968fefcc0b04cdecaeea30818ea17ff7b7.m3u8
CNN HD[geo-blocked],https://stream1.freetv.fun/316a04ae7f2068b3a76fc14a423c4dccac26840c735097864bb6416723f4ad68.m3u8
CNN HD[geo-blocked],https://stream1.freetv.fun/0872c3b1115a3d421183d8e98ce87e899244ec50685f3ddc14c6bbb7002897d1.m3u8
CNN HD,https://stream1.freetv.fun/890cfa85aaadf252333f2365066a8ab7f51dbc0e43b223073b43308275ec856f.ctv
CNN HD[geo-blocked],https://stream1.freetv.fun/fb189c4b1aa5e4cf256caa907c35496ab736f6c33490a243dc5ff71347aa0572.ctv
CNN HD[geo-blocked],https://stream1.freetv.fun/74fbb38c080c9f804c2cf5d9149175eb0e4c292d94218a8f9a2f1a5bf19f9eea.m3u8
CNN HD,https://stream1.freetv.fun/0993fc1c29dddb9f19c3f6f8bc0f631f20d8db6f5fcf3b09698080cce272a349.ctv
CNN HD[geo-blocked],https://stream1.freetv.fun/4b8f08e26197755446f547e941a48f619ea3f101fdb803a4c9e3e9be81cbb79d.ctv
CNN HD,https://stream1.freetv.fun/aa3ce4243a61817e30f7d20cb7534a542c39e4d86dee43bde12683b3249ff3c3.ctv
CNN HD[geo-blocked],https://stream1.freetv.fun/b20c4a5ebbb940ca292cd38b9c83429b967b4fccbc1fab0c53f4e57e0be6fc00.m3u8
CNN HD[geo-blocked],https://stream1.freetv.fun/71c8abf5e69f63aa82c0a1a5251e0775326b914ce7519f6a8d873daa47fc0957.m3u8
CNN HD,https://stream1.freetv.fun/32bec01e9413016601b7404d152c092341a38f0e7df73170f1eeaf3943e4bfeb.ctv
CNN HD,https://stream1.freetv.fun/2224f39d377336d871b4da8aa0913f14c75adf5a779ffa185400506603db0374.m3u8
CNN HD,https://stream1.freetv.fun/2db6b0ef79044f857c554b986c80578ffd5584e1ff0ee6a29b3535e32549a9db.ctv
CNN HLN,https://stream1.freetv.fun/12e899d17f9fd5f61f494312904ce9f0a6412e54c3ba0565c53be0ae63670ed6.m3u8
CNN HLN,https://stream1.freetv.fun/028956980314b8bd50ca9c651779cf74929311f071f3445f29fe2fe0fcebba30.m3u8
CNN International,https://stream1.freetv.fun/00160da9b268f0d260492fc51cb6154fa4c75ab1d51429ec9b4acdcc2982181c.ctv
CNN International,https://stream1.freetv.fun/a66ec986126644049cc8012b5b861239ed80b8eece389735165c115b6b0c8251.m3u8
CNN en Español,https://stream1.freetv.fun/cfa8a5307bba2dfaae57924f800c6fc46f8c7f726c284cc2a6cff6750a89b661.m3u8
CNN en Español,https://stream1.freetv.fun/689bebe4a472fc00abbcaceac40a9bd73dd6aa96a6ae6b8b50a041b66a019fc7.m3u8
CNN en Español,https://stream1.freetv.fun/bfeed5a186d4e68315311f709f0156744833e1b2588be8eeeb363c539711bc33.m3u8
CNN en Español[geo-blocked],https://stream1.freetv.fun/efad2ca41cca71b723dff30c92c406b540f1e461efe99641e4da2a698f93dcbf.m3u8
CNN en Español,https://stream1.freetv.fun/12563e48598675d4232c400523d0f53867348e45318d49c93b07d323d77f2ec5.m3u8
CNN en Español[geo-blocked],https://stream1.freetv.fun/730215b9799efeb31ab164f0a60d4ffa98a8e16469ae183be75bc4d6dee4a8a8.m3u8
CNN en Español,https://stream1.freetv.fun/9cf301b2ba7aa72e71dc71c629eb167374593e22b7bdc7041325892c91dd34c3.m3u8
CNN en Español,https://stream1.freetv.fun/6fa7ad48b04d3a59fb497761cf43a0c4c6008edf1ec60282afea785e90e85bef.m3u8
CNN en Español[geo-blocked],https://stream1.freetv.fun/a8b42204aececd4d8bd5d727c47a65de877f5f9ad0e21ec0d3774bc54f029343.m3u8
CNN en Español,https://stream1.freetv.fun/9849ab70c2077eef885cc806751c2453b1827eb8308bcf99a68cf2fad7de1197.m3u8
California Music Channel[geo-blocked],https://stream1.freetv.fun/9adc1b4bd71001b443aa5ea70271a85fa2a8822ff1d2631c07ec3400001115dd.m3u8
California Music Channel,https://stream1.freetv.fun/0b138f4372b9494e8a238f3d0fc28f7926c327183303436ecdc40c93d85d4f0b.m3u8
California Music Channel,https://stream1.freetv.fun/4e88676aab1db2752aa66ee1b9d4c5803b3752bab9488ce1fbfd73371a11d203.m3u8
Cartoon Network[geo-blocked],https://stream1.freetv.fun/e461561c6b2ee4643071acbccbd25e4fe018d5f531197911c3a331a9bf0d63d1.ctv
Cartoon Network[geo-blocked],https://stream1.freetv.fun/5bbfda6c21db3f38e262a43055634bff13138497c216020dee04f32344531332.ctv
Cartoon Network,https://stream1.freetv.fun/043fd04a557b2be7a481af89211caadcf9d11457aa9193d7e403bc9e17a2444a.ctv
Cartoon Network,https://stream1.freetv.fun/7eb302766f06b97f019a5926d6454258a175f69fff47e656e40dd94efc128168.m3u8
Cartoon Network,https://stream1.freetv.fun/a5755d07f3ffdb77818da0e745db8a476edff31268953d1a773f93d3b78fa9eb.m3u8
Cartoon Network,https://stream1.freetv.fun/d709317ec1c90d10fc336773375d81b0c128158a21cdeba878dce9914c61feb8.ctv
Cartoon Network,https://stream1.freetv.fun/0bb2c89fd395bb92cd2b6eafe71fcb1893eeb22639cd4c27d6cf874bd3a80c3c.ctv
Cartoon Network,https://stream1.freetv.fun/f5984136388730b158f451b4ea132b73cc39d91782377ec867764d0d25494f81.m3u8
Cartoon Network[geo-blocked],https://stream1.freetv.fun/50025e6dd3993435f14b6ec40302dae61d6d6c6c89dc8f5fbfaa3c8f754048ff.m3u8
Cartoon Network,https://stream1.freetv.fun/ed25a4eaee325cdbb1a5682772f9f33ba854e02835e5b5c377bdfd92486b3466.ctv
Cartoonito TV,https://stream1.freetv.fun/9c0482e01307f0494425df94d6c9d515f3a8356ad1672e53debe93327f9a35b3.ctv
Cetelmon TV,https://stream1.freetv.fun/41a38f046ad1cdc36f2ed36b257a1b68509e1affa9f73e46757565c4118c5b64.m3u8
Christian Youth Channel CYC,https://stream1.freetv.fun/d8cebb32c834ec7199a18bec65c8dc7498a071c258ed497aac76630d973fc4ee.m3u8
Cinemax Moviemax East[geo-blocked],https://stream1.freetv.fun/cfbe3c71f68188d8a9c9f1be59f14e5ece83dc56b29200fadda0d9b9740e4f0e.ctv
Cinemax Moviemax East[geo-blocked],https://stream1.freetv.fun/0d5b98e2cdb0ef97edc7e3ccddcf5ab984f29b34d80e2ae052efa48c65216e83.m3u8
Cinemax ThrillerMax,https://stream1.freetv.fun/16ab51f0f6d7f230e6fbcd60dc58d3577a0f7468f38f274478c56d28b74fe13e.ctv
Cinemax ThrillerMax,https://stream1.freetv.fun/ba16f740bc5a0476921217cfb346d866f1b15dfb919ed250d14e2772815cdc48.ctv
Cinemax ThrillerMax[geo-blocked],https://stream1.freetv.fun/bafa426548facd0c322a0278d194487010addca4963af70a25574dc094ade948.ctv
Cinemax(USA),https://stream1.freetv.fun/2522bc434f72688e402ec958f524a78291b7f29b043df92a19ba77f1a711f882.m3u8
Cinemax(USA)[geo-blocked],https://stream1.freetv.fun/f60a9712444427e6d2568d27e2054bd2de577e6b3a8b6767b939b9d58ff530ca.ctv
Cinemax(USA)[geo-blocked],https://stream1.freetv.fun/8b2e96fe67963e957ce0068650929c189de3b80b23153a4c2810bd656542ff3b.ctv
Cinemax(USA)[geo-blocked],https://stream1.freetv.fun/808c02bdf0f491a36b764861f4cab77cfdbbb14081f5de52bdf63f74ad2b9f1b.m3u8
Cinemax(USA)[geo-blocked],https://stream1.freetv.fun/586e37ae496c96da282d9a3eceebf37d518663da315645187bb3aab86d18846e.ctv
Cinemax(USA)[geo-blocked],https://stream1.freetv.fun/f57b795c5e28c073c8757fb523cefc34fb02756babf096f3a3ab1025b6eac0d5.ctv
Cinemax(USA)[geo-blocked],https://stream1.freetv.fun/f68a49d2b674450aa64e0afd72e1f65872739a323073a5fa3f51d3a70b5fc4d3.ctv
Cinemax(USA)[geo-blocked],https://stream1.freetv.fun/d09beed666f4f73a94bedbc86fe97b703a6351b32d9a1bdd0ff2a250e5c5b4fa.ctv
Cinemax(USA),https://stream1.freetv.fun/6351c5127a77eae6fc1312846cc8ecd220b62c310b63550ec21171b26f961770.ctv
Cinemax(USA),https://stream1.freetv.fun/7d899b7f7a2ca7d580acffc8a84b962490cfbdc5a1b41baea568da0b2fae0b5d.ctv
Cinemax(USA),https://stream1.freetv.fun/8ef6ff2ff9646e91960887477d8358c3e5d1675504f3348b1fbf56f2ff22dd78.ctv
Cinemax(USA),https://stream1.freetv.fun/dd7f451f701ce63aa905e91bd8f3938a8febece9e8fb36b3f615beeecdbfd312.ctv
Cinemax(USA),https://stream1.freetv.fun/0f52ca9d5d26a11f649d48ee20fce7234460a7016dc4972f1cd748c8679c9e46.ctv
Cinemax(USA),https://stream1.freetv.fun/c944096a4f8db852073f1772f425dd13306be63198cfbf26c5e3e7c7ca8f5cc9.ctv
Classic Movies,https://stream1.freetv.fun/1ca84f4af4ca00b6bf54b6db1d9f8e1a3b8e3abcf79671ce46d11fb39e67744e.ctv
Classic Movies,https://stream1.freetv.fun/9ad3916e6191ea6484118fce325200d0ecef6251f28b0021f361b822f242c44a.ctv
Classic Movies,https://stream1.freetv.fun/a4ffd305a0f2e9afe30f674a2c375c2b899fa18a0aaf74ccb3ca1a7513a74e68.m3u8
Classic Movies,https://stream1.freetv.fun/1ab557587c77c291c99570d2e0d61f48ada1396de6f7505ac64c9c3366c4e805.m3u8
Classic Movies[geo-blocked],https://stream1.freetv.fun/224f49fd824eea8eea4d199bd30c359f896317e834d5c8ab2036b1a10a421e9c.ctv
Cocoro TV,https://stream1.freetv.fun/6c7810f391a931ef7f5557eeaf575890a83dc08a37b5b6581339cd15448c1a49.m3u8
Comedy Movies HD[geo-blocked],https://stream1.freetv.fun/8be0bc1c7bd7fd2183d261d9638835fdc1d8e836a22bbf03885f475b106fd041.m3u8
Comedy Movies HD[geo-blocked],https://stream1.freetv.fun/f3321bd583902e4c9bfc8b164b4829b8cf3b91487b3afd241f313cf39837138c.m3u8
Comedy Movies HD[geo-blocked],https://stream1.freetv.fun/1945f9544adca79dfcffa5197e657c936dac6f1a2b40a33c543ed5a5b94398cc.m3u8
Comedy Movies HD,https://stream1.freetv.fun/66b5ede067b9fa6020e515a7756040185135d147acfb17de09f2dc8b710db0a1.m3u8
Comedy Movies HD[geo-blocked],https://stream1.freetv.fun/add61aaacd93cfb98278abb6dc64470e4083cd1b09414927077e5cc7fe5d9bf5.ctv
Comedy Movies HD[geo-blocked],https://stream1.freetv.fun/e0c7c7c2d5aa6e84859f9ada57076f758b30ed0bfd5d92420c14f5a5a97d5f8d.m3u8
Comedy Movies HD[geo-blocked],https://stream1.freetv.fun/ffe30a7b9635527753ad4f20318b70cfd4c1410c21aa53d5333092268ea935c7.m3u8
Court TV,https://stream1.freetv.fun/2104ae6466368098e9428e0e581681041a00b0f7d44a95ff3adec0cb14bc63b8.m3u8
Court TV,https://stream1.freetv.fun/f877abfa515ab25c05ddfe64fc6cd50d28c364724d0cda0afec8e3e8513a344c.m3u8
Crime Investigation,https://stream1.freetv.fun/df37708591cd7dd74da6f6b724b59ae2861278fb0755bcf5d26d9483df9062db.ctv
Crime Investigation,https://stream1.freetv.fun/f1e81fabb868066d7e04b14f754501a3ff66b4c062f0991146c87868ba5feb1b.ctv
Crime Investigation[geo-blocked],https://stream1.freetv.fun/166cf7968172b9e2875eb2ba8ac9c0794ecfdbd2b07e6a7741e468c826495b29.ctv
Crime Investigation[geo-blocked],https://stream1.freetv.fun/0b020efcb2143fd0a7370ab6a79f0723f8d4bcb16627d56a0fea14a710327aea.m3u8
Crime Investigation,https://stream1.freetv.fun/b6a7773cc40dc481650e9815b4c9aa801c6525417a3eb2df157bfe971d44616d.ctv
Crime Investion,https://stream1.freetv.fun/7f13c43a09108ddfd93c2215ee1e8d20ceb07ff9335754520ec827fcb8f26dfb.m3u8
DIY Network[geo-blocked],https://stream1.freetv.fun/c87f1af2282b9326cc428c7443290d01bf31407167c850c70b25f51cb67b7405.ctv
DIY Network,https://stream1.freetv.fun/b39ee04d8e7c450097c8ab0a69f98f803745e86e64d8ce404655c331af39bc5d.m3u8
DIY Network,https://stream1.freetv.fun/5004827850928dd6ef9b511e0fdb254f7bb908b96767cd6a5bc35368dfe0a286.ctv
DIY Network,https://stream1.freetv.fun/dcc9e24eea2fa5cb92e0ada86abc2be31b360c5ed4b315dc3c920e860490dffd.ctv
DJING TV,https://stream1.freetv.fun/d8b6e747f1d89f034403bf1bfb5a07c6473a39bd4a45512bccf62d87d78d7b1a.m3u8
DJING TV,https://stream1.freetv.fun/424f6051b2bc8cb738600b650e3b52cb235c89827296f4016bb81e6f770ec3cc.m3u8
Da Vinci,https://stream1.freetv.fun/a14438c8bb29db1b41439cad239333c0a045897baa1708bb00bd2c6dd958f75b.m3u8
Discovery ASIA[geo-blocked],https://stream1.freetv.fun/0e95284ea13ccc16aad1cd584248b75a1fb128128e842b5c7b51b0ddc5a62773.ctv
Discovery ASIA,https://stream1.freetv.fun/3b09623b55d2fe9091f70b8bf13168084109da5897594e8e3502225e6aefbd0b.m3u8
Discovery ASIA[geo-blocked],https://stream1.freetv.fun/8860798f8106dd19902497682c00af79b214245d3a9de04d988e834b967a7f9e.ctv
Discovery ASIA,https://stream1.freetv.fun/fc2ef02863732ec1dc18b73dd8cde062228b10f9613a2dfaa676c1c1b2866f96.ctv
Discovery Family,https://stream1.freetv.fun/d4e867def29c38bdf7855ea0d7cfa10c0ccf48eb42f2dd370c2ceca80c9dfcf4.ctv
Discovery Family,https://stream1.freetv.fun/8966323b4eb15c21fd560f6f2e14210831e1e0dc348ecbd777eb301f32d84344.ctv
Discovery Family,https://stream1.freetv.fun/bfcb5c73d7ccfda701e07e347990cdf0ab6c083e7ff88f5d448ba0c8723db78e.ctv
Discovery LIFE[geo-blocked],https://stream1.freetv.fun/920285c87e85cdb0caafdd22dce636d5e0d782b701514e7cf6a887f496d4a50d.ctv
Disney,https://stream1.freetv.fun/6cdc5fe86597a7c458cf56fbd25e00e8b460a8c98d42a6db44c09d5e54e36208.ctv
Disney,https://stream1.freetv.fun/1c07e69d331d2e40d98ea013dd8fa6e2f274e0a0d5aba538c3407a9b831389fc.ctv
Disney,https://stream1.freetv.fun/c14cf6de31404518860aa356ac3f1237f3ef991c73da2e8bfca5a7630b38b441.ctv
Disney,https://stream1.freetv.fun/1ee5865c317deedda5a2e8ce00f293196607064361cbc73855afceed3ef0544f.ctv
Disney[geo-blocked],https://stream1.freetv.fun/ac840e735b21d2a5544e99e96d504efb9c8ddfaed881c694816ece6ba5a1fc23.ctv
Disney[geo-blocked],https://stream1.freetv.fun/fbb721244ecf9d05e6145043d39ef3c17f769fbc276d9268a72f8ae40ab65d1b.ctv
Disney Junior(ASIA),https://stream1.freetv.fun/cc9faae53107fde7b767462aef5122a5f3df44cd5cdb76eecd40ceac45f9990d.ctv
Disney Junior(ASIA),https://stream1.freetv.fun/13385530d87af358841b4e5d159ca199fcd97cfbe9fa37893f7bf8960a270c3b.ctv
Disney Junior(ASIA),https://stream1.freetv.fun/86fec51f7b7c3a6b3f1c75743ddca841a355c97c695084abd12678afd44698f5.m3u8
Disney Junior(ASIA),https://stream1.freetv.fun/a73a70b1ffef79fa18dcd592bbbc6f7dd8cefb227f9960067e01e6ac0c0c404d.m3u8
E!Entertainment,https://stream1.freetv.fun/2e34db3fad3d1a7040322f7366a07c8d129f7064f3f3afa63eff0fc72260627c.ctv
E!Entertainment,https://stream1.freetv.fun/f4984a1a6072ad7b061cfea8625eefc58a065a63fd097b7b437882dc589e63ab.ctv
E!Entertainment[geo-blocked],https://stream1.freetv.fun/dd8b07593e47585f6ed2d3a58cfac1e4f1a043a316cf80c1877e8394f1ea9696.ctv
ESPN 2[geo-blocked],https://stream1.freetv.fun/c3c7cab8aadc67d977bd6bd902669ca0a353e65e005d53e7f6b976477de15e2c.m3u8
ESPN 2,https://stream1.freetv.fun/e9fa7619731c2c454b8afb1f9944724f9b3945a3e0db089929d4bbb1eb74eb5e.ctv
ESPN 2,https://stream1.freetv.fun/329b6afa11b080deaf88429b5872ccc899dd1f76b1917696c23e70e5ca1a9ff1.m3u8
ESPN 3,https://stream1.freetv.fun/ce769a42672a3754d70d004d2dfc0316ffedce02c6afbc1e10f57ae6cd65fffe.ctv
ESPN 3[geo-blocked],https://stream1.freetv.fun/cf5561698c3f8875779a84ee8c4528ed40b53b42d4aa26b740e45f0078af3ff6.ctv
ESPN HD,https://stream1.freetv.fun/5e176fc92a7ab90d37062e31dc964b896b5c25210bd3ccde1336bdbc59b7ddbd.ctv
ESPN HD,https://stream1.freetv.fun/8bac4c2416bc144d1ec171cd4cc1104bb343152869bdccd214f0bb84dbb11af2.ctv
ESPN HD,https://stream1.freetv.fun/3266b86c69e2da0f5661d07c518980edd1cfa1cdca07e56f7a6746715cb48294.ctv
ESPN HD[geo-blocked],https://stream1.freetv.fun/b2401e72cda9cc7b3ca39274acd0e14d5f778ac12b7e10fd893bebfc5b6897c0.ctv
ESPN HD[geo-blocked],https://stream1.freetv.fun/1ee2d979a6226ebba1eb6c639315c5f9d0bc608f3f99abe374f42e1bdfcdcd0e.m3u8
ESPN HD,https://stream1.freetv.fun/9e07f79f7a52802ee6a2de2f1e6ebe82b472dfc04c1dc72db5c275c051d7c32d.m3u8
ESPN HD,https://stream1.freetv.fun/db563ef682e93d4dd8d6d7038fafb31cfe688d672311b529beb06b1768d6d15f.ctv
ESPN HD,https://stream1.freetv.fun/71abe2cf4706d44afee288f151e459addf6782f3f047772c4951525d0897e235.ctv
ESPN U,https://stream1.freetv.fun/27c7e099cf9e83ba4314ffa7945d846c5b8be28a05f615babf5d08f21fb63dd7.m3u8
ESPN U,https://stream1.freetv.fun/9301f95536e32103abe193750241040d700cf8b3b87ddb4b5dbd3b9904006777.m3u8
ESPN2[geo-blocked],https://stream1.freetv.fun/e2afbf5e15cf943521fe95d135d9eba7bc0f44d38b0435fd2e456a62a5061872.ctv
EWTN Asia-Pacific[geo-blocked],https://stream1.freetv.fun/790250307f419a463cbe03aa9a991aba25bb7dac2dc4b624c8dc37e4584d4640.m3u8
EWTN Asia-Pacific[geo-blocked],https://stream1.freetv.fun/54ebe88b3089bd104fcbdbf09cd3463687bd5c70d637d1fa269e7080d1c00500.m3u8
EWTN El Canal Católico[geo-blocked],https://stream1.freetv.fun/803f05718704f967e02130a083a7576483467d100d0bdbba9f5ebd1843e544e6.m3u8
Esports Max,https://stream1.freetv.fun/9140b3a23802515e0ad7483f470adac3875995243f2836df473c5ffecfb582f5.m3u8
Estrella TV,https://stream1.freetv.fun/5dae9b8ea448b5de1c743b941fe378d8f300484f731ce6b3a97b5c8cdab584bd.m3u8
Estrella TV,https://stream1.freetv.fun/8f4ab5e2e5af6e401f404d4d42824048224dc3e21854d6273129e21a1eb5e8af.m3u8
Estrella TV,https://stream1.freetv.fun/6bc4ec6a9fc25e583b4d092633ef6c99bd67fc99397e0fbfc4bfc3ee2982441f.m3u8
Estrella TV,https://stream1.freetv.fun/b44d41abb5f9a64e5685010f132c9a74c5456437468fc3538063fa38ab4b5355.m3u8
Estrella TV,https://stream1.freetv.fun/7bb4e03c8be5a706680dac1ae6e529b28b38a7e83cd619f9fe3043cf1bd1863b.m3u8
Estrella TV,https://stream1.freetv.fun/6bb9c63e7c91f9d53c2cb81a870f219983f75f6c93c066ac30513d858ff7eb5e.m3u8
FOX 13 Seattle,https://stream1.freetv.fun/019a81c42bfd0f334d0142684dcafe4844f80d6d1e50be8a41b18a45cd317c7f.m3u8
FOX 5 ATLANTA,https://stream1.freetv.fun/9e1ad54586d9abcff5ba2b349a48b42bc89a8328623da305e4f8f0b195ef0ab9.m3u8
FOX NEWS NOW[geo-blocked],https://stream1.freetv.fun/e3eb8642006f190c347f7647ab2bf3968ea1b1c38b5b8311c67a5aa436199a8f.m3u8
FOX NEWS NOW,https://stream1.freetv.fun/117e45c05c53cd6ee697d44adeadb9555bc4ffc541955167d0a2186948828b4a.ctv
FOX SPORTS HD[geo-blocked],https://stream1.freetv.fun/ec5e5a4f565692e4aba7425acd359a902c8611301c0ec51ab3ee6809cb0d435a.m3u8
FOX SPORTS HD[geo-blocked],https://stream1.freetv.fun/058d248305e866d4853b7b91a8b38b85f7e8968116538c84f88fdd4b3ea42f9c.m3u8
FOX SPORTS HD,https://stream1.freetv.fun/4f010fe50dbef3dd96c885b069019bc9dbe2f789db62ef212e9f3b66ec10ab4a.m3u8
FOX SPORTS HD[geo-blocked],https://stream1.freetv.fun/478862ed72cb716d6f4f6f1713d09a3c62912b5411d094419df3db5ae7d450a7.ctv
FOX SPORTS HD[geo-blocked],https://stream1.freetv.fun/e76bf8f3f23dacba65c8a998b2e916a1a2c5214930e01f694da64fb2fef1e5b1.m3u8
FOX SPORTS HD,https://stream1.freetv.fun/0971b9e4e002f7e42976425ddb725e283bd475179bcc97679b4a1406dd1d1567.ctv
FOX SPORTS HD,https://stream1.freetv.fun/b6fab4633728ac4960085dd0c7be25a8f254360d98d4d14a2d9be3c7d4cd1fd6.ctv
FOX SPORTS HD[geo-blocked],https://stream1.freetv.fun/4e3847d79fc555ee34b3bc0af1ad9b529c3635224be1274085c346fdcd33f2ce.m3u8
FOX SPORTS HD,https://stream1.freetv.fun/c90d0352d116cdab2ce80b5f3fa7a069f74e00c1c0093b2787d724e92ed7b266.m3u8
FOX SPORTS HD,https://stream1.freetv.fun/7f938443e6a923dd28f37e4ac1d37c5c808d0b33b23a2e122def38fab77feaea.ctv
FOX Sports 2,https://stream1.freetv.fun/952f17ed6ddc4c6f54c7de57d1a9149562b95d74cac5aebffe14e0b340385b7a.ctv
FOX Sports 2,https://stream1.freetv.fun/8bb1981f2cffc3306e87a29ee589fc59c867ed9a118c9ea055d6afaf06195ddd.m3u8
FOX Sports 2,https://stream1.freetv.fun/229e69c45150bd917842e65151207668352226d01991e68ba9f3b678bbfb38a2.ctv
FOX TV Network,https://stream1.freetv.fun/14904b335c1361b19325e4c6bae01756985983a17578008754859f5df8e44c3f.m3u8
FOX TV Network,https://stream1.freetv.fun/476598479708d0a84efe459581fef917457d9151cdd04196f9328d13217e8222.m3u8
FS1,https://stream1.freetv.fun/2eed4308fab1bf62f54103364b3eecec3985f0e6ab9bdb656fe34814b560efd9.ctv
FS2,https://stream1.freetv.fun/c512ddd1f3158f6db873b71b1838f5d2bc995e5b0389b447954384da1446d379.ctv
FUBO SPORTS,https://stream1.freetv.fun/ea0deec3841e76a545168c2bb33e459528341c746d42c54ee78302792d3c8907.m3u8
FX Asia,https://stream1.freetv.fun/dc30c3a51fb2a542d7a1be6c7aacb539b7da6df9651fe6ead8ee904f48b1044d.ctv
FX Asia,https://stream1.freetv.fun/a3beb85abae4f3a6a1d1662c4f1f6c3cdd33d75c125a075aa0ec195e8c180ed6.m3u8
FXM,https://stream1.freetv.fun/9de577188b10ed711425f0c5fa634f3416375c2ebd3a1ab77ef3467450c55b05.ctv
FXM,https://stream1.freetv.fun/a565702fc908984f7ca091beee327f1243ab788a5b535c300fffa690ecda22dc.ctv
FXM,https://stream1.freetv.fun/0da926b414bfd4c51b9fed8c39c0a52c22f52b3bc6d93eba983c4e4753ee9205.ctv
FXM,https://stream1.freetv.fun/417942fdec7af69490903b3628ea29cdd0c8f83bdba21a615198d41f5f130e0f.m3u8
Fight Sports[geo-blocked],https://stream1.freetv.fun/1dde0b36dafe02d56f0520921cede05b37a87bb85278b91c531ace31c8e0bdc2.m3u8
FightBox TV,https://stream1.freetv.fun/3fd8205e7fcdbdbea92a82d210b9028589e15412b4541426d865fabbeafbfddc.m3u8
Food Network UK,https://stream1.freetv.fun/96e2ef9c4cf804b27ebd6d449bb52e5a816297ee4a1187f7c8ea570043078a0a.ctv
Food Network UK[geo-blocked],https://stream1.freetv.fun/b4e8b7806f6435a007907d5b930b46af5ff4b2265a06a3158e07ff63292e1704.ctv
Fox Business,https://stream1.freetv.fun/16d9074a92a9fe3ddfb4bd5eb46ce34dc957a695c9dee7ac7020a4ddffce9b79.m3u8
Fox Kids,https://stream1.freetv.fun/183af854a4f93a8d13fe43268bbbcfd8f3e36547df18b4c6b86e5fab99a02e55.m3u8
Fox News[geo-blocked],https://stream1.freetv.fun/9245d5d7420f7ebdb2b38f1a6535b60adf0e7576dea62f5ea8ef467f82421517.ctv
Fox News Channel,https://stream1.freetv.fun/d96939dc6497425b0bff7f344683de3972425f3ca99772e56690d58b0c6b429a.m3u8
Fox News Channel[geo-blocked],https://stream1.freetv.fun/7593dbe93965d6224057e8ba860a363a510a48760537c516ad3b02a9731d91d1.m3u8
Fox Sports 1,https://stream1.freetv.fun/bf9bc1dd55ec334ed7645a9de50ef1dfca6b83a702200c6ade3a6e268f159c06.m3u8
Fox Weather,https://stream1.freetv.fun/8e56a69eb8d654dffdcb249d9dcbee8da0a6ae8fce5d481cd9a8a5d1ebb74fc1.m3u8
Fox Weather,https://stream1.freetv.fun/9313875cce54d544b2a4e3e4b6cdcd21cd408bbbd0d788ee78760de47affad4f.m3u8
Freeform TV,https://stream1.freetv.fun/e04ad152728a9e8cc9c343d04b954e6aea0e06306f07606da64a4173e99a379f.m3u8
Freeform TV,https://stream1.freetv.fun/1afaf527db82763a5f1e029b498d42a11d6c76bf0cdda2106fb58c6894895691.m3u8
GOLF,https://stream1.freetv.fun/d15bfc234b115f61dd63eae157bb7bbc3521e34826d776e9427866ebb7178a57.ctv
Golf Channel[geo-blocked],https://stream1.freetv.fun/6270abdcceec1e295b85aa6a9004dbbbc8455712b2194fd276f95f0c83438bbd.ctv
Golf Channel,https://stream1.freetv.fun/52de36ac000f1fb76a7deaaa9ddacecfa5ccf6f41ceaa1b6af2869ac8d746776.ctv
Golf Channel,https://stream1.freetv.fun/a8ab8a3c392a8490c80fde7c9664f1a0589914241474fd199e0790c9be0f35c0.ctv
Golf Channel,https://stream1.freetv.fun/7cfe109c10aeb6af23eec3b6971c60f5888b62a1967346ddcdbf64d65d20fc73.ctv
HBO,https://stream1.freetv.fun/419f7c8de2912e89d3b53b7f943c0c82a076fdf6846327e4911e8af9b5fd1d18.ctv
HBO,https://stream1.freetv.fun/7e154d3ba0994a6d902f0a03ae0ac260fd826712e7b1b5077b3d086c8fc7cb8e.ctv
HBO 2 HD,https://stream1.freetv.fun/9de63cc92d07d11927736466ff0cdd753e6951a87aaf428a70b91f15c4638889.ctv
HBO 2 HD,https://stream1.freetv.fun/fe78f3f5d27b1d79b6078eb7a74314b523b84057046babe4ad5808ef8364c072.ctv
HBO Comedy,https://stream1.freetv.fun/73b7a5bb1acb8c5cdc73b46a389d1d621f8800001b7490d017adfac71a615b91.m3u8
HBO Comedy,https://stream1.freetv.fun/8a8ea60ba250cae2501762c282431ce92d14d7a3c0ba83ec7ba4670b8a74b41b.m3u8
HBO Comedy,https://stream1.freetv.fun/fb514a39d6b2b6b8262c6d4dc487ad7421752b7580d32562d42a40f9588d98f6.ctv
HBO Comedy,https://stream1.freetv.fun/e77cdd73c9ce324ed8c2ee2cbc6e73249bcaf2ace61b8b02df1ba8ef4b01a5f6.ctv
HBO Comedy,https://stream1.freetv.fun/690186d989ad3aa39dc21479b49053fb9c6b0bcba2aef0ae0a9d8d3d4bd97ea3.ctv
HBO East[geo-blocked],https://stream1.freetv.fun/f63843df69e2efca95234b049f23a5747c0748356856e7b6b0a0f58f15440205.ctv
HBO East[geo-blocked],https://stream1.freetv.fun/1eeb8cf97c1d84c578a17a1ae11daab97fa99ee45d54e44149427bb064dc0dad.m3u8
HBO East,https://stream1.freetv.fun/55e40cfb059e9f75909ffdb51aa3a67c8196fe633453312e5e82cd544cbd307a.ctv
HBO East,https://stream1.freetv.fun/27644797c969ce8e7461859f1b532a32549df1c1e480b63f10bc769e7c44da43.ctv
HBO Family(USA),https://stream1.freetv.fun/4e11f0e2661b2ce386a65253857b1502a08aa9a630fce4884ff8c44cf0260f87.ctv
HBO Family(USA),https://stream1.freetv.fun/4d82dff8d8c26ffd0c8f26021172b79e874f4507d5961741c3fda54f889445b9.m3u8
HBO Family(USA)[geo-blocked],https://stream1.freetv.fun/43e5f13eb3fe687a382837d4fb7bbd54d3df4755a1c8e6be7231daea9caca180.ctv
HBO Family(USA)[geo-blocked],https://stream1.freetv.fun/710f5d45925ace259144953db9927f0e70fbebb735f1157979746d55bba1e4b6.ctv
HBO Family(USA),https://stream1.freetv.fun/c75dcb6848446c48a214002cedfeee6a6ec88c7ad78d88a982a551c53bcf1527.ctv
HBO Family(USA),https://stream1.freetv.fun/207005511f3bd7c7467147bf4fa0dc5306d637ad4c36dac81b2f62c91682542e.ctv
HBO Family(USA)[geo-blocked],https://stream1.freetv.fun/7703fc7005223f02258835548c5b8a04c1e37f91158fd5efab222c79e6238518.m3u8
HBO Family(USA),https://stream1.freetv.fun/bfe89c247a1d82cc7398d983d75686615c2b3e48fac2ed909afa51bbf50e4705.ctv
HBO Family(USA)[geo-blocked],https://stream1.freetv.fun/c077e81ff8ccc8dd26bc358fabe6c1e6dbfdaa3981fc45ecc8f640e6904c4b0c.ctv
HBO Family(USA)[geo-blocked],https://stream1.freetv.fun/c9224891e60df66812d64f623890f606b32ef3a002527a66ce3585e487b4a03a.ctv
HBO Family(USA)[geo-blocked],https://stream1.freetv.fun/a1ec9a4d621aaafda4527e450539f4c5ffeb0a7ff765bb19c30243b479cdc265.ctv
HBO Family(USA),https://stream1.freetv.fun/c9937606a1702456c83f4ea1a3ea5254d4f863410a298322a1ad643b9dd5a992.ctv
HBO Family(USA),https://stream1.freetv.fun/75921c1a22facf42896819e07b0633a67ea9abc909db95c71f8ced56487eabd3.ctv
HBO Family(USA),https://stream1.freetv.fun/51e124a6ee48829a3ff0e30c95e3860be79d3739e28282f6d69afeeebc5159ed.ctv
HBO Family(USA),https://stream1.freetv.fun/104efb34664427832e9ec017c706b0709037742a404a968d6b6f8dd5b04179b6.m3u8
HBO Family(USA)[geo-blocked],https://stream1.freetv.fun/2a769f11b24bf28b196211e744e352356cdaef230e251c9d79b6645970627cab.m3u8
HBO HITS[geo-blocked],https://stream1.freetv.fun/a81e25c7e7811f769921bf9ebc4c671283ad923b5fc34a3e88b70c9f2f7bacaa.m3u8
HBO HITS(TW)[geo-blocked],https://stream1.freetv.fun/a949bab19a504c3d0bf89009533afbaa4f8ef90377669e21d052e02a1c1e6d0a.m3u8
HBO HITS(TW)[geo-blocked],https://stream1.freetv.fun/17e7a8dce5c7028734ff0dac993c3d2e0c89fca1949913b99caef729e40d540d.ctv
HBO HITS(TW),https://stream1.freetv.fun/9a8920aa738a8f9e37e9145a91d7fb9619f4d89be976ae43344c725cff6f12cb.ctv
HBO HITS(TW),https://stream1.freetv.fun/d448fcc4afa28581a77db41fd2e43dc14889469d1cddb47eb94c0470c68a2ba5.ctv
HBO HITS(TW),https://stream1.freetv.fun/a4ae02e4dbd55b2e12fd79d06b46149a1d27147021e398bdf7cd99856af7f80b.ctv
HBO HITS(TW),https://stream1.freetv.fun/51268c1367a5d79061cf93b6e677472ed4e762abf1e6ce8c241161feced56eb3.ctv
HBO PLUS,https://stream1.freetv.fun/f111935acab3f0ea866d0ab140a6752ba41368a3a8ad1650890eac603a869284.ctv
HBO Signature(USA),https://stream1.freetv.fun/69311dff3ccb9380594ec77d1928d490ec23d9b1cc96c4836f09c740653327d6.ctv
HBO Signature(USA),https://stream1.freetv.fun/f47b1ea2710ccf0777ef1385fff2d4872f078e52de220dea98a903084d4357e0.ctv
HBO Signature(USA),https://stream1.freetv.fun/cdc3d62e7a74a1100dc1aa2873c4bf54993fc0f1c7138839a7604a8ad80edb8c.ctv
HBO Signature(USA),https://stream1.freetv.fun/c7684b00514701f512177dff4b1c245672b3385b0a4c7f63fcec2968708fda51.ctv
HBO Signature(USA),https://stream1.freetv.fun/6294ec8fea1cabed06025a3c44010a36b4b5440f03b9f1f4b646b9bd6ebb82c7.ctv
HBO Signature(USA)[geo-blocked],https://stream1.freetv.fun/4691e60ec7e81a4f0d801311d342138f19c2453988867a130fffa99d5019dd2f.ctv
HBO Signature(USA),https://stream1.freetv.fun/88da96485af9b7f34a306729cc5f1c5b89869f007ab8c5d1c03ac52f8545c9ea.ctv
HBO Signature(USA),https://stream1.freetv.fun/92159ef7a39b14d915d8f9b3d9a9410be48b2ab013280ae8b4f581cf6abf6471.m3u8
HBO WEST[geo-blocked],https://stream1.freetv.fun/1ca14bd7fc9f5820fdcb7be4cc93b3ec23807d9e764ef6b1c10fbf16888e6830.ctv
HBO Zone[geo-blocked],https://stream1.freetv.fun/a07decf60d77ac311608f8f98a961147b1e0299bc59fe300494265f4420433fd.m3u8
HBO Zone,https://stream1.freetv.fun/845345c0283e5974160f797550723855245dba003abecdd406f19562165f9308.m3u8
HBO Zone,https://stream1.freetv.fun/c02094496bb61d4f3284fc231e6dbef540a543a65fbe6e6ebb3a6b5d7e1369a2.ctv
HBO Zone,https://stream1.freetv.fun/152962c0f3b9057ba741c8927679b176267a4c32425d98b68efcad00800c275e.ctv
HBO(TW),https://stream1.freetv.fun/adf9fc3f5e30d672b7aa00536016cc18eeed6af3967579239d83388cf0b93657.ctv
HBO(TW),https://stream1.freetv.fun/da7485cd70c21f5c24793cd8af2462d5bd0fc0419c247586576de51fd9ed69d1.ctv
HBO(TW),https://stream1.freetv.fun/ec48048272b524c0b58ce4c02391959f568907ed98f662ca965caa2122b4bcad.m3u8
HBO(TW)[geo-blocked],https://stream1.freetv.fun/a73965e3c630458f475e0fbcf50a035c1c1f2cf9606d937f59d6317706a6939d.ctv
HBO(TW),https://stream1.freetv.fun/55c203bfeec192644919194ed6ad475bfb74024570654f512d87b2ccd5075838.ctv
HBO(TW),https://stream1.freetv.fun/58f13f6cbd939341681adbd51000e173ee0d37c732e4af89b16a7c35b478c9d2.ctv
HBO(TW),https://stream1.freetv.fun/fe6f627c19f38072c142af9e1359846269f0278d16ba2a975f6c457e7fa36b2e.ctv
HBO(TW)[geo-blocked],https://stream1.freetv.fun/8927084c0014bfcd44f3249afc80730c81b095b0d381f91c483657e699ed6204.m3u8
HBO(TW)[geo-blocked],https://stream1.freetv.fun/a8fa490f1772b4c72ac470471d38f389b3ecb624af51cbee51939b27d2c5fe21.ctv
HBO(TW),https://stream1.freetv.fun/3984f600664e118e6afe0b564f40e93653e2ea9586c657f314d32cad208346d2.ctv
HBO(TW)[geo-blocked],https://stream1.freetv.fun/7e2cdf20246f7960bca27354f101b6610cf29bc70ee634dabc22f34e22cdb326.ctv
HBO(TW)[geo-blocked],https://stream1.freetv.fun/1a5713fbe90c6c698790c3c422a2eab90c462f770c63c2db1bfaefcd500bfaad.ctv
HBO(TW),https://stream1.freetv.fun/e5f2c37cb62c70bda14f1bf315804dc78e8cbc27dc62cd8caff7fbb033ff61e3.ctv
HBO(TW),https://stream1.freetv.fun/3c18a1e37023b2e676f4a483b42491e20b3f96e7d8b8a9bd0a470cef09bd6d5f.ctv
HBO(TW),https://stream1.freetv.fun/4904bb1d54cda00d4b146c3b5265cadb6d12c6e11d9761851e0ae2cd51022bcb.m3u8
HBO(TW),https://stream1.freetv.fun/f6b785b4f3cd787cadc0a426700657c61be3622c009ad6a7a1987e841208963d.m3u8
HBO(TW),https://stream1.freetv.fun/2d4513e519ddc5c18adf3e194d682c35355850136387a44da6f3b31033d77fea.ctv
HBO(TW),https://stream1.freetv.fun/51443874974cfbae6d103fceed90091cc3c4d8d46ed132a037629fae33402b56.ctv
HBO(TW),https://stream1.freetv.fun/229aa524985cdefce25d11e87c7ef3d7c308f35e585af8cc9935268ef7b89428.ctv
HBO(TW),https://stream1.freetv.fun/ebc73a94ad8355026b398423a2f667beb5096295209b8cc89bb1d9fbb4dbdcc7.ctv
HBO(TW),https://stream1.freetv.fun/6da9d008c04b2e2be48b03628b91a5951f65194546c39a0da383c94e19f06660.m3u8
HBO(TW),https://stream1.freetv.fun/a41fba637dc9a9a518d05cc0ddaad24d47985c8bafdeae4b252ee47f13c3e258.ctv
HBO2,https://stream1.freetv.fun/a9510410b3b867738e9cc782ae359adeba5cb0ded713d834a4ae520a16fbfd28.m3u8
HRTV[geo-blocked],https://stream1.freetv.fun/ae5eb5f2b440d1126df802aea88b1d87fac14008ae4cb17266f9705fdb8cd149.m3u8
HSN,https://stream1.freetv.fun/db8583fe37597add871c4d8d1c11b6f77072ab2b941b3b626c66cc2665e1e78c.m3u8
HSN,https://stream1.freetv.fun/01f6517b466f79e652e69c1ac085a02ea69a43f9d418292d9704c02acbf51db1.m3u8
Hallmark Channel,https://stream1.freetv.fun/76cbf7e1b6ed8641e8cfb45e452fbaf7bcaacab70dc8de9470041ae98a39864f.m3u8
Hallmark Channel[geo-blocked],https://stream1.freetv.fun/143bebcaedfeee4d8f65d51b7695bedfb57219959d586bc6dcd445090c1d6437.ctv
Hallmark Channel,https://stream1.freetv.fun/e09b995d7c80ddfd0fd67c76b1cbf10e797b36a17b1c051dfda934b1bc7ef44b.m3u8
Hallmark Movies,https://stream1.freetv.fun/d3e7652ef4c6cd450308070b2ce346f045643ce6e30717544f2f4ab6340af52d.m3u8
Hallmark Movies,https://stream1.freetv.fun/7a1fd14045048ace4d4e8ea852aa207f9223ae6fc9971638f9b4f35d4f621942.m3u8
Hallmark Movies[geo-blocked],https://stream1.freetv.fun/2aec97a9ee3b0fc24a25abef9384b9e62fd126bfc15215d0ec344f984ad8e9d6.ctv
Hallmark Movies & More,https://stream1.freetv.fun/d85f6a02778050e7501dd62f4ebae43ae70591161501940a226a304220bc3faf.m3u8
History 2 HD,https://stream1.freetv.fun/577522f3edae438811a81e1e341b901c7e7df684f2193ecc2673bb6d446dc7aa.ctv
History(USA),https://stream1.freetv.fun/6ac0954d327967a57a7d73b185de6b7a9a1f8f30924d335b3d07a40bb04dff6d.m3u8
History(USA),https://stream1.freetv.fun/ff0ae1f5b6ced206bc6bac45e5fcae7fc835aa4a33799aba2902c7a270dca842.m3u8
History(USA),https://stream1.freetv.fun/963fa49fbee0f4a9062c2d4082adcc8819dcd83054ea118fb0566bdfeda7bfa6.m3u8
History(USA),https://stream1.freetv.fun/2510620089302dfce18b5e26bc8ec6699ad9dc11e0ba117d2fec9a863e481618.m3u8
History(USA),https://stream1.freetv.fun/867e025f3f7ce04bd52a95f448d3f79870c0c460c99a8b57f83922bf35ce17a8.ctv
History(USA),https://stream1.freetv.fun/efc5f598c2c3af144b45fafac3c3a071a5fb16d739287cc3482d1b227694c448.ctv
History(USA),https://stream1.freetv.fun/05d505361e63601974a7ef029b94ad0e0544f4bf5f938b2cac59c9bb8e82aa90.ctv
History(USA),https://stream1.freetv.fun/5d4459bb971bb9583efa9f1e6b68a93f97894359e7381d41fada64d026130bd3.ctv
History(USA),https://stream1.freetv.fun/5a57e038d0dd6dce4f21705a8b72ee8f9c757df1b7f20797a63b9c538945c269.m3u8
History(USA)[geo-blocked],https://stream1.freetv.fun/cfb736b74204b81f7a02eeee7178cd6576d418fff98b7edd5dd82b3043208297.m3u8
History(USA),https://stream1.freetv.fun/8b103b529d9a9a30642fed32a4e7c47a13330a31ba22609b436af30d61c7ca7e.m3u8
History(USA),https://stream1.freetv.fun/0a5cb73a75465edbb87715e4671e2afcdaa1eab18afe10bf5912e697c4df0019.m3u8
History(USA),https://stream1.freetv.fun/25c2cd4994378b811736e1d11dadd720fc12971247f6a80ec477921015d6394c.m3u8
History(USA)[geo-blocked],https://stream1.freetv.fun/f71d02285ca2832a5fdf35e41475d3faf502fa1a18eab5684ed3b1d99419cc76.ctv
History(USA)[geo-blocked],https://stream1.freetv.fun/007ce3d1b17bc6de645f6f1ed7d508a72d968009e0ef4dc6bbd7aae4d1280b5e.m3u8
History(USA),https://stream1.freetv.fun/64bb73bebd6f08bb1d9c3c2b4d47fcb9fa47e6710967e51597584c773ce81b1e.ctv
History(USA),https://stream1.freetv.fun/5ab772274993641f031bdd50c8e3db3963ec27c307f68f1a6a4c63f68d493bc1.ctv
History(USA),https://stream1.freetv.fun/e39fcc2ebee07be653f55e7c8bbacb452be79061cc4dcd581eebe4f9a7adb79d.ctv
History2(USA)[geo-blocked],https://stream1.freetv.fun/4ca397db9aa81944a334bfbd8c383351ac1dc1cf2e3e31a0b644271d5c3e5f49.m3u8
ION Plus USA,https://stream1.freetv.fun/2a6bac86ffb02d204a2759478fe3d436466eef5b7660253bb004c9da8c786de2.m3u8
Investigation Discovery[geo-blocked],https://stream1.freetv.fun/bd3ca2880cf898b190a9d2c25b43f16ddb849b7879e1d82287e30dd2427c0158.ctv
Investigation Discovery[geo-blocked],https://stream1.freetv.fun/0349c9b06c322051f36cfe063ec9a3e35d8b57c4b8f2c5f2e3c908939e4dd26d.m3u8
Investigation Discovery,https://stream1.freetv.fun/1c784128ac6689acef1d0a59ce95527781b8f312fb0db87f948aa6407edb6cad.m3u8
KAYU TV,https://stream1.freetv.fun/6f619c9d8616db2dfaad439af61cdbe7e03468532e0cef75c5ff638ef4d733d3.m3u8
KAYU TV,https://stream1.freetv.fun/077a8cb72783e38f1a136f670ea19de813ed7dc0a4874cfff0389143b5f411f7.m3u8
KAYU TV,https://stream1.freetv.fun/fb05de9f23c6935cf0d52abdd973ff29e6d5e919817d335568b8a6396a8960fc.m3u8
KAYU TV,https://stream1.freetv.fun/8eb3236201ff8994e8bfd3844f0f3df0a3b6f5c3ca8bc669486991e56c719ff4.m3u8
Kids Channel,https://stream1.freetv.fun/3cd7c5f0170b0b577ab349258b8bedd1ed70349ae49f194496b3730929437323.m3u8
Kiro 7,https://stream1.freetv.fun/00d7b2cd99a7976ade2af30ce3a1613251eb986ecaf5654930b972f79d0f1338.m3u8
LIFESTYLE TV,https://stream1.freetv.fun/c798aa137d62112fd9b52c6e390f680ebaa0e4ac564e788fb343d201681042be.m3u8
LIFESTYLE TV,https://stream1.freetv.fun/266dc64467bbd9bcc331a73db5ff98720088c11d4741266fc5ab8a892e93f620.ctv
Lofi Hip Hop,https://stream1.freetv.fun/90d852c812741a91a36c89b01319392377174a6de9faaeed3b7de64b14693e2d.m3u8
MAX,https://stream1.freetv.fun/c984bfd0e6eded1cc06a96c7af628f76718ab014f1ea728db4f5046fcad910a9.m3u8
MAX,https://stream1.freetv.fun/96c40039316097d3e0dc6a1671d61c23075e0418d9ee58d4f8cd3a104c2df045.ctv
MAX,https://stream1.freetv.fun/78d28f56c120925d6d223cd250dd0badb8a6a39c1238835a0b3565a174422106.m3u8
MG,https://stream1.freetv.fun/2f050819e4128b3f419f8612949ec4bd3808aca5d246d4c4fa62c1c80eb1ab99.ctv
MG,https://stream1.freetv.fun/46b3046eb6d46175f1223b02f62b3ecb77a61a724c69f25bf7796629dc2cfb58.m3u8
MG,https://stream1.freetv.fun/aea4a4a8481f9ab900934b366324426925182cca72a322d2f5e22472f251fc3a.m3u8
MSNBC,https://stream1.freetv.fun/ad3240837b482686e58c4dc3ebde9ed22834f1940bf20cfb66b586441d1c074e.m3u8
MSNBC,https://stream1.freetv.fun/e798f22796c22d9ad9c1dc4363ebe59929dae2dd8f7534800501db13cb3a92bf.ctv
MSNBC,https://stream1.freetv.fun/7eb8beddc1af40eb02aaa5e3bdf56e6025d7c4fbbe06429dd7e44ccc4cda7f11.ctv
MTV HD(Korea),https://stream1.freetv.fun/e7ad24184f519a1abed4119d03cde16bcf6895b1998b55b4b2b616c2ab2862a9.m3u8
MTV HD(Korea)[geo-blocked],https://stream1.freetv.fun/6c84caeaf7228cb30fdc8ac0fd24dfe7046c611536a641b37ccf944b2f0dc3ca.m3u8
MTV HD(Korea),https://stream1.freetv.fun/dea5b0ab537c8fd5b653f491be74795ca93a90ca27549a843a6893b017998d8c.m3u8
MTV HD(Korea),https://stream1.freetv.fun/b507dc03b0f4aca72b5b618571df18c3e96de7f7baadd816c48f058c60ddedf3.m3u8
MTV HD(Korea),https://stream1.freetv.fun/a1efb58bb5f86f04c8d9aebee3dc436f6e0e8d99f9852c941d0f51745cecf863.m3u8
MTV HD(Korea),https://stream1.freetv.fun/a0121ad85dde6311fe44ba755694ce64f766dc7a2a8109990ef739f86dc4d777.m3u8
MTV HD(Korea)[geo-blocked],https://stream1.freetv.fun/6a0332e5a10cb9d019f0ff2fe7519f758d7bc1172d5f55cffde839744c7b332a.ctv
MTV HD(Korea)[geo-blocked],https://stream1.freetv.fun/98fcc37977e2b401a5caa85641dfe1bdf2755e24b37bb4e68c6b5d91f663aac7.ctv
MTV HD(Korea),https://stream1.freetv.fun/2124fab246cda8d8c8d5df811767ad7456346b1631ccf54c19f0bcafa36b7014.ctv
MTV HD(Korea),https://stream1.freetv.fun/d3746acc3c363591d3ba3112587495d94d61480392181da8b6dc00bf5146797b.ctv
MTV HD(Korea),https://stream1.freetv.fun/18b2deec04e9267e9bd4f0ee9f89acb36d5111851edefd92ea35f37e80d73489.ctv
MTV HD(Korea),https://stream1.freetv.fun/9879ce4a77316689a1ac22114119d002742d97abd4e66c159cdefd7204d0d5f1.ctv
MTV HD(Korea),https://stream1.freetv.fun/37591b2721d61ada5f5e736eb54ed59d70ec40023d7aba98ce025c31366ebf4f.ctv
MTV HD(Korea),https://stream1.freetv.fun/e2adfaba03cf56df09763d5f8ec6f3d81c434fcec923988d33981604e4767e0d.ctv
MTV HD(Korea),https://stream1.freetv.fun/f8a6bd10148ddd12d21a72d169703739bc8b3b99dcb1d58b7841af89c3b65e0d.ctv
MTV Live HD,https://stream1.freetv.fun/3078e6c2b5836d45fcfb30f226d4e75ad3cec632486d621896deac91a16becca.ctv
MTV Live HD,https://stream1.freetv.fun/7ec729d17d7db7069cac914c25186dfab732793bb73e4cf13f9de6fed1eca912.m3u8
MTV Live HD,https://stream1.freetv.fun/ec2402479179813d56c448cb7ca1ba618a32aff0375eaff6f359b35442b928fa.m3u8
MTV Live HD,https://stream1.freetv.fun/a3bfdab1298e6ac209da9db88f141be53e629a0ab69d212588f999f10493ac58.ctv
MTV Live HD,https://stream1.freetv.fun/d0d396b587c90524337ef7115f0fcd73dcd6cb1da81da10d597569e5753f89e2.ctv
MTV Live HD[geo-blocked],https://stream1.freetv.fun/5e6786d95f895f5ca86cdfebec899566ea5c258a8e4a3dc928bbce05391710e7.m3u8
MTV Live HD,https://stream1.freetv.fun/8f8e4f4085922fa4bff52ab64b9c03d03d939a6105349cae19bad1eb2f67659b.ctv
MTV Live HD,https://stream1.freetv.fun/4d33cd917470a9cf84112c877a86fa724f6e754470287a7c130359007bb87410.ctv
MTV Live HD,https://stream1.freetv.fun/67e0eca1b382b3d47a4a52ab8aaf4c3a2f7608d5717ce37e29b593a252bb41b1.m3u8
MTV Live HD[geo-blocked],https://stream1.freetv.fun/ab8e45e306a439b7a8b37db5f6ae6ea91378d4f0f38806ff842263543c1e870c.ctv
MTV Live HD,https://stream1.freetv.fun/8c573abb3c6ccd964bc4e0bebd689225068937c85139bc011d733caa36bfb073.m3u8
MotorTrend ,https://stream1.freetv.fun/83208967a86f4477c1b7cb89cc7202e29c29793d09dbb2997ac791a00f47be3c.m3u8
MotorTrend ,https://stream1.freetv.fun/ab249783c7dd3a2948bad4c18b9d3fd1f8c0e06aeb6d6a39892b6de2025e03e0.m3u8
MotorTrend ,https://stream1.freetv.fun/d818b1f834079970d930095dc564214a958b0bc254b3f4b346318e1ffd8d04e1.ctv
MotorTrend ,https://stream1.freetv.fun/5966a79549b9d907527be13199ef5bb9277d4df7c660ef62a932e44b41c961a0.ctv
Mystery Science Theater 3000,https://stream1.freetv.fun/704b73d1c4ffb1c23f570f7943eae3ef8f1c2a07a68dfc88dac812afad268955.ctv
Mystery Science Theater 3000,https://stream1.freetv.fun/035dd17d1f1fa905af425963895f00f108e2371bd07747d17bf9ada6441b5a7a.ctv
NAT GEO WILD[geo-blocked],https://stream1.freetv.fun/cdd1990ae4b706ec81470cf8ff25f9bb6fbfd31a0fdc464ead4e37c44dbb9e16.ctv
NAT GEO WILD[geo-blocked],https://stream1.freetv.fun/491596b00c339d933e764a744025deaa27c2941c9f5b57e95b7d23718b2efe1f.ctv
NAT GEO WILD,https://stream1.freetv.fun/12252553484319d13df484dae143c1ec7b5719d5c644d366d702bff581c7f0cc.ctv
NAT GEO WILD,https://stream1.freetv.fun/a13b7abc97a25069d45e860e7f5bb01bd891297e353bceb2113fcb5cadb292c5.ctv
NAT GEO(USA)[geo-blocked],https://stream1.freetv.fun/79521bad9ba429e7c9fe216faccbcde0ad93203ad55c6385db22e6262d567aec.ctv
NAT GEO(USA),https://stream1.freetv.fun/8141edab65fb9e66f2db98892dc28d757531417bba03ebb466c446be65eb0b53.ctv
NBA TV HD,https://stream1.freetv.fun/7955af88ab7179462393153b7fe3c90d88a22efaeec58edb2d795aae2efb3d90.m3u8
NBA TV HD,https://stream1.freetv.fun/ee7d13a81c4f42252e087201b79918bd613a893e54b917fb4ff756a3fd06475a.ctv
NBA TV HD,https://stream1.freetv.fun/564c7f5292b714a2fa9a21c19d60d6ca7e88a5dee9ac666eb40336e934966c07.m3u8
NBA TV HD,https://stream1.freetv.fun/5fa4a948c4404628f34ee50f47d1c482adf80ca68a68c0a3624c168ec8fc4c20.m3u8
NBC,https://stream1.freetv.fun/e5e4d23bb578dc11b1fffe9f5bcbd2f32b1a5398b6bfcbc5f995846fadf9b32d.m3u8
NBC NEWS,https://stream1.freetv.fun/cbffacff39e1eed7fc702ccb2c7ae031a9142ad93b9f2444c2ad486f3ffa8033.m3u8
NBC News Now FHD,https://stream1.freetv.fun/eaecfdbaf36cca7bf3b97ad7c02cdd038e29ef2d4a983440d84e7577bf62b288.m3u8
NBC News Now FHD[geo-blocked],https://stream1.freetv.fun/6eacbe18b2fbf02ab6d1ae7870f9e7c0ed9a47f8ff0281223f0b7a3537d69b94.m3u8
NBC News Now FHD[geo-blocked],https://stream1.freetv.fun/0da41b8391816386e3cbefc256a459ea9c6817f0fd5801c00e3e217ac54a89a1.m3u8
NBC Sports Bay Area,https://stream1.freetv.fun/e4bc33e790551479672ade5ee2dde957c4f33cca547b7d44f6aa8ef336f0d266.m3u8
NBC Sports Bay Area[geo-blocked],https://stream1.freetv.fun/7623b1b1a6bbce35dadb6bcd84ff184bf930e667791b0ff4a02c4d0f37cf3573.m3u8
NFL REDZONE,https://stream1.freetv.fun/715b45c66de9bdef0868a2cdd0ed6d1ddbcc1963f6156787644bcb1ad56dac12.m3u8
NHL Network,https://stream1.freetv.fun/7e2c10645bb2b964f8ac0767a921b1243f284cb4966ac1b8d68a2c59cb30793e.m3u8
NewsNation,https://stream1.freetv.fun/fb8e38d10defe1d08e5cc211e77264449af4513c8fc6b9d3821765b8418ab55a.m3u8
NewsNation,https://stream1.freetv.fun/e204d18d15472171cd6bb15fa7b8a1eb469b8eaf9075fc2992c58fb74ef893c9.m3u8
NewsNation,https://stream1.freetv.fun/6fadae81974bafac79066b0b14521049767dee35565024b96a75e8a8ab11b81b.m3u8
Newsmax,https://stream1.freetv.fun/e7a1c209bc7e1b78b90dae231abcebe48e65c02f4c9755560cefee829b27fffa.m3u8
Newsmax,https://stream1.freetv.fun/acc95b1d0ccc50424336707fd900a8614036156b1e260d409e800785e69d8aa0.m3u8
Newsmax,https://stream1.freetv.fun/7d75f6489e5a968a062b15ff58fe4a07bdce2241bb4257ea6ac7b477fc81e7f7.m3u8
Newsmax,https://stream1.freetv.fun/1dda135380a16081816e13aeb8326cdd6fc409f358253ca0825ab202b689045d.m3u8
Newsmax,https://stream1.freetv.fun/0718b365410a0c8e473feb3a5332519158c1477f61d69f7c5516e8af16c609e8.m3u8
Nick HD[geo-blocked],https://stream1.freetv.fun/9a79c75eac5ce8af0e276e40c443c9a1ffd103e9867c0662ccd45f9bcea17573.ctv
Nick HD[geo-blocked],https://stream1.freetv.fun/65d396ad44f851f786f4bdb535abd57b636dc248cdeaaa1a32f8563f35025440.m3u8
Nick HD[geo-blocked],https://stream1.freetv.fun/e3bd73faa73bd201a4e3d7dbcd4fe64aa7cb5f4b5a988fb85060b77636a7986a.m3u8
Nick HD,https://stream1.freetv.fun/d7d367966c5a3aff1df3f45b3dbd15281b5b8202e3f4302b4b0bb6409f9c4aca.ctv
Nick HD[geo-blocked],https://stream1.freetv.fun/3e9e463cdf659c18a111e00808a61852bd86ec15def5fe82ddf8b5e70312d5e7.ctv
Nick HD,https://stream1.freetv.fun/70535d442f114d6e4f448f923f02f5f57658b79a028473d85520877d495c0eda.ctv
Nick HD,https://stream1.freetv.fun/f7f92340110e39cb52e4ceb571ff842962db5bd581b7e3f4f9af62a90711f9c8.m3u8
NickMusic,https://stream1.freetv.fun/704a87a1ba7007bbd1f674ca9d1f201e5876eea206ef22b5376d9637d312889c.m3u8
Outdoor Channel HD,https://stream1.freetv.fun/2e1f7e20f170d1e20ded6bc8833d92486a9d747fd3d9b7c46ab1df8b8e15b2d8.m3u8
Outdoor Channel HD,https://stream1.freetv.fun/9c2eb9add00d9ecac524817cd7e0f9b6abae58e48cb7f3ce75b3510ec7d7096e.m3u8
Outdoor Channel HD,https://stream1.freetv.fun/263ec2486ca17cb63e989f35156e949de2754feaae318efa01e7fada7a4fa31c.m3u8
Outdoor Channel HD,https://stream1.freetv.fun/3caf7613eb1fad65aa9efdd7eab1e8dfe48370f68df88c021e6363c8225bb961.ctv
Outdoor Channel HD,https://stream1.freetv.fun/88a5376e2280ac59e21fb8a3a28aaee7cfa3e7e0902b82417d7caf6460edf83e.ctv
Outside TV,https://stream1.freetv.fun/315292e2393eeff265abb3957cb3e889237d8ed5b90b48d950c3fce2c6eb64a6.m3u8
Oxygen,https://stream1.freetv.fun/553bc6c882d693797d07c905a20ef2e94090527b0b292844eb9de976b67437bb.m3u8
Oxygen,https://stream1.freetv.fun/a2aac05278bffb7bc058f40e5134ff2eaf479ff771cfcb93e415aec212800d9b.m3u8
Oxygen,https://stream1.freetv.fun/7d36035d0ce8a5e8b4f04651616ce4143b830182effd635b054492d9b569d46b.m3u8
PARAMOUNT[geo-blocked],https://stream1.freetv.fun/2233973df9fb272c2dda3ba0edbe922e5a10a85a6c67104c83319e219a6c0696.m3u8
PARAMOUNT[geo-blocked],https://stream1.freetv.fun/e5f9c5107a54a55ff7424a7443abf50e6c1566aa93f4dbbba5f6a733bd7a2357.ctv
PARAMOUNT,https://stream1.freetv.fun/c631393c9c23351521802c2724f1db5a14f3af5bff882ff885fc60cee999719b.ctv
PARAMOUNT,https://stream1.freetv.fun/1597474f9e7e1af10defc4b8a8b9fbd003b2939aacd2bc3460e516e99a8fc362.ctv
PBS Kids,https://stream1.freetv.fun/48949af3eb22c1ac087a2252d0a905ddd285c86c662b6efb8112124a4ea07e3b.m3u8
PBS Kids,https://stream1.freetv.fun/39da69cdbd141a05cb91f0b3770701642329ce157d5ba7ec6b49c3f983ec4eae.m3u8
Paramount Network,https://stream1.freetv.fun/b7b0986df1f583f8df024d673563fd7582e2ad2c3934157a3cf2c0a8a263cfad.m3u8
Paramount Network,https://stream1.freetv.fun/de6b59a7a1e519eb6a53f287f63bff9698eaa4d46bcbcf013777d83cf08e24e0.m3u8
Paramount Network,https://stream1.freetv.fun/4b3e70c1411ddc9bc90936928440a72d1a66ff4cc0bb07ea73411fc53f3fdfe8.ctv
Pro Wrestling Channel[geo-blocked],https://stream1.freetv.fun/a5a500467e5f9a6360785ac9611190fcfab91f82a30715f386bd01d393c46e9a.m3u8
REELZ Channel[geo-blocked],https://stream1.freetv.fun/02d83ccb7a214dd08b9a61ce09514dcd226263ad0c0358ad212cead3ba8337e4.m3u8
RETRO TV,https://stream1.freetv.fun/1c2602f15fd2fb4e9504c5aa17aa0cd1ff854e49818b0a410138ae306e0fd03d.m3u8
RETRO TV,https://stream1.freetv.fun/980784833a8c6efbc3c7a84cffe7134889abc4ed0336427206e72e32a0ab3e4b.m3u8
RETRO TV,https://stream1.freetv.fun/1830bc3e24c1993a91fcb7ca36cb1d35bc7330c8b5a1663edf344bf524673a2b.m3u8
RETRO TV,https://stream1.freetv.fun/f23d08ab9faa1d795eb221271a42472d49179d9302eaf4213a137c8555efa8a8.m3u8
Ryan and Friends,https://stream1.freetv.fun/5d9d17d56268811b2e1d730f33bfebad289270d7f9a1791a1a7f260fc00ab8bd.m3u8
Ryan and Friends,https://stream1.freetv.fun/ba006fb3d908ca667b1dd552bf6de04b1864aaa3aee629c7fb0124bbf67f4861.m3u8
Ryan and Friends,https://stream1.freetv.fun/69b09979e090dca5929955538bf6eff5622b4049bb2c0bca55a1c89200a446fb.m3u8
SONY MOVIES[geo-blocked],https://stream1.freetv.fun/85d64c651c714d15fae865c4a0fb874d7446db909dc7705bccfea27954d4d227.ctv
Showtime,https://stream1.freetv.fun/88ca2ae2566cbcda81cede94462d0386e25c4c1828c444e4c6697019fd49e118.m3u8
Showtime,https://stream1.freetv.fun/a4f44945378d889da80b6519d4b824d0a7d8cab5b6dbfe34ecd877b663768248.ctv
Showtime,https://stream1.freetv.fun/7d606e435eb999ae25d85eb4d80b0056f25fd307327efbbbc8e90052cf1e2193.ctv
Showtime,https://stream1.freetv.fun/f146ee03e0d440ffcaba6d22ccb82cd6b211c4d6d0d994c36a81da23597ca374.ctv
Showtime,https://stream1.freetv.fun/4332e600af0de210823f04071b25110380079efb6218bcb4a1034e6472299be0.ctv
Showtime,https://stream1.freetv.fun/24f3a0cb2b558c8bcb53a713895863dbd311a655bef1568207a7b7a8e7a682dd.ctv
Showtime,https://stream1.freetv.fun/fab272b74c422fe721144b8ac7e3df28004eaaa532e84e321a8c76593d15f365.ctv
Showtime,https://stream1.freetv.fun/3c2e2904ba07b0946dd0347e6b7ab19ee99cd34ea59c68a282a3b66a084e509a.ctv
Showtime,https://stream1.freetv.fun/037b612ff230eef95249eb1920721ec184d4c16b59182b678e50de13da2cb1d8.ctv
Showtime[geo-blocked],https://stream1.freetv.fun/2b7cdc6d741a30ef3bcce5980e3f5c4f0e4d8837eac018a91a731a490e7eabc8.m3u8
Showtime,https://stream1.freetv.fun/aa56eced1352eb7d132384f6f29e38eade8e45ee1384765c86865207a67ae29e.m3u8
Showtime,https://stream1.freetv.fun/1f8141e03ea7462aa5a93abef07d80c3a4fef3b8e50fbdc0333811c9e082d171.m3u8
Showtime,https://stream1.freetv.fun/8a1098270518ed2c673ee7073f17aa1b898662de0d966fac40b056b45d925443.m3u8
South Park HD,https://stream1.freetv.fun/43a75bc9f16d3424fb6686dbf2e8658a240b7f44db14d2feb4c3f704672bd185.m3u8
South Park HD,https://stream1.freetv.fun/67a5aad46bdef69d9e9fce9ea0da243a66140dcc62b55d8d1e5b229a99f452e5.m3u8
South Park HD,https://stream1.freetv.fun/40ffe7b8e7fd1a876f2637eb28f91238518e810a3ac3d31fa8cb38e081eb9341.m3u8
South Park HD,https://stream1.freetv.fun/be7208a97e574a040e685fc72fd4e366e9db75c50cf24206966c537fb2ece1bd.m3u8
Spectrum sportsnet,https://stream1.freetv.fun/1d632139c85c46a5d9dccd0a3f9d758b3d47c7c789ec87a254df575a44695187.ctv
Spectrum sportsnet,https://stream1.freetv.fun/e8cfc25d66c5b52fb27e5b25e4a81287ef7bfeaf18150441feaf99cb554f966a.ctv
Spectrum sportsnet,https://stream1.freetv.fun/7e5bb39a2aff3c5954cece18c87608d65d2bf759102b5c96bfdb1d9638dcf5c3.ctv
Spectrum sportsnet,https://stream1.freetv.fun/dd33731451cc687f6f5757d187255d3e2f0da8d44fe5cc0edc4555ccb299e887.ctv
Star Sport 1 USA,https://stream1.freetv.fun/7097723c11e56b715da1796548853f3cc6751ab5d36ea4b9f6f8f227289108c7.m3u8
Star World HD,https://stream1.freetv.fun/b29bded2ac856c75c8a1389301ce715ed51cf9c6946512f9c69ccbe3315ceb32.m3u8
Star World HD,https://stream1.freetv.fun/71058bba10627763c0c832250517c552417e99902ff0ec1866ecffaff400275d.m3u8
Star World HD[geo-blocked],https://stream1.freetv.fun/c0f6a2176e93c80fbbddc378a3dda7a8b7b51931c81eb569527ed1ef4ce3a0ac.ctv
Starz,https://stream1.freetv.fun/eb7e0d29388ea974881aae260448f355f28024f647c9e24c3351338b5e9a3030.m3u8
Starz,https://stream1.freetv.fun/d10c477d747c5cc5dd258912e516d5511b22c55a65bc656a1328fe49779c3b48.ctv
Starz[geo-blocked],https://stream1.freetv.fun/0d647f544c3d3b2ad0facd67e84b5cacd1854ba52fbf0ca13f52664e99a44a71.ctv
Starz,https://stream1.freetv.fun/c5c0356ebbea09dfefea2e8ae60bf327db811e2cc93952b16f35c8963fde3372.m3u8
Starz Cinema,https://stream1.freetv.fun/730a4d582357a894837054353feef3efdae3c1e43d4ef463a572f08fc3de9973.ctv
Starz Cinema,https://stream1.freetv.fun/a45554e0250ca591a25ee35d9be06e2d7e75d048afed2bb49c39f32696687c20.ctv
Starz Cinema,https://stream1.freetv.fun/b214dd3c89262129b2e45f6eab3f3cc430ad6b55c1ecbf0e0cd1c0d6d9d65395.ctv
Starz Cinema,https://stream1.freetv.fun/36ddc486668dc3612aa3b89958ee1f458d5afed3555f38a9f8bd54ae0d6ba6f9.ctv
Starz Cinema[geo-blocked],https://stream1.freetv.fun/806d1e38c76c03089e06fea9c45cd1a2a606d53d4d9bcee43fe92e542da1171c.ctv
Starz Cinema[geo-blocked],https://stream1.freetv.fun/e3af666d62f10e71aec4ca0a26336cfc5c19ce70640847d6ee14b5c1c50c8b96.m3u8
Starz Edge,https://stream1.freetv.fun/2a803e416565ec84b2486565f8490dedb99c45b9c85feefacfc29c1b163d0437.m3u8
Starz Encore,https://stream1.freetv.fun/a7c7247495800369bfa98aa851b8186209d1733dd40da5fa96304dd80987489f.m3u8
Starz Encore,https://stream1.freetv.fun/20a6505c38546585b0afe16937f80676a76d3dd327bea10153632ae12a40d3b7.m3u8
Starz Encore,https://stream1.freetv.fun/c05422c25ea0cca4bda766ac6fa123fcffbb7cad5885417ba8c4a4f7d1ec2faf.ctv
Starz Encore,https://stream1.freetv.fun/10a8e463dfdf6b81c43c47574fa5b02af298209f91f47a78dea5e119a00c0993.ctv
Starz Encore[geo-blocked],https://stream1.freetv.fun/d2a379068d4bbda2b3fa175cf03c341de3c53560eec3bc3adf6004d5952387f6.m3u8
Starz West,https://stream1.freetv.fun/234d142aa042463a728f008fd7fbe548feaf1a962383d6bc6bc845306a63052d.m3u8
Starz West[geo-blocked],https://stream1.freetv.fun/4f03c394418c75a2f8f41de21c35517096572b9560a834289c67f277665bd611.ctv
Starz West[geo-blocked],https://stream1.freetv.fun/a96d38eb1bea0fde6e05aacd88f4f5f3e0f8e6c5fc8a053638ac4d6f1b4ead76.m3u8
Starz West,https://stream1.freetv.fun/4af1091dea846e6fbb582a9499185fc489ebc63d51e118a288e0277593c72a9b.m3u8
Starz West,https://stream1.freetv.fun/1c57631e027267f3d9e0143a1a22f7511e195d5f3c9b95e867640db374a1ccd6.ctv
Syfy HD[geo-blocked],https://stream1.freetv.fun/3d8b1019e4b457ef9a1ca4e6d3aaade31d3d546ffc658729619aac802580ba6d.ctv
Syfy HD,https://stream1.freetv.fun/b34c32c847489dfef28efce7b49f37c82b9ad324fe7d958d559e39409db80795.ctv
Syfy HD,https://stream1.freetv.fun/b6369253ba90b25a4f688b1afcd601f1e2001a69a600c1df29b68c4684329bef.ctv
Syfy HD,https://stream1.freetv.fun/7255bf26a2e292a8bb14be1c55f0c61ec24d8bb7ca696b2fad9a3b2e5eb7d134.m3u8
Syfy HD,https://stream1.freetv.fun/08761cca4c993ad0dfbd3db7856834aafe8e0e495b5ca4833f3034bfbf9bbc43.m3u8
TBS Channel,https://stream1.freetv.fun/3f3de1e011d4f3d6da92063b753813214b561fa4b43061922146ed033dc367b8.m3u8
TBS Channel,https://stream1.freetv.fun/a44cb9da92e7aa7f2dbdc943998b45dcf27da4c83cad1328b3469851e38a43e3.m3u8
TCM USA[geo-blocked],https://stream1.freetv.fun/21e8ec6cabb180bda8fb86e53d51efb88f24e1ad4c3dc4c6935751a91a7b529b.ctv
TCM USA,https://stream1.freetv.fun/cc6fa8e4cae1e6e9bdeb8013686cd6918bf0552d7956566ca7ca7be8543997cf.m3u8
THE FLORIDA CHANNEL,https://stream1.freetv.fun/c8424a0a54df3e25801dae1cf064b1687204fce7be06de0756e3ab7e61f316a8.m3u8
TLC,https://stream1.freetv.fun/cf17940df189a35d3595f920a5ab276f14c6037700fb8f8deb2e940f7df581ea.m3u8
TLC,https://stream1.freetv.fun/c495ff4fad3d9a15e1750b4b7e8b714c6f6f20ed8bb1cc3cf8641b6e7cb46cb7.ctv
TLC,https://stream1.freetv.fun/03a25551d023dbd40fbf487f07dc9ff2362b2289cb456ca2462a418b89856d2c.ctv
TNT[geo-blocked],https://stream1.freetv.fun/11962435650eb3eccacb8f5f1281838adaebfdadb5d3d07c497df0fbd9108fc2.ctv
TNT,https://stream1.freetv.fun/587e0b729b439f3384181b3cac10603b4e22d56fd636aaf5aa8f1cf68dfae156.ctv
TNT,https://stream1.freetv.fun/f0e8d197fba7360d9b0ddedb8c6a6513eed85ea621501c24ea02f9740d48fd56.ctv
TNT,https://stream1.freetv.fun/882bc685fa04beeff426d79c318c560a138f54d78a525ab44ce1a3c45ce6c445.ctv
TRAVEL,https://stream1.freetv.fun/b8006109f4e01ee45e3f7ee590f5688def62d99e6552ba1a6c523fbb12fa8606.m3u8
TRAVEL,https://stream1.freetv.fun/e72d11e4ec6c947a0f5a01b2eb312327597ba0eced461c1f3b5e087cb00a182e.m3u8
TRAVEL,https://stream1.freetv.fun/c9c341cec585f51e2612eefd1712766d9839cd1520112f8736906146d105cd91.m3u8
TRAVEL,https://stream1.freetv.fun/7fdce373d3907fb48765a20d8c28b3af43e41793e288c3541f82aa39b9685a92.m3u8
TRAVEL,https://stream1.freetv.fun/956951256885ecc9bce562bc61aa5040faebdd776fc6ad85bbd69c9d63ba15fb.m3u8
TRAVEL[geo-blocked],https://stream1.freetv.fun/a83ed189aa7e821f476c93688f9dfa764e578223873f44578142200540383f18.m3u8
TRAVEL,https://stream1.freetv.fun/99b8a39c692cb8d2f0c51af5808394c724121ed539364c6b4a66e1c0f731732e.m3u8
TRAVEL,https://stream1.freetv.fun/f76124a950e1e72b1cc8a2facd0ac76b720e91c7d5014d980e082ebdcd743e18.m3u8
TRAVEL,https://stream1.freetv.fun/c102d77dc6908baaa194c366c0213671abb522fa1d233266549a6a5143c8658f.m3u8
TRAVEL,https://stream1.freetv.fun/97345544f789789c544d8b7f8db8d0c14440d3c37c0478f4934890cfd715006e.m3u8
TRAVEL,https://stream1.freetv.fun/15dde2b0020dcbf089ed1e88220795d10af9e79bba24004efdcf1572f92b46a2.ctv
TSN 1  (USA),https://stream1.freetv.fun/651d81398cde1978123817ebcbf884a3457f58a3419ffa23f0ec1c2989416014.ctv
TSN 1  (USA),https://stream1.freetv.fun/5fb12a77388453af0a8faf322c2a2810adc467f636534f6bb30ca84384633ff5.ctv
TSN 1  (USA),https://stream1.freetv.fun/a7ab166f7102d6f06bb953602dc26123d234d6f8b0438864b12e7d3e7b8127a1.ctv
TSN 1  (USA),https://stream1.freetv.fun/19b51849c08418ce3b6e2a6917088e39ace36d4fa4eb19acd9f3116b8b035f90.ctv
TSN 1  (USA),https://stream1.freetv.fun/bb91c419ef1e4db5884b15cec1e5bc35d663f617cea98a8f771319adc5f7ef95.m3u8
TSN 1  (USA)[geo-blocked],https://stream1.freetv.fun/3944b03de594fef27864f083f6a7439d74e53f88c1e886ece8eaf88582253e8a.ctv
TSN 2  (USA),https://stream1.freetv.fun/417d2603b7918b3eb0a036f967d6a80eeb6ade60087c1cbcfdf4d6e6a0613d1a.ctv
TSN 2  (USA),https://stream1.freetv.fun/c3963142fd762b6507def92da373b91118e4c0380d901b661df38f09bdef3f6a.ctv
TSN 2  (USA)[geo-blocked],https://stream1.freetv.fun/d5e24d9e5de0114dde00f20d2be61403e967c68aac057801cb16cdf9a2f82bb4.ctv
TSN 2  (USA),https://stream1.freetv.fun/2bceea46e988c34254505864fdde0b665f51b4602f34346552ff7f3a36771ae5.m3u8
TSN4(USA),https://stream1.freetv.fun/d432aa3763419e54073acbc1ee0a578ac0fc705d87d4f994f014a3c39b84b253.m3u8
TSN4(USA)[geo-blocked],https://stream1.freetv.fun/3665161d2617ebd53225e84dc1fcbb0ed732024a7d192d6b08d0c3094efdf751.ctv
Telemundo,https://stream1.freetv.fun/7b56fd587f8ba85a387d8845934ead9066c4016c951403982a549443e03bdc61.m3u8
Telemundo,https://stream1.freetv.fun/a94b1f261e8af991cae37f9ded4aab05c5aff0743c4f24affca7bae12d63c6e3.m3u8
Telemundo,https://stream1.freetv.fun/ab40c39af5d44f165e554df92842c137659fb556b0567637dbf11d1dd166340a.m3u8
Telemundo,https://stream1.freetv.fun/b8ab2d69073a5f4f021f5fd01cad12a792fa75938ba7b2d8bd3383cdaaa97524.m3u8
Telemundo,https://stream1.freetv.fun/cd1a965392baf32afbce482c03ef388cd9cb6700e44f9973141fa4d17ef4e985.m3u8
Telemundo,https://stream1.freetv.fun/f972b335f3c7f634bfb76a92619dbb4d6b74218c348fa33a5c2d78f62f4f6feb.m3u8
Telemundo[geo-blocked],https://stream1.freetv.fun/83620a0c3fea73c027672c7f5a980991b41a0d3655694c7aa634960dabf5d7e7.m3u8
Tennis,https://stream1.freetv.fun/8c1ec7196514ea50c64699f27aa4995faf94d8e4f4faead9c9a77602036fd14d.m3u8
Tennis[geo-blocked],https://stream1.freetv.fun/bc8e677b989138570a53fe050530f53e5f9908e6b43befdd7ac1bf0c51aa2968.ctv
The CW Network[geo-blocked],https://stream1.freetv.fun/45aeb43fdc7a049c5ec222c04145c8b4360fdb25aa32b7cdc39044193ae5dea2.m3u8
The CW Network[geo-blocked],https://stream1.freetv.fun/4478978c6af56912570eb09fa817093860169d5d75eecab7b0d134f75e430d59.m3u8
The CW Network,https://stream1.freetv.fun/32001bd1a80b3e6c499fc9a27727eee75f2e0e16252a1c95c2497fd1c5f1a750.m3u8
The CW Network[geo-blocked],https://stream1.freetv.fun/a9b87b8ad9c6a0faa2ad450fed4d9fcf298f52e5f3ec85af62d5b686305a4582.m3u8
The CW Network,https://stream1.freetv.fun/b89bf6bd69adef9bd55851d0a02e7e4e27628aa2e35471f1e5cea4d6b26cc238.m3u8
The Country Network,https://stream1.freetv.fun/f0ad1c79056747c635f8e0b1520d8d3d7860b9dfb2fc1f47ffff6c96d44ff7a2.m3u8
The Movies[geo-blocked],https://stream1.freetv.fun/48f1f6436220ea3a08255503fdab1af646b55feae5ad6fc7cfeda41d93ceb95e.ctv
The Weather Channel[geo-blocked],https://stream1.freetv.fun/274e9f9b1002451e94c18288ac9a6609b8dfa9f49b54b67ef5814ebe6ca88de5.m3u8
Toon Goggles,https://stream1.freetv.fun/a887a40f03a6c6aef08ff739989d93fa03570cb4c545d037c5fa92efa766add5.m3u8
Tooncast,https://stream1.freetv.fun/bf3fc195f98c71679186b7adc2a56f77dbc6566e88a4a49fc7e15ced737315fa.ctv
Travel Channel[geo-blocked],https://stream1.freetv.fun/8ebbc5a42d4af9a68fd3643a8fba4b3667e87201a8d3624fad130ae686dcc099.ctv
UFC TV,https://stream1.freetv.fun/5f58b2c4942f68f3e1be44d58d9b1917ae8453bb8f2dd68b38d2615b222ba02d.m3u8
UFC TV[geo-blocked],https://stream1.freetv.fun/201fd9427f5a742ec3c52b81fca991451983c12b2407495d778e18a0f4582ea0.m3u8
UFC TV,https://stream1.freetv.fun/7a4d1fd8d0f626ec8b221c1f83e3c678a7ba166aed884873b72b7d65eab2507f.m3u8
UNIVERSAL HD,https://stream1.freetv.fun/87aef80bed58f8e264eb5517b6514ccc06d0851e1c0d985523680736fcbe4546.m3u8
UNIVERSAL HD,https://stream1.freetv.fun/fc8d4939f39935ba2a41c116dfc72ba11adafc890d51f2c323f750182e486161.m3u8
UNIVERSAL TV,https://stream1.freetv.fun/58b105fb4d7e5d81fbec988ac089d249a529babca838e3419eee4bafb87a309c.m3u8
UNIVERSAL TV,https://stream1.freetv.fun/fd133431ece442f6b55e0158511921d2d50161dc130560c32203cb4bb1f013e5.m3u8
UNIVERSAL TV,https://stream1.freetv.fun/4f6f0f42c66c5aabdef872872a0d438881e5ffed94e0a1ee828cb79437462241.m3u8
UNIVERSAL TV,https://stream1.freetv.fun/91e120e053119110948c51b571b07b62f3acdd8a6a8bf1a6dbdd6cbf8764642c.m3u8
UNIVERSAL TV,https://stream1.freetv.fun/d93aee183fc6fc7e1a51b38dd2a91890fba3700e8632a877b7024480f509d246.ctv
UNIVERSAL TV,https://stream1.freetv.fun/9d9b3248aff1e7e8f6545f761fd620db99628d6d38e8a60f9e5a0107f793a746.m3u8
UNIVERSAL TV,https://stream1.freetv.fun/087894e429743aab74db7ff16165224c89abe33b414f59fc61fd5faf38d187b3.m3u8
USA Network,https://stream1.freetv.fun/c799ecb6c008eec3e46c63c70e5e2ba760e814b701af98ed1a96d2a858ba30b4.m3u8
USA Network,https://stream1.freetv.fun/2d56421c14dcfc1b365afdf94df0b563a08ad12b0e26d8f9214c46087cc6af88.ctv
USA Network,https://stream1.freetv.fun/3b7f684cbfc395230292a648a344b8adc093abb8f03c2daac4c4d4dfe887c533.ctv
USA Network[geo-blocked],https://stream1.freetv.fun/e0a2db458ea08345985ada0ff1ab9a86e8fc958a2310b1b6fbc464dc4b45b137.ctv
Unbeaten Esports,https://stream1.freetv.fun/0d0a66bccbadee1e2b3a74562d6c66a4a157e42715231e2d304f2b8f1fd3ea59.m3u8
Universal Kids[geo-blocked],https://stream1.freetv.fun/6d5a54e99f0208a4ff655486cfa82cb325be5289b1595b48509af94e45ff45b0.ctv
VEVO 1[geo-blocked],https://stream1.freetv.fun/e0a17504232d669ca857f936e3b25faed0503c49a105dfd780c263b4b24967cd.m3u8
VEVO 1[geo-blocked],https://stream1.freetv.fun/141b8745db9063a5c687dd3c78fa93ac44f3bd66f0c93955b75467f401f5eeb3.m3u8
VEVO 1,https://stream1.freetv.fun/901fddea09caee60fbaf6524c8b5d61f2a6f73eeab5a69906fca50b8379bb876.m3u8
VEVO 1[geo-blocked],https://stream1.freetv.fun/eb66cea14279d116b71ed79e86a092787977aee284cfad27a0f3e5716aa803cb.m3u8
VEVO 1,https://stream1.freetv.fun/4fb39444b6552018b5c439c29b92b39c8fe39944b41e612c06cc4668f5b29574.m3u8
VEVO 1,https://stream1.freetv.fun/bcb739b0f1d23eb3c5cad1064871d0d77ae46a4778d9dfd3e12eb5adff51b592.m3u8
VEVO 1,https://stream1.freetv.fun/5047d57c58e25606187d25d763a8df9deb5ba0c0c23d69b5102e787360ee3a8c.m3u8
VEVO 1[geo-blocked],https://stream1.freetv.fun/fd0989fb4cda3f9dbada23744548c86c64fb3e7061af8e58cfe9fe0626f04b49.m3u8
VEVO 1,https://stream1.freetv.fun/544db58d452675ddeddd6498eea2d761cb16b5ee084cab10a5f18ff4196910c7.m3u8
VEVO 1,https://stream1.freetv.fun/0881e4c5cc3842aa14e9433c88f722ba21f845a79b9659148145cb4861d7a111.m3u8
VEVO 1,https://stream1.freetv.fun/45cae3048c346923b46cd702b808fda6f4a8f3d6e62cd2eaede47e1d4f7b6aca.m3u8
VEVO 1,https://stream1.freetv.fun/e8ca445b80c6cb940c07a4253f4fc58a6706f39027bc06c5ceded62feb6fd935.m3u8
VEVO 1,https://stream1.freetv.fun/50baa2773c9441e5c73bb88796a5019048eb3ad2449d358c9b01286a532b1ea8.m3u8
VEVO 1,https://stream1.freetv.fun/bd671503d73b61c9c71a5b1719fe35257b56b623697018817e916c07925b2cd7.m3u8
VEVO 1,https://stream1.freetv.fun/83f50163e9920312157edf66f2782be516490e14f93238c0af4c1f345440b510.m3u8
VEVO 1,https://stream1.freetv.fun/b9ecf971a619f60d81b2978ee4e18672c5b170bc2e341ca197c296ac4040575b.m3u8
VEVO 2,https://stream1.freetv.fun/1285299fa4fe447188e0af72a6d7eceb70e40d1d2a6b5ad08b3f906eca6eb931.m3u8
VH1,https://stream1.freetv.fun/03feb7c7e2deedc51849e08883ceb9be11f2b579bc049249d3cba70acfd276bb.m3u8
VOA Persian,https://stream1.freetv.fun/a8977ef9574b09dde783204338d4c97c27e6d541e7010d9e1bc6f7b13fd3ad9b.m3u8
Visual Radio TV,https://stream1.freetv.fun/5a6474322287d99441abd5072a3b16c6e77f36af1ecba47f23adfcdad56362a5.m3u8
Visual Radio TV,https://stream1.freetv.fun/126e624790343c0caceb3e831ca05e7d868ceeeb638f22ca500ab510f1714584.m3u8
WGN,https://stream1.freetv.fun/64b85af042c611b6c45ce5cdd87e6c03aebcebfc6b0e76a7adc40814b3358eae.m3u8
WNBC TV,https://stream1.freetv.fun/faa1050b26e685a2b2e23f36c1dbd5734edf9a4ab9d91f6668dfa3a58b11e600.m3u8
WNBC TV,https://stream1.freetv.fun/a2f14f91b4350c00cb4198293d1ea3de99304d56a775d5d1f2dce496c5260ce0.m3u8
Warner TV(USA),https://stream1.freetv.fun/e185ecaa30f6611ed66f08d0e3f6c376e12a74e2a629b4a5fafcb3cee8a1a81e.m3u8
Warner TV(USA)[geo-blocked],https://stream1.freetv.fun/0df37023cfe60f822cd83fd07ff3f4def4772d88e83d369fb3fd341d2e8f0da8.ctv
Warner TV(USA)[geo-blocked],https://stream1.freetv.fun/dc5431599c03200ab678cc6a370994534bfbeaf1207aea37bcf6d9da8f161079.ctv
Warner TV(USA),https://stream1.freetv.fun/e6a7b3afc7ae8ee316eb1fee24f7734e9136e3c8574747b4ecd97772469cd646.ctv
WeatherNation TV[geo-blocked],https://stream1.freetv.fun/65ebff51652c5dfb3b68aa39ee97cf49154b8f6581b3cbf5bdfe29e152d1a1f2.m3u8
WeatherNation TV[geo-blocked],https://stream1.freetv.fun/d812d2dd4113cbb4935aab9717552b49a7bd2d7220db78ed94e1ed8a9b56e58d.m3u8
Wild N Out,https://stream1.freetv.fun/387fe5d4749559ac35d2ca90df362910ad001185faf2331b207027b0009adadc.m3u8
Willow HD,https://stream1.freetv.fun/4be032a626b599cf4a405ea99599998e1cda86e55381a142bc8998f5f9a21fb8.m3u8
World Poker Tour[geo-blocked],https://stream1.freetv.fun/4e3c0e32b641962e7080f5635787ec2255f51601a11525d536585a55714630cf.m3u8
World Poker Tour[geo-blocked],https://stream1.freetv.fun/3b757bb7f0b544d34154ab5dbc729f55483faebf2adbc0e1aeba5c81379caf27.m3u8
World Poker Tour[geo-blocked],https://stream1.freetv.fun/eeb7ecc3e4325e4d4e183e176760bcbd3507524ba69ff0b32892b506d18bb7c1.m3u8
World Poker Tour[geo-blocked],https://stream1.freetv.fun/119e7d1e6c062609a320f731a9509416c1d6b9e36de3e8df38b27187719a99e1.m3u8
World Poker Tour,https://stream1.freetv.fun/a86d97690aabb3409a3cfa56083e7619e9023eb9a0b54a0583a029fd223b0ab9.ctv
World Poker Tour,https://stream1.freetv.fun/d283f752c51b5b9daa2be1abb8187c751a24e796883a875684a6eb031db2b53d.ctv
World Poker Tour,https://stream1.freetv.fun/137d0db4e343aec5fe58c118ba945a369896aeca74fe589ea47d60677d6ce531.m3u8
World Poker Tour,https://stream1.freetv.fun/f2480ed8168568dda759c95a56209bcc7cff18a20db3fa9b4ac40ad7881956ff.m3u8
World Poker Tour,https://stream1.freetv.fun/b7610ed6a6f48037aff8746b80517ab20ad85579c03cb1be672046afa3584aa7.m3u8
World Poker Tour,https://stream1.freetv.fun/3854be125a50f19e4bf3fc12f33a38b91f9a2866a0364ed3d3000b34a26d42cd.m3u8
YES TV,https://stream1.freetv.fun/cb5d1c4633d2446b914114bc31cf8bb25697a00aac428eb17131929586928049.m3u8
aMazing[geo-blocked],https://stream1.freetv.fun/b3ac91c271a37139e21f5cdfaa531a45c1487a017ce5ac7add0b87ef9b881ec1.ctv
aMazing,https://stream1.freetv.fun/5eb771f403ea08c03d5df83b781f53407d3800e8fbdb60087465cc5656894303.m3u8
cartoons 4U,https://stream1.freetv.fun/4c672834163b6ebb8293c1ed50894606ea7f253c8432caacd89f0d5f678d36ec.m3u8
we hd,https://stream1.freetv.fun/cd146de769dc1b402cea34d9af1f265a347c970de2769fe0618a88112d1704d6.m3u8
動物星球[geo-blocked],https://stream1.freetv.fun/6a5b45d9bed0f15fc422c638b0590e7c6c5be401d81af72dc3d101c92df5bcfc.m3u8
動物星球,https://stream1.freetv.fun/a4a06a378061b633cfc4903f03b366c54b117d21c23a61c7e53af0b988134b03.m3u8
動物星球,https://stream1.freetv.fun/532dc638db010ae20b5c13c38daed7eb79907ab20ffebbf47bab0bc4e36d31e0.m3u8
動物星球,https://stream1.freetv.fun/07c4f561b1265c6c9133d097d4d2d12d389c7c39fda97f3fd3270f08fda5596d.m3u8
動物星球[geo-blocked],https://stream1.freetv.fun/9bf95ff0c2d96b2b1b33864ffdb3b9df21e1bccce60b35d6011498af7804dc6e.ctv
動物星球,https://stream1.freetv.fun/6179141cb901f3cc49d1eaecc404c513795e3bfd1edabbcb151c330e4c6250a9.ctv
國家地理,https://stream1.freetv.fun/e33d640192021d78f168076df68ee473c0cb68782fcc5c8983775347c9de5eb6.m3u8
國家地理野生HD,https://stream1.freetv.fun/ab85372a32e9ab97dbcdaa582fcbd8c72f6b43a7d3a5925531489dfc08884d64.m3u8
探索動力[geo-blocked],https://stream1.freetv.fun/36145242470be81d17f69981c885d56b9dfb03218cbd0fce596ab52d59ef4696.ctv
華語電視,https://stream1.freetv.fun/298e7d6961c0bd62835d3e9f757c24510ffc5afc285f1a5d03f195c5392f29b6.m3u8
華語電視,https://stream1.freetv.fun/c57bfae603e26a255e97bbd08cf9a03cd5f7c49e828d7cccd3af7658afd1e679.m3u8
BBC Three,https://stream1.freetv.fun/bbc-three-1.m3u8
Gold TV HD,https://stream1.freetv.fun/gold-tv-2.m3u8
ITV2,https://stream1.freetv.fun/itv2-1.ctv
ITV2,https://stream1.freetv.fun/itv2-3.ctv
ITV2[geo-blocked],https://stream1.freetv.fun/itv2-2.m3u8
ITV3[geo-blocked],https://stream1.freetv.fun/itv3-3.m3u8
Kiss TV,https://stream1.freetv.fun/kiss-kiss-tv-1.m3u8
Kiss TV,https://stream1.freetv.fun/kiss-kiss-tv-2.m3u8
Pop UK,https://stream1.freetv.fun/pop-uk-2.ctv
Pop UK,https://stream1.freetv.fun/pop-uk-3.ctv
Pop UK,https://stream1.freetv.fun/pop-uk-1.ctv
Spirit TV,https://stream1.freetv.fun/spirit-tv-1.m3u8
Spirit TV,https://stream1.freetv.fun/spirit-tv-2.m3u8
Spirit TV,https://stream1.freetv.fun/team-spirit-1.m3u8
Tiny Pop UK,https://stream1.freetv.fun/tiny-pop-3.m3u8
VH1 Classic,https://stream1.freetv.fun/mtv-classic-2.m3u8
VH1 Classic,https://stream1.freetv.fun/mtv-classic-3.m3u8
heart tv,https://stream1.freetv.fun/heartfelt-tv-1.m3u8
Generic,#genre#
5USA UK[geo-blocked],https://stream1.freetv.fun/5usa-uk--s-1.m3u8
BBC 1,https://stream1.freetv.fun/bbc-1-uk--1-1.m3u8
BBC 1[geo-blocked],https://stream1.freetv.fun/bbc-1--s-1.m3u8
BBC 4 (UK)[geo-blocked],https://stream1.freetv.fun/bbc-4---s-1.m3u8
BBC America,https://stream1.freetv.fun/bbc-america-east-1.m3u8
BBC America,https://stream1.freetv.fun/bbc-america-east-2.m3u8
BBC America,https://stream1.freetv.fun/bbc-america-2.m3u8
BBC America,https://stream1.freetv.fun/bbc-america-1.ctv
BBC America,https://stream1.freetv.fun/bbc-america-3.ctv
BBC Four,https://stream1.freetv.fun/bbc-four-uk-1.m3u8
BBC Two HD,https://stream1.freetv.fun/bbc-two-2.m3u8
Discovery Channel  (UK),https://stream1.freetv.fun/discovery-channel-7.ctv
Discovery Channel  (UK),https://stream1.freetv.fun/discovery-channel-19.ctv
Discovery Channel  (UK),https://stream1.freetv.fun/discovery-channel-8.m3u8
History Channel  (UK),https://stream1.freetv.fun/true-history-channel-1.m3u8
History Channel  (UK),https://stream1.freetv.fun/history-channel-4.ctv
ITV 1 (UK)[geo-blocked],https://stream1.freetv.fun/itv1-1.m3u8
ITV 1 (UK),https://stream1.freetv.fun/itv-1--wj-1.ctv
ITV 2 (UK),https://stream1.freetv.fun/di-tv-92-1.m3u8
Iqra TV UK,https://stream1.freetv.fun/iqra-tv-2.m3u8
Nickelodeon  (UK),https://stream1.freetv.fun/nickelodeon-4.m3u8
Nickelodeon  (UK),https://stream1.freetv.fun/nickelodeon-19.m3u8
Nickelodeon  (UK),https://stream1.freetv.fun/nickelodeon-29.m3u8
Nickelodeon  (UK),https://stream1.freetv.fun/nickelodeon-35.m3u8
Nickelodeon  (UK)[geo-blocked],https://stream1.freetv.fun/nickelodeon-australia-1.m3u8
Nickelodeon  (UK),https://stream1.freetv.fun/nickelodeon-36.ctv
Nickelodeon  (UK),https://stream1.freetv.fun/nickelodeon-21.ctv
Nickelodeon  (UK),https://stream1.freetv.fun/nickelodeon-34.ctv
Nickelodeon  (UK)[geo-blocked],https://stream1.freetv.fun/nickelodeon-11.ctv
Nickelodeon  (UK)[geo-blocked],https://stream1.freetv.fun/nickelodeon--s-1.m3u8
Nickelodeon  (UK)[geo-blocked],https://stream1.freetv.fun/nickelodeon--kt-1.ctv
Nickelodeon  (UK),https://stream1.freetv.fun/nickelodeon--wj-1.ctv
Sky Movies Drama & Romance  (UK)[geo-blocked],https://stream1.freetv.fun/sky-movies-drama-romance-3.ctv
Sky Movies Scifi HD (UK)[geo-blocked],https://stream1.freetv.fun/sky-movies-scifi---s-1.m3u8
Sky Movies Thriller HD  (UK),https://stream1.freetv.fun/mbc-movies-thriller-1.m3u8
Kids,#genre#
BBC 3[geo-blocked],https://stream1.freetv.fun/bbc-3--s-1.m3u8
BBC CBeebies[geo-blocked],https://stream1.freetv.fun/bbc-cbeebies-3.ctv
BBC CBeebies[geo-blocked],https://stream1.freetv.fun/bbc-cbeebies--s-1.m3u8
BBC CBeebies[geo-blocked],https://stream1.freetv.fun/cbeebies--kt-1.ctv
BBC CBeebies[geo-blocked],https://stream1.freetv.fun/cbeebies-3.m3u8
CBBC[geo-blocked],https://stream1.freetv.fun/cbbc-1.m3u8
Nick Toons UK[geo-blocked],https://stream1.freetv.fun/nick-toons-uk-1.ctv
Knowledge,#genre#
DMAX,https://stream1.freetv.fun/dmax-8.m3u8
DMAX,https://stream1.freetv.fun/dmax-9.m3u8
Discovery Channel UK[geo-blocked],https://stream1.freetv.fun/discovery-channel-uk-1.ctv
Discovery Turbo UK,https://stream1.freetv.fun/discovery-turbo-11.ctv
Discovery Turbo UK[geo-blocked],https://stream1.freetv.fun/discovery-turbo-uk-3.ctv
Green TV,https://stream1.freetv.fun/genb-tv-1.m3u8
Nat Geo Wild UK,https://stream1.freetv.fun/natgeo-wild--kt-1.ctv
Sky Nature,https://stream1.freetv.fun/pbs-nature-1.m3u8
Movies,#genre#
Film4 UK,https://stream1.freetv.fun/film4-uk-3.ctv
Film4 UK,https://stream1.freetv.fun/film4-uk-2.ctv
Film4 UK,https://stream1.freetv.fun/film4-uk-1.ctv
Great Movies,https://stream1.freetv.fun/great--movies-1.m3u8
ION,https://stream1.freetv.fun/wion-2.m3u8
Movies 24 UK,https://stream1.freetv.fun/24-hour-free-movies-2.m3u8
SKY Cinema Select[geo-blocked],https://stream1.freetv.fun/sky-cinema-select--s-1.m3u8
SKY Cinema Thriller[geo-blocked],https://stream1.freetv.fun/sky-cinema-thriller--s-1.m3u8
Showcase UK,https://stream1.freetv.fun/classic-arts-showcase-1.m3u8
Sky Cinema,https://stream1.freetv.fun/sky-cinema-action-4.ctv
Sky Cinema,https://stream1.freetv.fun/sky-cinema-action-3.ctv
Sky Cinema Action[geo-blocked],https://stream1.freetv.fun/sky-cinema-action--s-1.m3u8
Sky Classics,https://stream1.freetv.fun/top-rank-classics-1.m3u8
Sky Classics,https://stream1.freetv.fun/stashtv-the-classics-1.m3u8
Sky Classics,https://stream1.freetv.fun/cartoon-classics-1.m3u8
Sky Classics,https://stream1.freetv.fun/cinevault-classics-1.m3u8
Sky Classics,https://stream1.freetv.fun/samuel-goldwyn-classics-1.m3u8
Sky Classics,https://stream1.freetv.fun/top-rank-classics-2.m3u8
Sky Classics,https://stream1.freetv.fun/black-classics-1.m3u8
Sky Classics,https://stream1.freetv.fun/music-classics-1.m3u8
Sky Comedy,https://stream1.freetv.fun/sky-comedy-3.ctv
Sky Comedy,https://stream1.freetv.fun/sky-comedy-1.ctv
Sky Comedy[geo-blocked],https://stream1.freetv.fun/comedy--s-1.m3u8
Sky Movies Drama & Romance HD UK[geo-blocked],https://stream1.freetv.fun/sky-movies-drama-romance-uk-2.ctv
Sky Movies Drama & Romance HD UK,https://stream1.freetv.fun/sky-movies-drama-romance-uk-1.ctv
Sky Movies HD Sci-Fi & Horror UK,https://stream1.freetv.fun/sky-movies-sci-fi-horror-uk-1.ctv
Sky Movies HD Sci-Fi & Horror UK,https://stream1.freetv.fun/sky-movies-sci-fi-horror-uk-2.ctv
Sky Movies HD Sci-Fi & Horror UK[geo-blocked],https://stream1.freetv.fun/sky-movies-sci-fi-horror-uk-3.ctv
Sky Movies Premiere HD UK[geo-blocked],https://stream1.freetv.fun/sky-movies-premiere-uk--s-1.m3u8
Music,#genre#
MTV Base[geo-blocked],https://stream1.freetv.fun/mtv-base--s-1.m3u8
MTV UK,https://stream1.freetv.fun/mtv-uk-7.ctv
News,#genre#
BBC HD[geo-blocked],https://stream1.freetv.fun/bbc-1.m3u8
BBC HD,https://stream1.freetv.fun/bbc-4.m3u8
BBC HD,https://stream1.freetv.fun/bbc-2.m3u8
BBC HD[geo-blocked],https://stream1.freetv.fun/bbc-3.m3u8
BBC News HD,https://stream1.freetv.fun/bbc-news-7.ctv
BBC News HD[geo-blocked],https://stream1.freetv.fun/bbc-news-8.m3u8
BBC News HD[geo-blocked],https://stream1.freetv.fun/bbc-news-9.m3u8
BBC News HD,https://stream1.freetv.fun/bbc-news-12.m3u8
BBC News HD,https://stream1.freetv.fun/bbc-news-3.m3u8
BBC News HD UK,https://stream1.freetv.fun/bbc-news--kt-1.ctv
BBC Parliament[geo-blocked],https://stream1.freetv.fun/bbc-parliament-1.m3u8
BBC World News[geo-blocked],https://stream1.freetv.fun/bbc-world-news-7.ctv
BBC World News,https://stream1.freetv.fun/bbc-world-news--wj-1.ctv
BBC World News,https://stream1.freetv.fun/bbc-world-news--wj-2.ctv
BBC World News[geo-blocked],https://stream1.freetv.fun/bbc-world-news-4.m3u8
Euronews English,https://stream1.freetv.fun/euronews-english-1.m3u8
Reuters News,https://stream1.freetv.fun/reuters-1.m3u8
SKY NEWS HD,https://stream1.freetv.fun/sky-news-8.m3u8
SKY NEWS HD,https://stream1.freetv.fun/sky-news-12.m3u8
SKY NEWS HD,https://stream1.freetv.fun/sky-news-9.m3u8
Sky News FHD,https://stream1.freetv.fun/sky-news--wj-1.ctv
Sky News UK[geo-blocked],https://stream1.freetv.fun/sky-news--kt-1.ctv
Other,#genre#
Bridge TV Classic,https://stream1.freetv.fun/bridge-classic-1.m3u8
Bridge TV Classic,https://stream1.freetv.fun/bridge-tv-classic-1.m3u8
Bridge TV Classic,https://stream1.freetv.fun/classic-tv-1.m3u8
ISLAM CHANNEL,https://stream1.freetv.fun/islam-channel-urdu-1.m3u8
ISLAM CHANNEL,https://stream1.freetv.fun/islam-channel-1.m3u8
Viva,https://stream1.freetv.fun/viva-2.ctv
Sports,#genre#
Chelsea TV[geo-blocked],https://stream1.freetv.fun/chelsea-tv-1.m3u8
Football UK[geo-blocked],https://stream1.freetv.fun/true-premiere-football-2-1.m3u8
Football UK[geo-blocked],https://stream1.freetv.fun/true-premiere-football-1-1.m3u8
Football UK[geo-blocked],https://stream1.freetv.fun/true-premiere-football-4-1.m3u8
Football UK,https://stream1.freetv.fun/football-1.m3u8
Football UK,https://stream1.freetv.fun/on-football-2.m3u8
Football UK[geo-blocked],https://stream1.freetv.fun/astro-football--s-1.m3u8
Football UK[geo-blocked],https://stream1.freetv.fun/astro-football--kt-1.ctv
Football UK,https://stream1.freetv.fun/astro-football--kt-2.ctv
Football UK,https://stream1.freetv.fun/bleav-football-1.m3u8
Horse&Country,https://stream1.freetv.fun/horse-and-country-1.m3u8
Horse&Country,https://stream1.freetv.fun/horse-and-country-2.m3u8
Horse&Country,https://stream1.freetv.fun/horse-and-country-free-1.m3u8
ITV,https://stream1.freetv.fun/itv-5.m3u8
ITV,https://stream1.freetv.fun/itv-2.m3u8
ITV4[geo-blocked],https://stream1.freetv.fun/itv4-2.m3u8
MUTV[geo-blocked],https://stream1.freetv.fun/mutv-2.m3u8
Racing UK,https://stream1.freetv.fun/equidia-racing-trot-1.m3u8
Racing UK,https://stream1.freetv.fun/racing-uk-2.ctv
Racing UK,https://stream1.freetv.fun/racing-uk-3.ctv
Racing UK,https://stream1.freetv.fun/equidia-racing-1-1.m3u8
Racing UK,https://stream1.freetv.fun/equidia-racing-galop-1.m3u8
Racing UK,https://stream1.freetv.fun/equidia-racing-mag-1.m3u8
Red Bull TV[geo-blocked],https://stream1.freetv.fun/red-bull-tv-5.m3u8
Red Bull TV,https://stream1.freetv.fun/hong-niu-redbull-tv-1.m3u8
Red Bull TV,https://stream1.freetv.fun/red-bull-tv-2.m3u8
Red Bull TV[geo-blocked],https://stream1.freetv.fun/red-bull-tv-4.m3u8
Red Bull TV[geo-blocked],https://stream1.freetv.fun/red-bull-tv-germany-1.m3u8
SKY Sports MIX,https://stream1.freetv.fun/skysports-mix--wj-1.ctv
SKY Sports MIX,https://stream1.freetv.fun/sky-sports-mix-1.m3u8
SKY Sports MIX,https://stream1.freetv.fun/sky-sports-mix-2.m3u8
Sky Sports Cricket,https://stream1.freetv.fun/skysports-cricket--wj-1.ctv
Sky Sports F1,https://stream1.freetv.fun/sky-sports-f1-3.ctv
Sky Sports F1,https://stream1.freetv.fun/skysports-f1--wj-1.ctv
Sky Sports Golf,https://stream1.freetv.fun/sky-sports-golf-1.ctv
Sky Sports Golf,https://stream1.freetv.fun/sky-sports-golf-3.ctv
Sky Sports Golf,https://stream1.freetv.fun/skysports-golf--wj-1.ctv
Sky Sports Main Event,https://stream1.freetv.fun/skysports-main-event--wj-1.ctv
Sky Sports Main Event,https://stream1.freetv.fun/sky-sports-main-event-4.ctv
Sky Sports NFL,https://stream1.freetv.fun/sky-sport5-nz-1.ctv
Sky Sports NFL,https://stream1.freetv.fun/sky-sport1-nz-1.ctv
Sky Sports NFL,https://stream1.freetv.fun/sky-sport4-nz-1.ctv
Sky Sports NFL,https://stream1.freetv.fun/sky-sport6-nz-1.ctv
Sky Sports NFL,https://stream1.freetv.fun/sky-sport3-nz-1.ctv
Sky Sports News,https://stream1.freetv.fun/on-sports-news-1.m3u8
Sky Sports PL FHD,https://stream1.freetv.fun/skysports-epl--wj-1.ctv
Sky Sports Tennis,https://stream1.freetv.fun/sky-sports-tennis-1.m3u8
TNT Sports 3,https://stream1.freetv.fun/tnt-sports-3-1.ctv


https://live-news-manifest.tubi.video/live-news-manifest/csm/extlive/tubiprd01,Cloudfront-WLWT.m3u8